customerID,gender,SeniorCitizen,Partner,Dependents,tenure,PhoneService,MultipleLines,InternetService,OnlineSecurity,OnlineBackup,DeviceProtection,TechSupport,StreamingTV,StreamingMovies,Contract,PaperlessBilling,PaymentMethod,MonthlyCharges,TotalCharges,Churn
7000-GDMOK,Male,0,No,No,29,Yes,No,DSL,No,No,No,No,No,No,Two year,Yes,Mailed check,41.06,1114.25,No
7001-HMEGJ,Female,1,No,No,20,Yes,No,DSL,No,Yes,Yes,Yes,No,No,Month-to-month,Yes,Electronic check,41.83,819.31,No
7002-CGKKH,Male,0,Yes,No,3,Yes,Yes,DSL,Yes,Yes,No,No,No,No,Two year,No,Mailed check,71.53,244.51,No
7003-EDHHC,Male,0,No,No,50,Yes,Yes,No,No internet service,No internet service,No internet service,No internet service,No internet service,No internet service,One year,Yes,Mailed check,26.37,1306.3,No
7004-FEBHL,Male,0,No,No,9,No,No phone service,No,No internet service,No internet service,No internet service,No internet service,No internet service,No internet service,Month-to-month,No,Credit card (automatic),18.0,171.17,No
7005-NFBPL,Male,0,Yes,No,66,Yes,Yes,Fiber optic,No,No,No,No,No,Yes,Month-to-month,No,Bank transfer (automatic),72.47,4654.45,No
7006-EALJF,Male,0,Yes,No,10,No,No phone service,Fiber optic,No,Yes,No,Yes,No,No,One year,Yes,Mailed check,76.18,776.69,No
7007-MLIAK,Female,1,Yes,No,3,Yes,No,DSL,No,No,Yes,No,Yes,Yes,Month-to-month,Yes,Electronic check,59.5,233.9,Yes
7008-KOJPL,Male,0,Yes,No,43,Yes,No,DSL,No,Yes,Yes,Yes,Yes,Yes,Month-to-month,Yes,Credit card (automatic),48.71,2059.77,No
7009-LPONN,Male,0,No,No,31,Yes,Yes,DSL,Yes,Yes,No,No,Yes,No,Month-to-month,No,Credit card (automatic),41.74,1321.28,No
7010-ONCLG,Male,0,No,No,30,Yes,Yes,Fiber optic,No,No,Yes,No,No,Yes,One year,Yes,Mailed check,78.83,2371.09,No
7011-DPICE,Male,0,Yes,No,1,Yes,No,DSL,No,No,No,No,Yes,No,Month-to-month,Yes,Bank transfer (automatic),43.13,0.0,No
7012-CGEIG,Female,0,Yes,No,42,Yes,No,No,No internet service,No internet service,No internet service,No internet service,No internet service,No internet service,Month-to-month,No,Mailed check,18.0,739.91,No
7013-BDILN,Male,0,Yes,No,18,Yes,Yes,No,No internet service,No internet service,No internet service,No internet service,No internet service,No internet service,Two year,Yes,Electronic check,18.0,362.08,No
7014-BJIJE,Male,0,No,No,12,Yes,Yes,No,No internet service,No internet service,No internet service,No internet service,No internet service,No internet service,One year,No,Electronic check,25.39,249.97,No
7015-BDLOL,Male,0,No,No,48,Yes,No,Fiber optic,No,No,No,No,No,No,One year,Yes,Bank transfer (automatic),91.21,4438.73,No
7016-GLMHO,Male,0,No,Yes,21,Yes,No,Fiber optic,No,No,No,No,Yes,Yes,One year,Yes,Bank transfer (automatic),77.88,1708.36,No
7017-CNADB,Female,0,No,No,2,Yes,No,DSL,Yes,No,No,No,No,Yes,Month-to-month,Yes,Credit card (automatic),53.37,78.55,Yes
7018-HDBNF,Female,0,Yes,No,14,Yes,No,Fiber optic,No,No,Yes,No,Yes,No,Two year,Yes,Electronic check,87.62,1242.34,No
7019-FJDFM,Female,1,Yes,Yes,20,No,No phone service,No,No internet service,No internet service,No internet service,No internet service,No internet service,No internet service,Month-to-month,Yes,Mailed check,30.01,629.97,No
7020-OBJLB,Male,0,No,No,45,Yes,No,DSL,No,No,No,No,Yes,No,One year,Yes,Electronic check,51.8,2246.58,No
7021-JNDNO,Female,0,Yes,No,6,Yes,No,DSL,No,No,No,No,No,Yes,Month-to-month,No,Bank transfer (automatic),41.92,267.95,No
7022-POHNG,Female,1,No,Yes,31,No,No phone service,DSL,No,Yes,No,No,Yes,No,Two year,Yes,Electronic check,54.34,1542.41,No
7023-LINHE,Female,0,Yes,Yes,32,Yes,No,No,No internet service,No internet service,No internet service,No internet service,No internet service,No internet service,One year,No,Mailed check,23.06,762.86,No
7024-PMBOE,Female,0,No,No,2,Yes,Yes,DSL,No,No,Yes,Yes,No,No,One year,Yes,Bank transfer (automatic),56.15,47.18,No
7025-HJILL,Female,0,No,No,0,Yes,Yes,No,No internet service,No internet service,No internet service,No internet service,No internet service,No internet service,Two year,Yes,Bank transfer (automatic),21.87,54.09,No
7026-LMIMO,Male,0,No,Yes,17,No,No phone service,DSL,No,No,No,No,No,No,Two year,No,Electronic check,58.06,957.34,No
7027-MAIGI,Female,0,No,No,31,Yes,Yes,No,No internet service,No internet service,No internet service,No internet service,No internet service,No internet service,Month-to-month,No,Electronic check,24.36,725.46,No
7028-HALHH,Female,0,Yes,No,16,Yes,Yes,Fiber optic,No,No,No,No,No,No,Month-to-month,Yes,Electronic check,73.39,1180.34,No
7029-OKCAH,Female,1,No,No,33,Yes,No,DSL,No,Yes,No,No,No,No,One year,No,Bank transfer (automatic),48.96,1580.37,No
7030-CCAKE,Male,0,Yes,No,19,Yes,Yes,Fiber optic,No,No,No,Yes,Yes,Yes,Two year,Yes,Electronic check,80.85,1495.99,No
7031-JGJIL,Male,0,No,Yes,21,No,No phone service,No,No internet service,No internet service,No internet service,No internet service,No internet service,No internet service,Month-to-month,Yes,Electronic check,22.05,521.26,Yes
7032-GIHLB,Female,0,Yes,No,0,Yes,No,Fiber optic,No,No,Yes,Yes,Yes,No,Month-to-month,No,Credit card (automatic),77.17,23.67,No
7033-APGGN,Male,0,No,No,1,Yes,No,Fiber optic,No,No,Yes,Yes,No,No,One year,Yes,Mailed check,75.98,129.87,Yes
7034-HECLH,Male,0,Yes,No,25,Yes,No,DSL,No,No,Yes,No,No,No,Month-to-month,Yes,Mailed check,57.11,1440.81,No
7035-FKCAC,Female,0,Yes,No,28,Yes,No,No,No internet service,No internet service,No internet service,No internet service,No internet service,No internet service,One year,Yes,Electronic check,23.18,613.81,Yes
7036-EONCA,Male,0,Yes,Yes,15,Yes,No,DSL,No,Yes,No,No,Yes,Yes,Month-to-month,Yes,Bank transfer (automatic),63.09,957.07,No
7037-EJGON,Female,0,No,Yes,17,Yes,No,DSL,No,No,Yes,No,No,No,One year,No,Electronic check,60.06,1018.26,No
7038-GKIOO,Female,0,Yes,Yes,19,Yes,No,DSL,No,No,No,Yes,Yes,No,Two year,Yes,Mailed check,44.3,818.8,No
7039-JJLMC,Female,1,Yes,Yes,2,Yes,Yes,DSL,No,No,No,No,Yes,No,Month-to-month,No,Mailed check,61.21,172.02,No
7040-OPGAD,Male,0,Yes,No,22,Yes,No,Fiber optic,No,Yes,No,No,No,No,Month-to-month,Yes,Credit card (automatic),82.87,1843.52,No
7041-MPDNE,Female,1,Yes,No,13,Yes,Yes,Fiber optic,No,No,No,No,No,Yes,One year,Yes,Electronic check,81.79,1076.88,Yes
7042-GGMOK,Female,0,Yes,Yes,18,Yes,Yes,Fiber optic,Yes,No,Yes,Yes,No,No,Month-to-month,No,Bank transfer (automatic),83.56,1483.1,No
7043-MDMPG,Male,0,No,Yes,16,Yes,No,DSL,No,No,No,Yes,No,No,Two year,Yes,Mailed check,64.02,1070.76,No
7044-KCFLB,Female,0,Yes,Yes,28,Yes,No,DSL,No,Yes,No,Yes,No,No,Month-to-month,No,Mailed check,42.64,1174.35,No
7045-JMNIE,Male,1,No,No,7,Yes,Yes,No,No internet service,No internet service,No internet service,No internet service,No internet service,No internet service,One year,No,Electronic check,18.0,150.25,No
7046-FLLLL,Male,0,Yes,No,9,Yes,No,No,No internet service,No internet service,No internet service,No internet service,No internet service,No internet service,Two year,Yes,Bank transfer (automatic),18.0,214.33,No
7047-DNNKP,Female,0,Yes,No,9,Yes,Yes,DSL,No,No,No,No,No,No,Month-to-month,Yes,Electronic check,46.91,426.47,No
7048-JGLIG,Male,0,No,No,28,Yes,No,Fiber optic,No,Yes,Yes,No,Yes,Yes,Two year,Yes,Mailed check,75.1,2144.99,No
7049-NAAIK,Female,0,Yes,No,11,Yes,No,DSL,No,No,No,No,Yes,No,Month-to-month,No,Mailed check,50.0,586.36,No
7050-NIDMI,Male,0,Yes,Yes,3,Yes,No,No,No internet service,No internet service,No internet service,No internet service,No internet service,No internet service,One year,Yes,Mailed check,18.0,0.0,No
7051-CGFHK,Male,0,Yes,No,72,Yes,No,No,No internet service,No internet service,No internet service,No internet service,No internet service,No internet service,Month-to-month,Yes,Mailed check,22.49,1649.01,No
7052-INEAC,Male,0,Yes,No,13,Yes,No,DSL,No,No,No,No,Yes,Yes,Month-to-month,Yes,Electronic check,59.31,736.01,No
7053-JLHOK,Male,0,No,No,2,Yes,No,No,No internet service,No internet service,No internet service,No internet service,No internet service,No internet service,One year,Yes,Mailed check,22.45,62.28,No
7054-FPPHI,Female,0,No,No,22,Yes,No,Fiber optic,No,No,No,No,Yes,No,Month-to-month,Yes,Electronic check,82.41,1852.83,Yes
7055-DANAJ,Female,0,No,No,26,Yes,No,DSL,No,No,Yes,No,No,No,Month-to-month,No,Electronic check,60.42,1602.61,Yes
7056-DLNGB,Male,0,Yes,Yes,13,Yes,Yes,Fiber optic,No,Yes,No,No,No,Yes,Month-to-month,No,Bank transfer (automatic),78.86,1024.51,No
7057-CAEAH,Female,0,Yes,Yes,20,Yes,No,Fiber optic,Yes,No,Yes,Yes,No,No,One year,No,Credit card (automatic),88.63,1762.7,No
7058-AKABB,Female,0,Yes,No,3,Yes,No,Fiber optic,No,Yes,No,Yes,Yes,No,Month-to-month,No,Bank transfer (automatic),86.08,330.74,Yes
7059-LFGEP,Female,0,No,Yes,9,No,No phone service,Fiber optic,Yes,No,Yes,No,No,No,Month-to-month,Yes,Bank transfer (automatic),70.39,721.12,No
7060-AACNB,Female,1,Yes,Yes,3,Yes,No,No,No internet service,No internet service,No internet service,No internet service,No internet service,No internet service,One year,No,Credit card (automatic),21.37,84.16,Yes
7061-ELJPF,Female,0,Yes,No,9,Yes,Yes,Fiber optic,No,No,No,No,Yes,No,Month-to-month,Yes,Electronic check,85.92,669.78,No
7062-PGDGK,Female,0,No,No,16,Yes,Yes,Fiber optic,No,No,No,No,Yes,No,Month-to-month,Yes,Mailed check,100.14,1538.31,Yes
7063-HKAOF,Female,0,Yes,No,11,Yes,No,Fiber optic,No,Yes,No,No,Yes,Yes,One year,Yes,Electronic check,79.99,862.55,Yes
7064-HEDBF,Male,0,No,Yes,17,Yes,No,DSL,No,Yes,Yes,No,Yes,No,One year,Yes,Bank transfer (automatic),55.25,985.17,No
7065-FKOPP,Female,0,Yes,Yes,13,Yes,No,Fiber optic,No,No,No,No,Yes,Yes,Month-to-month,Yes,Mailed check,98.21,1279.65,Yes
7066-AILKF,Male,0,No,No,7,Yes,No,No,No internet service,No internet service,No internet service,No internet service,No internet service,No internet service,One year,No,Credit card (automatic),22.81,242.68,No
7067-PMCDL,Male,1,Yes,No,3,Yes,No,DSL,Yes,Yes,No,Yes,Yes,No,Month-to-month,Yes,Credit card (automatic),59.15,203.39,Yes
7068-KDCJC,Male,0,No,No,5,Yes,Yes,No,No internet service,No internet service,No internet service,No internet service,No internet service,No internet service,One year,Yes,Mailed check,18.0,125.08,No
7069-OCDPG,Female,0,Yes,No,4,Yes,No,Fiber optic,No,No,No,No,Yes,Yes,Month-to-month,No,Mailed check,82.38,241.69,No
7070-DIAHP,Female,0,Yes,No,24,Yes,No,No,No internet service,No internet service,No internet service,No internet service,No internet service,No internet service,Month-to-month,No,Electronic check,23.22,559.0,No
7071-GBHAK,Male,0,Yes,Yes,34,Yes,Yes,No,No internet service,No internet service,No internet service,No internet service,No internet service,No internet service,Month-to-month,No,Mailed check,18.0,638.68,No
7072-LIIBG,Male,0,No,Yes,25,Yes,No,Fiber optic,No,No,Yes,No,No,No,Two year,Yes,Bank transfer (automatic),90.17,2246.1,No
7073-ONJCG,Female,1,No,Yes,20,Yes,No,DSL,No,No,Yes,No,Yes,No,Month-to-month,No,Electronic check,64.47,1258.34,No
7074-LPJPI,Female,0,Yes,No,7,Yes,No,No,No internet service,No internet service,No internet service,No internet service,No internet service,No internet service,Two year,Yes,Credit card (automatic),35.04,263.49,No
7075-DLABA,Female,0,No,Yes,24,Yes,Yes,No,No internet service,No internet service,No internet service,No internet service,No internet service,No internet service,Two year,Yes,Credit card (automatic),32.21,749.53,No
7076-PNLEE,Male,0,No,No,18,Yes,Yes,DSL,No,No,Yes,No,No,No,Two year,Yes,Electronic check,53.79,953.47,Yes
7077-PKGII,Male,0,Yes,No,0,Yes,Yes,DSL,Yes,Yes,No,No,Yes,No,Month-to-month,Yes,Bank transfer (automatic),52.59,0.0,No
7078-CCPPC,Female,0,Yes,Yes,47,Yes,No,DSL,No,No,Yes,No,Yes,Yes,One year,Yes,Electronic check,53.6,2566.79,No
7079-DHFHA,Female,0,No,No,1,Yes,No,DSL,No,No,No,Yes,No,No,Month-to-month,No,Bank transfer (automatic),44.88,108.63,No
7080-HDKAH,Male,0,Yes,No,13,Yes,No,No,No internet service,No internet service,No internet service,No internet service,No internet service,No internet service,Month-to-month,Yes,Bank transfer (automatic),18.18,290.31,No
7081-DFHDN,Female,0,Yes,No,14,Yes,No,DSL,Yes,Yes,Yes,No,No,Yes,Month-to-month,Yes,Credit card (automatic),50.45,572.54,No
7082-CPNIC,Female,0,Yes,No,36,Yes,No,No,No internet service,No internet service,No internet service,No internet service,No internet service,No internet service,Month-to-month,Yes,Electronic check,18.0,637.66,No
7083-IMBPN,Male,0,Yes,Yes,48,Yes,No,No,No internet service,No internet service,No internet service,No internet service,No internet service,No internet service,One year,Yes,Credit card (automatic),23.56,1164.68,No
7084-BBFCP,Male,0,No,No,56,Yes,Yes,No,No internet service,No internet service,No internet service,No internet service,No internet service,No internet service,Two year,Yes,Credit card (automatic),18.0,998.66,No
7085-MIDAD,Male,0,Yes,Yes,16,Yes,No,DSL,No,No,No,Yes,No,Yes,Month-to-month,No,Bank transfer (automatic),47.54,782.76,No
7086-ANEPD,Male,0,Yes,No,22,Yes,Yes,Fiber optic,No,Yes,No,No,Yes,No,Month-to-month,Yes,Mailed check,94.59,2076.18,No
7087-HPHGC,Female,0,Yes,No,1,Yes,No,No,No internet service,No internet service,No internet service,No internet service,No internet service,No internet service,Two year,Yes,Bank transfer (automatic),19.16,0.0,No
7088-APAPL,Male,1,Yes,No,13,Yes,No,DSL,No,No,Yes,No,No,No,Month-to-month,Yes,Bank transfer (automatic),56.42,769.59,Yes
7089-KCFGF,Female,1,Yes,Yes,45,No,No phone service,DSL,No,Yes,No,Yes,Yes,No,Two year,Yes,Credit card (automatic),64.7,2865.05,No
7090-NNFFM,Female,1,No,No,12,No,No phone service,No,No internet service,No internet service,No internet service,No internet service,No internet service,No internet service,Two year,Yes,Electronic check,26.78,300.55,No
7091-CFHKK,Female,0,Yes,No,1,Yes,No,Fiber optic,No,Yes,No,No,No,No,Month-to-month,Yes,Electronic check,97.03,106.47,Yes
7092-BENAL,Male,0,No,No,4,Yes,Yes,Fiber optic,No,No,No,No,Yes,Yes,One year,Yes,Bank transfer (automatic),84.59,278.93,Yes
7093-OPAEL,Male,1,Yes,Yes,11,Yes,Yes,No,No internet service,No internet service,No internet service,No internet service,No internet service,No internet service,One year,Yes,Mailed check,29.97,334.78,No
7094-MPCDC,Female,0,Yes,No,5,Yes,No,Fiber optic,No,No,No,No,No,No,One year,Yes,Bank transfer (automatic),76.29,378.9,Yes
7095-PAPAL,Female,0,Yes,Yes,9,Yes,No,Fiber optic,No,No,No,No,No,Yes,Month-to-month,No,Electronic check,87.03,760.5,Yes
7096-LNMNE,Male,1,No,Yes,8,Yes,No,Fiber optic,No,Yes,No,No,No,Yes,One year,Yes,Bank transfer (automatic),69.19,546.77,No
7097-FCLIE,Female,0,No,No,7,Yes,No,DSL,Yes,No,No,No,No,No,Month-to-month,No,Bank transfer (automatic),56.8,382.46,No
7098-HMANE,Female,0,Yes,Yes,1,Yes,Yes,DSL,No,Yes,No,Yes,No,Yes,One year,No,Bank transfer (automatic),64.83,21.06,No
7099-OCLAD,Female,0,Yes,No,42,Yes,No,Fiber optic,No,No,No,No,No,No,One year,Yes,Bank transfer (automatic),83.58,3487.47,Yes
7100-OMEPG,Female,0,No,No,23,Yes,No,DSL,No,Yes,No,No,No,No,Month-to-month,Yes,Credit card (automatic),51.39,1183.24,No
7101-APCPB,Female,0,Yes,No,19,Yes,No,No,No internet service,No internet service,No internet service,No internet service,No internet service,No internet service,Two year,Yes,Credit card (automatic),21.41,469.71,No
7102-IJOFJ,Female,0,No,Yes,18,Yes,Yes,DSL,No,No,No,No,No,Yes,Month-to-month,Yes,Electronic check,40.51,688.51,No
7103-CHNHB,Female,0,Yes,Yes,10,Yes,No,Fiber optic,No,No,No,No,Yes,No,Month-to-month,Yes,Bank transfer (automatic),65.64,623.72,No
7104-POFGB,Female,0,No,Yes,34,Yes,Yes,Fiber optic,Yes,No,Yes,No,No,No,Month-to-month,No,Mailed check,92.87,3142.4,No
7105-OKJBJ,Male,0,No,Yes,53,Yes,Yes,Fiber optic,No,No,No,Yes,No,No,Month-to-month,No,Electronic check,88.39,4758.06,No
7106-AHAIK,Male,0,Yes,No,0,No,No phone service,Fiber optic,No,No,No,Yes,No,No,Month-to-month,Yes,Credit card (automatic),77.13,0.0,Yes
7107-FPGMJ,Female,0,No,No,1,Yes,No,Fiber optic,No,No,Yes,No,No,Yes,Month-to-month,No,Mailed check,76.65,4.67,Yes
7108-GJCBI,Female,0,Yes,No,22,Yes,Yes,No,No internet service,No internet service,No internet service,No internet service,No internet service,No internet service,Month-to-month,Yes,Mailed check,25.73,586.57,Yes
7109-HMLJG,Male,0,Yes,No,5,No,No phone service,DSL,No,No,No,No,No,No,Month-to-month,Yes,Bank transfer (automatic),48.89,252.03,No
7110-IDMDA,Male,0,Yes,Yes,48,Yes,Yes,Fiber optic,No,Yes,No,No,No,No,Month-to-month,No,Mailed check,75.34,3615.45,No
7111-HPNPN,Male,0,No,Yes,22,Yes,Yes,No,No internet service,No internet service,No internet service,No internet service,No internet service,No internet service,Month-to-month,No,Credit card (automatic),24.53,539.74,No
7112-LCGOL,Female,0,Yes,No,9,Yes,Yes,DSL,Yes,Yes,Yes,Yes,Yes,No,One year,No,Electronic check,37.76,276.31,No
7113-BBPGO,Male,0,No,No,10,Yes,No,No,No internet service,No internet service,No internet service,No internet service,No internet service,No internet service,Month-to-month,No,Bank transfer (automatic),18.0,193.06,No
7114-FCIJO,Male,0,No,No,23,Yes,Yes,Fiber optic,No,Yes,No,No,No,Yes,Two year,Yes,Electronic check,95.49,2256.0,Yes
7115-NMFJJ,Female,0,Yes,Yes,3,Yes,Yes,Fiber optic,No,No,No,Yes,Yes,No,Month-to-month,Yes,Electronic check,86.22,305.67,Yes
7116-FADJF,Male,1,No,Yes,42,No,No phone service,Fiber optic,No,No,No,Yes,Yes,No,One year,Yes,Electronic check,83.3,3536.33,No
7117-OFKLE,Female,1,Yes,Yes,0,Yes,No,No,No internet service,No internet service,No internet service,No internet service,No internet service,No internet service,Two year,No,Electronic check,22.37,98.86,No
7118-AHELL,Male,0,No,No,72,Yes,Yes,DSL,No,No,Yes,Yes,No,Yes,Month-to-month,Yes,Bank transfer (automatic),65.13,4663.47,No
7119-LEGDF,Male,0,Yes,Yes,3,Yes,Yes,Fiber optic,Yes,No,No,No,No,Yes,Month-to-month,Yes,Bank transfer (automatic),88.45,250.73,No
7120-MPDNO,Male,0,No,No,27,Yes,Yes,Fiber optic,No,Yes,Yes,No,Yes,Yes,One year,Yes,Electronic check,81.9,2164.54,No
7121-CGHDP,Male,0,No,No,0,Yes,Yes,No,No internet service,No internet service,No internet service,No internet service,No internet service,No internet service,Month-to-month,No,Electronic check,18.0,88.56,No
7122-MBLJN,Male,0,No,No,11,Yes,No,DSL,Yes,Yes,No,No,No,Yes,Month-to-month,No,Electronic check,51.87,574.43,Yes
7123-CAHOC,Female,0,Yes,Yes,19,Yes,Yes,DSL,No,Yes,No,Yes,Yes,Yes,Two year,Yes,Mailed check,46.39,910.36,No
7124-LJGJE,Female,0,Yes,No,1,No,No phone service,No,No internet service,No internet service,No internet service,No internet service,No internet service,No internet service,One year,Yes,Mailed check,19.94,17.65,No
7125-JENGO,Male,0,Yes,Yes,11,Yes,Yes,Fiber optic,Yes,No,Yes,No,No,No,Month-to-month,Yes,Electronic check,80.28,841.08,No
7126-ILEAJ,Female,0,Yes,No,7,Yes,No,DSL,No,No,Yes,No,Yes,No,Two year,Yes,Credit card (automatic),76.02,504.01,No
7127-JAOBP,Male,0,Yes,Yes,13,Yes,No,DSL,No,No,Yes,No,Yes,Yes,One year,Yes,Credit card (automatic),57.13,717.15,No
7128-NFPIH,Male,0,No,Yes,14,Yes,Yes,Fiber optic,No,No,No,No,No,No,Month-to-month,No,Electronic check,79.05,1047.04,Yes
7129-MEAPM,Male,0,No,No,30,Yes,Yes,Fiber optic,Yes,No,No,No,Yes,Yes,Month-to-month,No,Electronic check,90.95,2631.52,No
7130-GPOEF,Male,1,Yes,No,2,Yes,Yes,No,No internet service,No internet service,No internet service,No internet service,No internet service,No internet service,One year,Yes,Bank transfer (automatic),18.0,52.06,No
7131-MGCLJ,Male,0,Yes,Yes,1,Yes,No,DSL,No,No,Yes,No,No,No,Month-to-month,Yes,Credit card (automatic),77.76,97.97,No
7132-PCEFI,Female,0,No,No,10,Yes,Yes,No,No internet service,No internet service,No internet service,No internet service,No internet service,No internet service,One year,Yes,Electronic check,18.0,216.88,Yes
7133-MNLEO,Female,1,No,Yes,43,Yes,Yes,No,No internet service,No internet service,No internet service,No internet service,No internet service,No internet service,Month-to-month,Yes,Credit card (automatic),18.0,818.06,No
7134-ANNND,Female,1,Yes,Yes,38,Yes,No,Fiber optic,No,No,No,No,No,No,Month-to-month,Yes,Electronic check,80.28,3011.44,Yes
7135-ELPJJ,Female,0,Yes,No,16,Yes,Yes,DSL,No,No,No,No,No,No,Month-to-month,Yes,Bank transfer (automatic),65.63,1138.48,No
7136-PEGDA,Male,0,No,Yes,43,Yes,No,No,No internet service,No internet service,No internet service,No internet service,No internet service,No internet service,Two year,Yes,Electronic check,18.0,810.32,No
7137-NNEGJ,Female,0,No,No,32,Yes,Yes,DSL,Yes,No,No,No,No,Yes,Two year,Yes,Credit card (automatic),58.76,1891.82,No
7138-JFEDB,Male,0,Yes,No,6,Yes,No,Fiber optic,Yes,No,No,Yes,No,No,One year,No,Mailed check,85.22,535.03,Yes
7139-DOJJC,Male,1,No,No,3,Yes,Yes,Fiber optic,No,No,No,No,Yes,Yes,One year,Yes,Bank transfer (automatic),78.33,164.65,Yes
7140-JPAHE,Female,0,No,Yes,7,No,No phone service,No,No internet service,No internet service,No internet service,No internet service,No internet service,No internet service,Month-to-month,No,Electronic check,18.6,115.88,No
7141-MDPHP,Female,0,Yes,No,5,Yes,No,Fiber optic,No,No,Yes,Yes,Yes,No,One year,Yes,Electronic check,87.96,485.52,No
7142-GBALP,Male,0,No,No,19,Yes,Yes,Fiber optic,Yes,No,No,No,No,No,Month-to-month,Yes,Bank transfer (automatic),98.06,1816.43,Yes
7143-PKDHL,Male,0,Yes,No,17,Yes,No,No,No internet service,No internet service,No internet service,No internet service,No internet service,No internet service,One year,No,Credit card (automatic),18.0,289.73,No
7144-BCLAA,Male,0,No,Yes,18,Yes,No,No,No internet service,No internet service,No internet service,No internet service,No internet service,No internet service,Two year,Yes,Credit card (automatic),18.0,279.55,No
7145-MCKEL,Female,0,No,No,4,Yes,No,Fiber optic,No,No,Yes,No,No,Yes,Month-to-month,No,Credit card (automatic),89.16,434.69,No
7146-CAAHJ,Male,0,Yes,No,31,Yes,No,Fiber optic,No,No,No,No,No,No,One year,No,Credit card (automatic),79.15,2546.59,No
7147-KLMML,Male,0,No,No,11,Yes,No,No,No internet service,No internet service,No internet service,No internet service,No internet service,No internet service,One year,Yes,Credit card (automatic),26.91,262.41,No
7148-ONBMC,Male,0,No,No,12,Yes,Yes,No,No internet service,No internet service,No internet service,No internet service,No internet service,No internet service,Month-to-month,Yes,Electronic check,27.52,429.17,No
7149-BCGAJ,Male,0,No,No,72,No,No phone service,DSL,Yes,No,No,Yes,No,No,One year,Yes,Electronic check,62.99,4510.59,No
7150-HMJJJ,Female,0,Yes,Yes,6,Yes,No,Fiber optic,No,No,No,No,No,Yes,One year,Yes,Electronic check,84.96,508.77,Yes
7151-NBCIG,Female,0,Yes,Yes,10,Yes,Yes,DSL,No,Yes,Yes,No,Yes,Yes,Two year,Yes,Mailed check,58.56,574.14,No
7152-DJEBM,Male,0,No,Yes,22,Yes,No,Fiber optic,No,No,Yes,No,No,Yes,Month-to-month,No,Credit card (automatic),88.42,1980.64,No
7153-KMHDI,Female,0,No,Yes,42,Yes,No,No,No internet service,No internet service,No internet service,No internet service,No internet service,No internet service,Month-to-month,Yes,Bank transfer (automatic),18.0,656.52,No
7154-EMIDJ,Male,1,No,No,2,Yes,No,DSL,No,No,No,No,No,Yes,Two year,Yes,Mailed check,60.11,201.35,Yes
7155-EIHPC,Female,0,Yes,No,26,Yes,Yes,DSL,No,No,No,Yes,No,No,One year,Yes,Credit card (automatic),58.6,1515.04,No
7156-ACPDB,Female,1,Yes,No,50,Yes,Yes,Fiber optic,No,No,Yes,No,Yes,No,One year,Yes,Credit card (automatic),100.62,4980.81,No
7157-AGPHG,Female,0,Yes,No,10,Yes,No,No,No internet service,No internet service,No internet service,No internet service,No internet service,No internet service,Month-to-month,Yes,Bank transfer (automatic),25.75,218.46,No
7158-NPELA,Female,0,No,No,6,Yes,No,Fiber optic,No,Yes,No,No,No,No,Month-to-month,No,Credit card (automatic),81.21,443.83,Yes
7159-GMGIC,Male,0,No,Yes,22,Yes,No,DSL,Yes,No,No,Yes,Yes,Yes,Two year,No,Electronic check,71.06,1525.2,No
7160-INAAN,Male,0,No,No,5,Yes,No,DSL,No,No,No,Yes,No,No,Month-to-month,Yes,Mailed check,41.74,269.55,Yes
7161-DPIFM,Male,1,Yes,No,9,Yes,Yes,Fiber optic,No,Yes,No,No,No,No,Two year,No,Mailed check,79.15,655.89,Yes
7162-KCADL,Female,0,Yes,No,45,Yes,No,Fiber optic,No,No,No,No,No,No,Month-to-month,No,Electronic check,80.35,3578.53,Yes
7163-MICLI,Female,0,No,No,17,Yes,No,Fiber optic,Yes,Yes,No,No,Yes,Yes,Month-to-month,Yes,Electronic check,87.73,1514.13,Yes
7164-GLNOP,Male,0,No,No,1,Yes,Yes,Fiber optic,Yes,No,Yes,No,No,Yes,Month-to-month,Yes,Credit card (automatic),79.2,155.95,Yes
7165-DCJOP,Female,0,No,No,8,Yes,No,Fiber optic,No,No,No,No,No,No,Month-to-month,No,Mailed check,76.22,585.78,Yes
7166-EECLI,Female,0,Yes,No,19,Yes,No,Fiber optic,Yes,Yes,No,Yes,No,No,Two year,No,Mailed check,81.57,1570.61,No
7167-DKEDE,Male,0,Yes,Yes,13,Yes,Yes,No,No internet service,No internet service,No internet service,No internet service,No internet service,No internet service,Two year,Yes,Electronic check,18.0,298.29,Yes
7168-GPIGM,Female,0,Yes,Yes,21,Yes,No,No,No internet service,No internet service,No internet service,No internet service,No internet service,No internet service,Month-to-month,No,Credit card (automatic),18.0,423.18,No
7169-EJJGN,Male,0,No,No,28,Yes,No,DSL,No,No,Yes,No,Yes,Yes,Month-to-month,No,Bank transfer (automatic),54.68,1553.29,Yes
7170-OJECG,Female,0,Yes,No,13,Yes,No,Fiber optic,Yes,Yes,No,Yes,No,No,One year,No,Electronic check,89.65,1260.77,Yes
7171-MKKBO,Male,0,No,Yes,72,Yes,No,Fiber optic,No,Yes,No,No,Yes,No,One year,No,Electronic check,82.8,5977.19,No
7172-LIJJL,Female,0,No,No,49,Yes,No,DSL,No,Yes,Yes,No,Yes,Yes,Month-to-month,No,Credit card (automatic),64.37,3198.4,No
7173-AMFGN,Female,0,Yes,No,1,Yes,No,Fiber optic,No,Yes,No,Yes,Yes,Yes,Month-to-month,Yes,Credit card (automatic),107.38,55.58,No
7174-MHJIB,Female,0,Yes,No,6,Yes,No,Fiber optic,No,Yes,No,Yes,No,Yes,Month-to-month,No,Mailed check,89.7,434.35,No
7175-KJBEM,Female,0,No,No,7,Yes,Yes,Fiber optic,No,No,Yes,Yes,Yes,No,One year,Yes,Mailed check,92.65,652.84,No
7176-EFCHP,Female,0,Yes,No,4,Yes,No,DSL,Yes,No,No,No,No,No,Month-to-month,No,Credit card (automatic),47.54,266.76,No
7177-MAFDA,Male,0,Yes,No,7,Yes,Yes,DSL,No,Yes,No,Yes,Yes,No,One year,No,Bank transfer (automatic),52.21,381.1,No
7178-OGIMD,Female,0,No,Yes,11,Yes,Yes,DSL,No,No,Yes,No,No,No,Month-to-month,No,Credit card (automatic),51.32,571.04,Yes
7179-DFLOC,Male,1,No,No,1,Yes,No,Fiber optic,No,No,No,Yes,Yes,Yes,Two year,No,Mailed check,87.38,50.4,No
7180-MLFGK,Male,0,No,Yes,2,Yes,Yes,No,No internet service,No internet service,No internet service,No internet service,No internet service,No internet service,Month-to-month,Yes,Credit card (automatic),28.17,32.08,No
7181-JJCGN,Male,0,Yes,Yes,2,Yes,No,Fiber optic,No,No,No,No,Yes,No,Month-to-month,Yes,Mailed check,79.27,181.51,Yes
7182-CMMBL,Female,1,No,No,0,Yes,No,Fiber optic,No,No,No,No,No,No,One year,No,Bank transfer (automatic),91.45,41.04,Yes
7183-NJDLH,Male,1,Yes,No,13,Yes,Yes,DSL,Yes,Yes,Yes,No,No,No,One year,No,Electronic check,58.83,900.68,No
7184-MOIGA,Female,0,Yes,No,8,Yes,No,Fiber optic,No,No,No,No,No,No,Month-to-month,No,Bank transfer (automatic),97.98,750.77,Yes
7185-CMLNI,Female,0,Yes,Yes,54,Yes,Yes,Fiber optic,Yes,Yes,Yes,Yes,No,No,Two year,Yes,Bank transfer (automatic),95.85,5166.92,No
7186-OLAIH,Female,0,Yes,No,2,Yes,No,DSL,No,Yes,Yes,Yes,No,No,One year,Yes,Mailed check,39.48,71.27,No
7187-AFEFJ,Male,0,No,Yes,52,Yes,Yes,No,No internet service,No internet service,No internet service,No internet service,No internet service,No internet service,Month-to-month,Yes,Mailed check,19.73,1097.15,Yes
7188-LMPMM,Female,0,No,Yes,1,Yes,Yes,DSL,Yes,No,Yes,No,Yes,No,One year,Yes,Mailed check,46.67,27.49,No
7189-OEPFE,Female,0,No,No,19,Yes,No,Fiber optic,No,No,Yes,No,Yes,No,One year,No,Credit card (automatic),84.72,1497.46,No
7190-KLEDC,Female,0,No,No,5,Yes,No,Fiber optic,No,No,No,Yes,No,Yes,One year,No,Mailed check,85.6,468.78,No
7191-CDIBO,Male,0,Yes,No,35,No,No phone service,No,No internet service,No internet service,No internet service,No internet service,No internet service,No internet service,Two year,No,Electronic check,18.0,535.86,No
7192-IANOO,Male,0,Yes,No,1,No,No phone service,DSL,Yes,Yes,No,No,Yes,No,One year,Yes,Electronic check,53.4,99.77,No
7193-AEFFC,Male,0,No,No,60,Yes,Yes,DSL,Yes,No,No,No,No,Yes,Month-to-month,No,Bank transfer (automatic),64.05,3680.57,No
7194-PGIKL,Male,1,No,Yes,0,Yes,No,No,No internet service,No internet service,No internet service,No internet service,No internet service,No internet service,Two year,No,Mailed check,18.73,42.73,No
7195-JPPHF,Female,0,Yes,Yes,5,Yes,No,DSL,Yes,No,No,No,No,No,One year,Yes,Electronic check,50.23,254.56,Yes
7196-LHLEH,Male,0,Yes,No,12,Yes,Yes,Fiber optic,No,No,No,No,No,No,One year,Yes,Mailed check,89.61,1117.7,Yes
7197-JLDJH,Female,1,Yes,No,28,Yes,No,Fiber optic,No,Yes,No,No,Yes,No,Month-to-month,No,Credit card (automatic),82.33,2241.25,Yes
7198-JLBLL,Male,1,Yes,No,60,Yes,No,Fiber optic,No,No,No,Yes,Yes,No,Two year,Yes,Credit card (automatic),75.35,4571.01,No
7199-EIDPK,Female,0,Yes,Yes,11,Yes,No,Fiber optic,No,No,No,No,No,Yes,Month-to-month,Yes,Electronic check,91.69,1016.88,No
7200-FOAIA,Male,1,Yes,No,28,Yes,No,Fiber optic,Yes,Yes,No,Yes,Yes,No,One year,Yes,Electronic check,85.32,2386.56,No
7201-EDMLP,Male,0,Yes,Yes,25,No,No phone service,DSL,No,No,No,No,No,Yes,Month-to-month,No,Electronic check,66.23,1577.96,No
7202-MMNCM,Male,0,Yes,No,16,Yes,Yes,No,No internet service,No internet service,No internet service,No internet service,No internet service,No internet service,Two year,No,Credit card (automatic),21.95,393.66,No
7203-FBCPE,Female,0,Yes,No,23,Yes,No,Fiber optic,No,No,No,No,Yes,No,Month-to-month,No,Electronic check,87.43,2019.38,No
7204-OIBJH,Female,0,No,Yes,0,Yes,Yes,Fiber optic,Yes,No,Yes,No,No,No,Two year,No,Electronic check,78.81,0.0,No
7205-NBKME,Male,0,No,No,11,Yes,Yes,Fiber optic,No,No,No,Yes,No,No,Month-to-month,No,Electronic check,87.66,994.28,No
7206-GHAFA,Male,0,No,No,30,Yes,No,No,No internet service,No internet service,No internet service,No internet service,No internet service,No internet service,One year,No,Credit card (automatic),32.99,929.25,No
7207-BPOAK,Male,0,No,No,12,Yes,No,No,No internet service,No internet service,No internet service,No internet service,No internet service,No internet service,Month-to-month,Yes,Bank transfer (automatic),31.45,454.1,Yes
7208-EJOIF,Male,0,No,No,41,Yes,Yes,DSL,No,Yes,No,No,No,No,One year,No,Bank transfer (automatic),51.2,2067.05,No
7209-KKAMA,Male,0,Yes,No,35,Yes,No,No,No internet service,No internet service,No internet service,No internet service,No internet service,No internet service,Month-to-month,Yes,Bank transfer (automatic),23.79,851.02,No
7210-BICOA,Male,0,Yes,No,39,Yes,No,Fiber optic,No,Yes,No,No,No,Yes,Month-to-month,No,Bank transfer (automatic),94.21,3660.85,Yes
7211-EPGFL,Female,0,No,No,2,Yes,No,No,No internet service,No internet service,No internet service,No internet service,No internet service,No internet service,Month-to-month,No,Bank transfer (automatic),23.09,0.0,No
7212-AEOEF,Female,0,No,Yes,5,Yes,No,DSL,No,Yes,No,No,No,No,Two year,Yes,Electronic check,55.36,270.09,No
7213-CEGEE,Female,0,Yes,Yes,0,Yes,No,Fiber optic,Yes,No,No,No,Yes,No,One year,No,Bank transfer (automatic),83.45,21.98,No
7214-EJJCA,Female,0,No,Yes,72,No,No phone service,Fiber optic,Yes,No,No,No,Yes,No,Month-to-month,No,Bank transfer (automatic),83.34,5997.01,Yes
7215-ENINA,Female,0,Yes,No,5,Yes,No,Fiber optic,No,Yes,No,Yes,No,No,Two year,No,Mailed check,95.61,468.98,No
7216-CMMDN,Female,0,Yes,No,9,Yes,No,DSL,Yes,Yes,No,No,No,No,Two year,No,Electronic check,59.53,605.86,No
7217-AAHPB,Male,0,Yes,No,6,Yes,Yes,DSL,Yes,No,No,No,No,Yes,Month-to-month,Yes,Electronic check,50.07,273.92,No
7218-LOHGJ,Male,1,Yes,Yes,0,Yes,No,Fiber optic,Yes,Yes,No,No,No,No,One year,Yes,Credit card (automatic),85.57,81.35,Yes
7219-JBFFC,Male,0,Yes,No,6,Yes,Yes,DSL,No,No,Yes,No,No,Yes,Month-to-month,No,Bank transfer (automatic),47.96,297.61,Yes
7220-KBLAF,Male,0,No,No,2,Yes,No,DSL,No,No,No,Yes,No,Yes,Month-to-month,Yes,Bank transfer (automatic),54.9,115.99,Yes
7221-LENNK,Male,0,Yes,Yes,10,Yes,Yes,Fiber optic,Yes,Yes,No,No,No,No,Two year,No,Bank transfer (automatic),83.32,838.86,No
7222-IAPOO,Female,0,Yes,No,68,Yes,Yes,No,No internet service,No internet service,No internet service,No internet service,No internet service,No internet service,Month-to-month,Yes,Electronic check,23.11,1564.51,No
7223-GOEEN,Female,1,Yes,No,23,Yes,No,Fiber optic,Yes,Yes,No,No,Yes,Yes,Month-to-month,Yes,Electronic check,76.27,1729.01,No
7224-BKCGF,Female,0,No,No,24,No,No phone service,Fiber optic,No,No,No,No,Yes,No,One year,Yes,Mailed check,86.22,2126.46,Yes
7225-PLBFB,Female,0,No,No,12,Yes,Yes,DSL,No,No,No,Yes,Yes,No,Two year,Yes,Mailed check,51.99,549.69,No
7226-BBNOK,Female,0,Yes,No,33,Yes,Yes,No,No internet service,No internet service,No internet service,No internet service,No internet service,No internet service,Month-to-month,Yes,Credit card (automatic),18.05,504.67,No
7227-COBDI,Male,0,Yes,No,47,Yes,No,DSL,Yes,Yes,No,No,No,No,Month-to-month,No,Electronic check,67.4,3219.02,No
7228-FAHOL,Female,0,Yes,Yes,65,Yes,Yes,Fiber optic,No,No,No,Yes,No,No,One year,Yes,Electronic check,96.58,6186.31,No
7229-NGJCA,Female,0,No,No,2,Yes,No,DSL,No,No,No,No,No,No,Two year,Yes,Electronic check,37.49,209.19,No
7230-EMDJH,Female,1,Yes,No,42,Yes,No,Fiber optic,No,No,No,No,Yes,No,Two year,Yes,Mailed check,83.64,3538.57,No
7231-AJALD,Male,0,Yes,No,5,Yes,Yes,Fiber optic,No,Yes,No,No,No,Yes,Month-to-month,No,Electronic check,70.06,431.11,No
7232-HEBFE,Male,0,Yes,Yes,10,Yes,No,No,No internet service,No internet service,No internet service,No internet service,No internet service,No internet service,One year,Yes,Electronic check,18.0,221.92,Yes
7233-BMNKK,Male,0,Yes,No,8,Yes,Yes,DSL,No,Yes,No,Yes,No,No,Month-to-month,No,Electronic check,59.16,427.89,No
7234-PKCOI,Male,0,No,No,22,Yes,Yes,No,No internet service,No internet service,No internet service,No internet service,No internet service,No internet service,Two year,Yes,Electronic check,18.0,365.99,No
7235-GGPOK,Male,0,Yes,Yes,18,No,No phone service,Fiber optic,Yes,No,No,No,Yes,No,Month-to-month,No,Electronic check,94.44,1573.08,No
7236-FPHDH,Male,0,Yes,No,2,Yes,No,Fiber optic,No,No,Yes,No,Yes,No,Two year,Yes,Mailed check,81.4,217.19,No
7237-DHICP,Female,0,No,No,30,Yes,No,Fiber optic,Yes,No,No,No,Yes,Yes,Month-to-month,Yes,Mailed check,95.33,2887.59,No
7238-CKMPB,Female,0,No,No,11,Yes,No,No,No internet service,No internet service,No internet service,No internet service,No internet service,No internet service,Two year,Yes,Electronic check,32.03,437.6,No
7239-MJCCE,Female,0,Yes,No,0,Yes,No,Fiber optic,No,No,Yes,No,Yes,Yes,Month-to-month,No,Mailed check,92.14,0.0,No
7240-EBLJM,Male,0,No,Yes,10,Yes,No,DSL,Yes,Yes,Yes,No,No,No,One year,No,Credit card (automatic),48.64,516.74,No
7241-FEFAE,Male,0,No,No,14,Yes,No,No,No internet service,No internet service,No internet service,No internet service,No internet service,No internet service,One year,No,Electronic check,18.0,329.2,No
7242-ILJNB,Male,1,Yes,No,1,Yes,Yes,DSL,No,No,No,No,No,No,Month-to-month,No,Credit card (automatic),53.39,17.39,No
7243-ANJMK,Male,0,Yes,No,3,No,No phone service,No,No internet service,No internet service,No internet service,No internet service,No internet service,No internet service,Month-to-month,Yes,Electronic check,29.5,137.58,Yes
7244-IJIOI,Female,0,Yes,Yes,72,Yes,No,Fiber optic,No,No,Yes,No,No,Yes,Month-to-month,Yes,Electronic check,104.62,7542.83,No
7245-FOHNK,Male,0,Yes,No,40,Yes,No,Fiber optic,Yes,No,No,No,Yes,No,Month-to-month,No,Electronic check,77.65,3083.31,No
7246-OPMAJ,Male,0,Yes,No,2,Yes,Yes,DSL,Yes,Yes,No,Yes,No,Yes,Month-to-month,No,Electronic check,63.18,128.39,Yes
7247-DAHAC,Male,0,No,No,17,Yes,Yes,Fiber optic,Yes,No,No,Yes,No,No,Month-to-month,Yes,Mailed check,87.21,1530.66,No
7248-MDOOO,Male,0,No,No,9,Yes,No,Fiber optic,Yes,No,No,No,No,No,One year,No,Electronic check,95.1,855.1,Yes
7249-HFNJL,Male,0,Yes,No,15,Yes,No,Fiber optic,Yes,Yes,No,Yes,Yes,Yes,Two year,Yes,Credit card (automatic),76.06,1098.33,No
7250-GNHBM,Female,1,Yes,No,12,Yes,No,DSL,Yes,Yes,No,No,No,No,Month-to-month,No,Bank transfer (automatic),51.1,556.16,No
7251-JNKHC,Male,0,Yes,No,0,Yes,No,Fiber optic,No,Yes,No,No,No,No,Month-to-month,No,Mailed check,82.59,0.0,Yes
7252-GCOGN,Male,0,No,Yes,7,Yes,Yes,DSL,No,Yes,No,No,No,No,Two year,Yes,Mailed check,59.33,418.99,No
7253-KOLMB,Female,0,No,No,2,Yes,No,DSL,No,Yes,No,No,No,Yes,Month-to-month,Yes,Bank transfer (automatic),48.59,105.83,No
7254-JFCCO,Male,0,Yes,No,13,Yes,Yes,DSL,Yes,Yes,No,No,Yes,No,Month-to-month,No,Electronic check,44.69,507.31,No
7255-PIGEL,Male,0,No,No,47,Yes,No,Fiber optic,No,Yes,Yes,No,Yes,No,Month-to-month,Yes,Electronic check,88.06,4106.13,No
7256-JGIAG,Female,0,Yes,No,72,Yes,No,Fiber optic,No,No,No,Yes,No,No,Month-to-month,Yes,Mailed check,81.47,5833.53,No
7257-FJNLI,Female,1,No,Yes,57,Yes,Yes,No,No internet service,No internet service,No internet service,No internet service,No internet service,No internet service,Month-to-month,Yes,Electronic check,34.62,2040.2,No
7258-AMDID,Female,0,Yes,Yes,72,Yes,No,Fiber optic,No,No,Yes,No,No,No,Two year,Yes,Electronic check,90.3,6401.6,No
7259-JCIMB,Female,0,Yes,No,0,Yes,No,No,No internet service,No internet service,No internet service,No internet service,No internet service,No internet service,Month-to-month,Yes,Mailed check,18.48,0.0,No
7260-ODOFB,Female,0,Yes,Yes,26,Yes,No,Fiber optic,No,Yes,Yes,No,No,Yes,Two year,No,Mailed check,87.96,2299.09,Yes
7261-OHHAL,Female,0,No,Yes,6,Yes,No,Fiber optic,No,No,No,No,No,No,Two year,No,Electronic check,82.87,444.72,Yes
7262-CJIEF,Female,0,No,No,40,Yes,No,Fiber optic,No,Yes,Yes,No,Yes,No,One year,No,Electronic check,90.39,3626.33,No
7263-DJPBK,Female,0,No,No,33,Yes,No,Fiber optic,Yes,No,No,No,Yes,Yes,Month-to-month,Yes,Electronic check,85.53,2772.79,No
7264-HKMFE,Female,0,Yes,Yes,11,Yes,No,DSL,No,Yes,No,No,Yes,No,Month-to-month,No,Electronic check,69.75,797.28,No
7265-IAEFE,Female,0,Yes,Yes,12,Yes,No,DSL,No,No,No,No,Yes,No,Month-to-month,No,Mailed check,60.28,753.23,No
7266-FFGPD,Male,0,Yes,Yes,6,Yes,No,DSL,Yes,No,No,Yes,No,Yes,Month-to-month,No,Mailed check,66.96,378.74,No
7267-NKNNN,Female,0,No,No,6,Yes,No,DSL,No,No,No,No,Yes,No,Two year,Yes,Electronic check,47.68,330.69,No
7268-OHGIG,Female,0,No,No,72,No,No phone service,Fiber optic,Yes,No,No,No,No,No,Month-to-month,Yes,Electronic check,93.52,6708.32,No
7269-CCOHE,Female,1,No,Yes,43,Yes,No,Fiber optic,No,No,No,No,Yes,Yes,One year,Yes,Mailed check,76.74,3260.94,No
7270-DHOFB,Female,0,No,No,4,Yes,Yes,Fiber optic,Yes,No,Yes,No,No,No,One year,No,Electronic check,80.75,378.71,Yes
7271-DLKDO,Female,0,No,Yes,6,Yes,No,DSL,Yes,No,No,No,No,No,Two year,Yes,Electronic check,57.78,408.12,No
7272-FFANH,Male,0,No,Yes,2,Yes,Yes,Fiber optic,Yes,No,No,No,No,Yes,Month-to-month,No,Mailed check,102.15,218.08,No
7273-FCNIB,Male,0,Yes,No,72,Yes,No,DSL,No,No,No,No,No,No,One year,No,Electronic check,53.29,3855.32,No
7274-OKHJC,Male,0,No,Yes,47,Yes,Yes,DSL,No,Yes,No,Yes,Yes,No,Two year,No,Credit card (automatic),62.33,2982.65,No
7275-MLEFJ,Female,0,No,No,16,No,No phone service,Fiber optic,Yes,Yes,Yes,Yes,No,No,Month-to-month,Yes,Bank transfer (automatic),73.94,1193.02,No
7276-FDCDA,Female,1,No,No,23,Yes,No,Fiber optic,No,No,Yes,No,No,No,Month-to-month,Yes,Mailed check,85.95,1973.73,No
7277-DALOA,Male,1,No,Yes,27,Yes,Yes,Fiber optic,No,No,No,No,No,Yes,Month-to-month,No,Electronic check,80.29,2178.98,Yes
7278-JNPFE,Female,0,Yes,No,4,Yes,No,DSL,No,No,Yes,Yes,Yes,No,Month-to-month,No,Electronic check,57.41,199.29,Yes
7279-NKODM,Female,1,Yes,No,54,Yes,No,No,No internet service,No internet service,No internet service,No internet service,No internet service,No internet service,Month-to-month,Yes,Electronic check,18.0,969.73,No
7280-KCAFB,Male,0,No,No,14,Yes,Yes,No,No internet service,No internet service,No internet service,No internet service,No internet service,No internet service,Month-to-month,Yes,Electronic check,29.49,375.75,Yes
7281-HJEGJ,Female,1,Yes,No,1,Yes,Yes,Fiber optic,Yes,Yes,No,Yes,Yes,No,Month-to-month,Yes,Mailed check,97.06,103.12,No
7282-LBMHB,Female,0,Yes,No,10,Yes,No,No,No internet service,No internet service,No internet service,No internet service,No internet service,No internet service,Two year,Yes,Electronic check,26.62,213.18,No
7283-DAOEI,Female,0,No,Yes,18,Yes,No,DSL,No,Yes,Yes,No,Yes,No,Month-to-month,Yes,Credit card (automatic),45.48,867.1,No
7284-AIKOH,Female,0,Yes,No,8,Yes,Yes,Fiber optic,No,Yes,No,No,No,Yes,Two year,Yes,Credit card (automatic),93.09,725.21,No
7285-FGCNO,Female,0,Yes,Yes,24,Yes,Yes,No,No internet service,No internet service,No internet service,No internet service,No internet service,No internet service,Month-to-month,No,Bank transfer (automatic),18.0,436.63,No
7286-AENLL,Female,0,No,Yes,42,Yes,No,Fiber optic,Yes,Yes,No,Yes,Yes,No,One year,No,Credit card (automatic),76.77,3199.91,No
7287-BNEHK,Female,0,Yes,No,29,Yes,No,Fiber optic,No,No,No,No,No,No,Month-to-month,Yes,Electronic check,96.68,2842.32,Yes
7288-IBLCC,Male,1,Yes,Yes,20,Yes,No,DSL,No,No,No,No,Yes,Yes,One year,No,Bank transfer (automatic),47.76,962.53,No
7289-AHPFL,Male,0,Yes,Yes,14,No,No phone service,DSL,Yes,Yes,No,No,Yes,No,Month-to-month,No,Electronic check,61.42,879.67,No
7290-PMHKI,Female,0,Yes,No,5,Yes,No,DSL,No,Yes,No,No,No,No,Month-to-month,No,Credit card (automatic),55.19,247.99,Yes
7291-ENLNC,Female,0,Yes,No,12,Yes,No,Fiber optic,No,No,Yes,Yes,No,Yes,Two year,Yes,Bank transfer (automatic),87.99,1062.05,No
7292-EEECK,Male,0,No,Yes,6,No,No phone service,DSL,Yes,No,No,No,Yes,Yes,Two year,Yes,Electronic check,49.91,373.02,No
7293-NJNDI,Male,0,Yes,Yes,54,Yes,No,DSL,No,No,No,No,Yes,Yes,Month-to-month,Yes,Bank transfer (automatic),59.88,3199.79,Yes
7294-MJIBH,Male,0,Yes,Yes,47,Yes,No,Fiber optic,No,No,Yes,No,Yes,Yes,Two year,No,Electronic check,94.38,4377.01,No
7295-HGHNP,Male,0,No,Yes,3,Yes,Yes,Fiber optic,Yes,No,No,No,Yes,No,Month-to-month,No,Mailed check,86.04,219.26,Yes
7296-CMFAG,Male,0,No,No,34,Yes,Yes,Fiber optic,No,No,No,No,No,No,Month-to-month,Yes,Credit card (automatic),75.69,2730.63,No
7297-OOAIA,Male,0,Yes,No,24,Yes,No,No,No internet service,No internet service,No internet service,No internet service,No internet service,No internet service,One year,Yes,Electronic check,26.17,575.59,No
7298-AOGBN,Male,0,No,No,72,Yes,Yes,Fiber optic,No,No,Yes,Yes,No,No,Month-to-month,Yes,Bank transfer (automatic),82.71,5998.17,No
7299-EHHCG,Female,0,No,No,12,Yes,Yes,Fiber optic,No,No,Yes,No,No,No,Month-to-month,Yes,Mailed check,91.53,1126.37,No
7300-CFFCG,Male,0,No,No,25,Yes,No,Fiber optic,Yes,Yes,No,No,No,No,Month-to-month,Yes,Mailed check,70.71,1753.67,No
7301-CHJPD,Male,1,No,No,14,Yes,No,DSL,No,Yes,No,No,No,No,Month-to-month,No,Bank transfer (automatic),51.87,687.21,No
7302-OOMAD,Male,1,Yes,No,1,No,No phone service,Fiber optic,No,Yes,No,No,No,No,Month-to-month,Yes,Credit card (automatic),75.27,140.28,Yes
7303-NGKDM,Female,0,Yes,No,0,Yes,No,Fiber optic,Yes,No,No,Yes,No,Yes,Month-to-month,Yes,Electronic check,78.31,0.0,Yes
7304-FIAME,Female,0,Yes,No,2,Yes,No,Fiber optic,No,No,No,Yes,Yes,Yes,Two year,No,Electronic check,78.87,138.53,Yes
7305-KGAND,Female,0,No,No,7,Yes,No,DSL,No,No,No,Yes,No,Yes,Month-to-month,No,Mailed check,66.5,492.28,No
7306-FBJEK,Male,0,No,No,5,Yes,Yes,DSL,Yes,Yes,Yes,No,Yes,No,Month-to-month,Yes,Bank transfer (automatic),62.1,223.77,No
7307-JAFFM,Male,0,Yes,No,26,Yes,No,Fiber optic,Yes,Yes,No,No,Yes,No,One year,No,Mailed check,94.43,2471.06,No
7308-OODMH,Male,0,Yes,Yes,25,No,No phone service,DSL,No,No,Yes,Yes,No,Yes,Month-to-month,No,Credit card (automatic),70.38,1764.44,Yes
7309-DHOMH,Female,0,No,No,71,Yes,No,No,No internet service,No internet service,No internet service,No internet service,No internet service,No internet service,Month-to-month,Yes,Bank transfer (automatic),24.94,1693.31,No
7310-EMODL,Female,0,Yes,No,7,Yes,Yes,No,No internet service,No internet service,No internet service,No internet service,No internet service,No internet service,Two year,Yes,Mailed check,33.85,278.11,No
7311-MBKOC,Female,0,Yes,No,55,Yes,No,Fiber optic,No,No,No,No,Yes,No,Two year,Yes,Electronic check,88.38,4835.21,No
7312-CDDJK,Female,0,No,No,18,Yes,Yes,No,No internet service,No internet service,No internet service,No internet service,No internet service,No internet service,Month-to-month,No,Electronic check,28.76,583.16,Yes
7313-KEDKN,Female,0,Yes,No,13,Yes,Yes,Fiber optic,No,No,No,No,No,No,Two year,No,Mailed check,79.6,1048.01,No
7314-JHFFH,Female,0,Yes,Yes,22,Yes,No,Fiber optic,Yes,Yes,No,No,No,No,Two year,Yes,Credit card (automatic),89.78,1928.22,No
7315-GOJNK,Male,0,Yes,No,24,Yes,Yes,Fiber optic,No,No,Yes,No,No,No,One year,Yes,Mailed check,84.64,2007.96,No
7316-LJMHN,Female,0,No,No,3,Yes,Yes,DSL,No,Yes,No,No,Yes,No,Month-to-month,No,Mailed check,48.65,148.19,No
7317-BIAOH,Female,1,Yes,No,27,Yes,Yes,Fiber optic,No,No,No,No,Yes,Yes,Month-to-month,Yes,Bank transfer (automatic),87.13,2334.17,No
7318-LKLLD,Female,0,No,Yes,25,Yes,Yes,DSL,No,No,Yes,No,No,No,Month-to-month,No,Electronic check,54.0,1334.19,No
7319-PDEHE,Female,1,Yes,Yes,72,Yes,No,No,No internet service,No internet service,No internet service,No internet service,No internet service,No internet service,One year,Yes,Electronic check,18.0,1299.92,No
7320-HOJAL,Male,0,No,No,48,Yes,Yes,Fiber optic,No,No,No,No,Yes,Yes,Two year,Yes,Mailed check,89.16,4279.16,No
7321-OJIFC,Male,1,Yes,No,23,Yes,No,DSL,Yes,No,No,Yes,Yes,Yes,One year,Yes,Credit card (automatic),44.1,974.19,No
7322-MNHIF,Female,0,Yes,No,24,Yes,Yes,No,No internet service,No internet service,No internet service,No internet service,No internet service,No internet service,Month-to-month,No,Credit card (automatic),18.21,491.02,No
7323-KGANE,Male,0,No,Yes,58,Yes,Yes,No,No internet service,No internet service,No internet service,No internet service,No internet service,No internet service,Month-to-month,No,Bank transfer (automatic),23.71,1377.38,No
7324-EJNDF,Male,0,Yes,Yes,68,Yes,Yes,No,No internet service,No internet service,No internet service,No internet service,No internet service,No internet service,Month-to-month,No,Mailed check,26.77,1852.11,No
7325-GIAOF,Male,0,No,Yes,35,Yes,No,Fiber optic,No,No,No,No,No,No,One year,No,Mailed check,87.18,3074.72,No
7326-GCHOE,Male,0,Yes,Yes,29,Yes,No,Fiber optic,Yes,No,Yes,No,No,Yes,Month-to-month,Yes,Electronic check,78.35,2294.21,Yes
7327-OIEIJ,Male,0,Yes,Yes,2,Yes,Yes,Fiber optic,No,No,Yes,No,Yes,No,One year,No,Bank transfer (automatic),82.36,150.77,No
7328-DIEJI,Male,0,No,No,35,Yes,Yes,DSL,Yes,Yes,No,No,Yes,No,One year,Yes,Mailed check,50.06,1766.97,No
7329-CODIJ,Male,0,No,No,5,Yes,Yes,DSL,Yes,No,No,No,No,Yes,Month-to-month,No,Electronic check,50.63,205.68,No
7330-KFBGB,Female,0,Yes,No,16,Yes,Yes,Fiber optic,No,No,Yes,No,No,Yes,Month-to-month,Yes,Electronic check,84.38,1356.8,Yes
7331-KBKAP,Male,0,No,No,10,Yes,No,Fiber optic,No,No,No,No,No,No,Month-to-month,Yes,Bank transfer (automatic),92.32,878.05,Yes
7332-KKLKC,Female,0,Yes,No,8,Yes,No,Fiber optic,Yes,No,No,Yes,No,No,Two year,Yes,Bank transfer (automatic),74.6,575.71,Yes
7333-FHIGD,Male,0,Yes,No,7,Yes,Yes,DSL,No,Yes,No,No,No,Yes,Month-to-month,Yes,Electronic check,55.5,407.22,No
7334-FEHAA,Male,0,Yes,Yes,38,Yes,No,DSL,No,Yes,No,No,No,No,Month-to-month,No,Credit card (automatic),60.03,2337.62,No
7335-MOKFJ,Male,0,Yes,No,29,Yes,Yes,Fiber optic,Yes,Yes,No,No,Yes,No,One year,No,Credit card (automatic),80.2,2345.94,No
7336-LBEAG,Female,1,Yes,No,14,Yes,No,DSL,No,Yes,No,No,Yes,No,Month-to-month,No,Bank transfer (automatic),45.91,625.6,No
7337-ADIAD,Male,0,No,No,21,Yes,No,DSL,No,No,No,No,Yes,No,Month-to-month,Yes,Bank transfer (automatic),64.73,1327.44,No
7338-FFLOM,Female,0,No,No,72,Yes,No,Fiber optic,Yes,No,Yes,No,Yes,No,One year,No,Electronic check,91.09,6569.21,No
7339-HAGAP,Male,0,Yes,Yes,10,Yes,No,DSL,No,Yes,No,Yes,No,Yes,One year,No,Credit card (automatic),67.94,639.84,No
7340-MNGCK,Male,0,No,No,16,Yes,No,No,No internet service,No internet service,No internet service,No internet service,No internet service,No internet service,Month-to-month,Yes,Electronic check,29.52,452.58,No
7341-HCNPN,Female,0,Yes,No,15,No,No phone service,Fiber optic,Yes,Yes,No,No,Yes,No,Month-to-month,Yes,Electronic check,73.25,1112.37,Yes
7342-MAMMN,Male,0,Yes,Yes,54,Yes,No,Fiber optic,No,No,No,No,Yes,No,One year,No,Bank transfer (automatic),82.18,4406.97,No
7343-PHCBA,Male,0,Yes,No,8,Yes,Yes,DSL,No,No,Yes,Yes,No,No,One year,No,Mailed check,58.92,428.64,No
7344-NCOBB,Male,1,Yes,No,72,No,No phone service,Fiber optic,Yes,Yes,No,Yes,Yes,No,Month-to-month,Yes,Credit card (automatic),86.84,6183.32,No
7345-FLABN,Female,0,No,Yes,7,Yes,No,Fiber optic,Yes,No,No,No,No,No,One year,Yes,Mailed check,91.69,705.53,Yes
7346-FCODA,Male,0,Yes,Yes,2,Yes,No,No,No internet service,No internet service,No internet service,No internet service,No internet service,No internet service,Two year,Yes,Electronic check,18.0,75.87,No
7347-HMGGC,Male,0,No,No,4,Yes,Yes,Fiber optic,Yes,No,No,No,Yes,No,Month-to-month,Yes,Credit card (automatic),96.13,336.89,Yes
7348-PJJCN,Male,0,No,No,11,Yes,No,Fiber optic,Yes,No,Yes,Yes,No,Yes,Month-to-month,Yes,Mailed check,79.85,871.1,No
7349-BLAGG,Female,0,No,Yes,20,Yes,No,DSL,No,No,No,No,No,No,One year,Yes,Mailed check,55.8,1168.82,No
7350-LPBGM,Male,0,No,No,14,Yes,Yes,Fiber optic,No,Yes,No,No,Yes,No,Month-to-month,Yes,Mailed check,75.9,1082.09,No
7351-HAIGC,Female,0,Yes,No,9,Yes,No,DSL,Yes,No,Yes,No,Yes,No,One year,Yes,Credit card (automatic),56.24,532.46,No
7352-HGKOM,Male,0,Yes,No,16,Yes,Yes,DSL,No,Yes,No,Yes,No,No,Two year,No,Electronic check,54.79,916.88,No
7353-HFIOE,Male,0,No,No,36,Yes,No,Fiber optic,Yes,No,Yes,No,Yes,No,Two year,Yes,Electronic check,77.22,2753.34,No
7354-CCALO,Female,0,Yes,No,36,Yes,Yes,DSL,Yes,No,No,No,Yes,No,Month-to-month,Yes,Mailed check,62.51,2268.78,No
7355-HBCPH,Female,1,Yes,No,25,Yes,No,Fiber optic,Yes,Yes,No,Yes,No,Yes,Two year,Yes,Credit card (automatic),85.25,2141.86,No
7356-NPHNK,Female,1,No,Yes,60,Yes,No,No,No internet service,No internet service,No internet service,No internet service,No internet service,No internet service,Month-to-month,Yes,Electronic check,29.03,1690.98,No
7357-PDDEF,Female,0,Yes,Yes,17,Yes,Yes,Fiber optic,No,No,Yes,Yes,No,Yes,Month-to-month,Yes,Electronic check,77.94,1346.92,Yes
7358-ENOGP,Female,0,No,No,0,No,No phone service,DSL,Yes,No,Yes,No,No,Yes,Month-to-month,Yes,Bank transfer (automatic),50.02,0.0,Yes
7359-BGJGA,Male,0,Yes,Yes,6,Yes,Yes,DSL,No,No,No,No,No,No,Two year,No,Bank transfer (automatic),56.87,335.01,No
7360-GECPM,Male,0,No,No,7,Yes,No,Fiber optic,No,No,No,Yes,Yes,No,Month-to-month,Yes,Mailed check,84.01,598.62,No
7361-CDMLB,Female,0,No,No,15,Yes,No,Fiber optic,Yes,No,No,No,Yes,Yes,Two year,Yes,Credit card (automatic),79.87,1249.21,No
7362-BAOED,Male,0,Yes,Yes,47,Yes,Yes,Fiber optic,No,Yes,No,Yes,No,No,Month-to-month,Yes,Electronic check,107.22,5040.46,Yes
7363-KJOBC,Male,0,No,No,36,Yes,No,Fiber optic,No,No,No,Yes,Yes,No,Two year,Yes,Mailed check,84.01,3043.76,No
7364-GGLDE,Female,1,No,No,5,Yes,Yes,Fiber optic,Yes,No,Yes,No,Yes,No,Month-to-month,No,Mailed check,82.66,430.07,Yes
7365-EFPNI,Female,0,No,No,14,Yes,Yes,DSL,No,Yes,No,No,Yes,No,Month-to-month,Yes,Electronic check,72.91,961.66,Yes
7366-BELCD,Female,0,No,Yes,21,Yes,Yes,Fiber optic,No,Yes,Yes,Yes,Yes,Yes,Two year,Yes,Electronic check,80.05,1630.61,No
7367-JFLHA,Male,0,No,Yes,72,Yes,No,No,No internet service,No internet service,No internet service,No internet service,No internet service,No internet service,Month-to-month,Yes,Electronic check,22.82,1651.2,No
7368-JNHKN,Female,1,Yes,No,0,Yes,No,DSL,No,Yes,No,No,No,No,Month-to-month,Yes,Electronic check,60.56,89.23,Yes
7369-GPPAB,Male,0,Yes,No,12,Yes,No,Fiber optic,Yes,Yes,No,No,Yes,No,Two year,No,Bank transfer (automatic),96.28,1174.61,No
7370-CANIH,Female,1,No,No,72,Yes,Yes,Fiber optic,Yes,No,Yes,No,Yes,Yes,Two year,Yes,Bank transfer (automatic),84.88,6140.56,No
7371-BMIGI,Female,0,Yes,No,72,Yes,Yes,Fiber optic,No,No,No,No,Yes,No,Month-to-month,Yes,Mailed check,82.91,6021.81,No
7372-FFKND,Female,0,Yes,No,8,Yes,Yes,Fiber optic,Yes,No,No,No,Yes,Yes,One year,Yes,Electronic check,74.81,574.3,Yes
7373-JJMMB,Female,0,Yes,No,0,Yes,No,No,No internet service,No internet service,No internet service,No internet service,No internet service,No internet service,One year,Yes,Mailed check,18.0,119.55,No
7374-GEKFB,Male,0,No,No,17,Yes,Yes,Fiber optic,No,No,Yes,No,No,No,Month-to-month,No,Credit card (automatic),82.33,1463.78,No
7375-PEJDI,Male,0,No,Yes,40,Yes,Yes,Fiber optic,Yes,No,No,No,No,No,Month-to-month,Yes,Bank transfer (automatic),70.92,2856.85,No
7376-FBAEI,Male,0,No,No,7,Yes,Yes,Fiber optic,No,No,Yes,No,Yes,No,Month-to-month,Yes,Bank transfer (automatic),85.52,579.48,No
7377-FJLGE,Female,1,No,Yes,54,Yes,No,No,No internet service,No internet service,No internet service,No internet service,No internet service,No internet service,Month-to-month,Yes,Electronic check,18.0,917.13,No
7378-JFEKI,Male,0,No,No,8,Yes,Yes,No,No internet service,No internet service,No internet service,No internet service,No internet service,No internet service,Month-to-month,Yes,Electronic check,18.0,168.14,No
7379-OFKHB,Male,0,No,Yes,18,Yes,Yes,No,No internet service,No internet service,No internet service,No internet service,No internet service,No internet service,Month-to-month,Yes,Electronic check,18.0,404.28,No
7380-LMIEG,Male,0,Yes,No,25,Yes,No,DSL,No,No,No,Yes,No,No,Month-to-month,No,Mailed check,35.15,946.06,No
7381-JMAJE,Female,0,Yes,No,8,Yes,No,DSL,No,No,Yes,No,No,No,Month-to-month,No,Bank transfer (automatic),70.91,663.9,No
7382-LNJNP,Male,0,No,No,8,Yes,Yes,Fiber optic,Yes,Yes,No,No,No,No,Month-to-month,No,Bank transfer (automatic),99.16,668.3,No
7383-BLFKA,Female,0,Yes,No,12,No,No phone service,DSL,Yes,Yes,Yes,No,No,Yes,Month-to-month,Yes,Bank transfer (automatic),45.01,570.99,No
7384-CEDCJ,Female,0,No,No,36,Yes,Yes,Fiber optic,Yes,No,No,No,No,No,Two year,No,Credit card (automatic),69.27,2508.51,No
7385-MEKHK,Male,0,No,Yes,2,Yes,No,DSL,No,No,No,No,No,Yes,Two year,Yes,Electronic check,59.51,140.95,Yes
7386-PDAKG,Male,0,No,No,19,Yes,No,Fiber optic,Yes,No,No,Yes,No,No,Month-to-month,No,Credit card (automatic),81.76,1591.01,Yes
7387-HCFBG,Female,0,Yes,No,22,Yes,Yes,Fiber optic,Yes,No,Yes,Yes,No,Yes,Month-to-month,Yes,Bank transfer (automatic),82.06,1823.12,No
7388-OHFFE,Female,0,Yes,No,16,Yes,No,Fiber optic,No,No,Yes,Yes,No,Yes,One year,Yes,Electronic check,84.5,1401.77,No
7389-HAJDO,Female,0,No,No,54,Yes,No,DSL,No,No,Yes,Yes,No,No,Two year,Yes,Bank transfer (automatic),50.82,2769.09,No
7390-DCCDK,Male,1,Yes,No,18,Yes,No,No,No internet service,No internet service,No internet service,No internet service,No internet service,No internet service,Month-to-month,Yes,Mailed check,35.04,646.91,No
7391-ANKMK,Female,0,No,Yes,20,No,No phone service,Fiber optic,No,No,Yes,No,No,No,Month-to-month,Yes,Mailed check,75.79,1524.53,Yes
7392-BIJBE,Female,1,No,Yes,18,Yes,Yes,Fiber optic,No,No,No,No,Yes,Yes,Month-to-month,Yes,Electronic check,76.15,1381.31,No
7393-IIHAA,Female,0,No,No,25,Yes,Yes,Fiber optic,No,No,No,No,Yes,No,One year,Yes,Mailed check,78.08,1884.56,No
7394-IMKHJ,Male,0,No,No,2,Yes,No,Fiber optic,No,Yes,Yes,Yes,No,No,Two year,No,Electronic check,81.24,172.97,Yes
7395-IGCCB,Female,0,Yes,Yes,44,Yes,Yes,Fiber optic,Yes,Yes,No,Yes,No,Yes,One year,Yes,Electronic check,94.11,4164.8,Yes
7396-ELLCN,Female,0,No,Yes,0,Yes,Yes,DSL,No,No,No,No,Yes,Yes,One year,Yes,Credit card (automatic),52.74,31.52,No
7397-FBLCE,Female,0,Yes,Yes,20,No,No phone service,No,No internet service,No internet service,No internet service,No internet service,No internet service,No internet service,One year,No,Bank transfer (automatic),18.0,337.48,No
7398-LKKAM,Female,1,Yes,Yes,19,Yes,No,Fiber optic,Yes,Yes,No,No,No,No,Month-to-month,Yes,Mailed check,84.21,1616.33,No
7399-AJIGA,Female,0,No,No,4,Yes,Yes,Fiber optic,No,Yes,No,No,No,No,One year,No,Mailed check,76.77,324.45,No
7400-OLNPH,Male,0,No,No,0,Yes,No,DSL,No,No,No,Yes,Yes,No,Month-to-month,No,Credit card (automatic),61.98,20.77,No
7401-CHOEA,Male,0,No,No,2,Yes,No,No,No internet service,No internet service,No internet service,No internet service,No internet service,No internet service,Month-to-month,Yes,Electronic check,18.0,11.16,Yes
7402-GEFPF,Female,0,Yes,Yes,6,Yes,No,DSL,Yes,Yes,No,Yes,No,Yes,Month-to-month,Yes,Mailed check,59.89,237.06,No
7403-HIBIL,Female,0,No,No,42,Yes,Yes,Fiber optic,No,Yes,No,No,Yes,Yes,One year,Yes,Bank transfer (automatic),93.68,3945.89,No
7404-OKJIM,Female,1,Yes,Yes,38,Yes,No,No,No internet service,No internet service,No internet service,No internet service,No internet service,No internet service,Two year,Yes,Electronic check,18.0,670.85,No
7405-JOPJP,Female,0,No,No,1,Yes,No,Fiber optic,No,Yes,Yes,No,Yes,No,One year,No,Bank transfer (automatic),97.52,69.53,No
7406-GAGJE,Female,1,No,No,6,Yes,Yes,Fiber optic,Yes,No,No,No,No,Yes,Month-to-month,No,Mailed check,81.06,493.43,Yes
7407-FJGNO,Female,0,Yes,No,44,Yes,No,Fiber optic,No,Yes,No,No,Yes,Yes,Month-to-month,No,Mailed check,93.01,4049.0,No
7408-EGICP,Male,0,Yes,Yes,5,Yes,Yes,Fiber optic,No,Yes,Yes,Yes,Yes,Yes,Month-to-month,Yes,Bank transfer (automatic),98.71,570.76,Yes
7409-HBKGM,Female,0,Yes,Yes,72,No,No phone service,DSL,Yes,No,No,No,Yes,No,Month-to-month,No,Credit card (automatic),47.69,3357.91,No
7410-BONDG,Female,0,No,No,5,Yes,No,DSL,No,Yes,No,Yes,No,Yes,Month-to-month,No,Credit card (automatic),60.43,290.47,Yes
7411-CBKJG,Male,0,No,Yes,26,Yes,Yes,Fiber optic,No,No,Yes,No,No,No,Month-to-month,No,Electronic check,74.92,1933.96,Yes
7412-ANOHC,Male,0,No,No,10,Yes,No,No,No internet service,No internet service,No internet service,No internet service,No internet service,No internet service,One year,Yes,Electronic check,24.34,181.06,No
7413-LLMBC,Male,1,Yes,No,2,No,No phone service,Fiber optic,No,Yes,Yes,Yes,Yes,No,One year,Yes,Mailed check,80.23,91.12,No
7414-EKHJG,Male,0,No,No,5,Yes,Yes,Fiber optic,No,Yes,Yes,No,Yes,No,Month-to-month,Yes,Bank transfer (automatic),79.75,419.27,Yes
7415-GLGOH,Female,1,Yes,No,22,Yes,Yes,Fiber optic,No,Yes,No,Yes,No,Yes,One year,Yes,Mailed check,85.74,1999.21,No
7416-ADMFI,Male,1,No,Yes,8,Yes,No,No,No internet service,No internet service,No internet service,No internet service,No internet service,No internet service,Month-to-month,Yes,Credit card (automatic),26.53,152.98,No
7417-MBAPM,Male,0,Yes,No,18,No,No phone service,No,No internet service,No internet service,No internet service,No internet service,No internet service,No internet service,Month-to-month,No,Electronic check,20.54,226.27,Yes
7418-JLNBG,Male,0,No,Yes,4,Yes,Yes,Fiber optic,No,No,No,No,Yes,Yes,Two year,No,Electronic check,83.84,259.79,No
7419-CJBNK,Female,0,No,Yes,11,Yes,No,DSL,Yes,Yes,No,Yes,Yes,No,One year,No,Electronic check,59.32,621.58,No
7420-GMMBP,Female,0,Yes,No,14,Yes,Yes,Fiber optic,Yes,No,No,No,Yes,No,Month-to-month,Yes,Bank transfer (automatic),89.16,1231.37,No
7421-PCKGN,Female,0,No,Yes,10,Yes,No,DSL,No,No,No,Yes,No,Yes,Two year,Yes,Mailed check,65.81,662.23,No
7422-DMNAM,Male,0,No,Yes,4,Yes,Yes,No,No internet service,No internet service,No internet service,No internet service,No internet service,No internet service,One year,Yes,Electronic check,18.0,109.81,No
7423-NELIP,Female,0,Yes,No,12,Yes,No,Fiber optic,No,No,Yes,No,Yes,No,Month-to-month,Yes,Bank transfer (automatic),80.58,924.57,No
7424-HLOIJ,Male,0,Yes,No,23,Yes,No,Fiber optic,No,Yes,No,No,No,No,One year,Yes,Mailed check,90.95,2032.38,No
7425-NIOGD,Male,0,No,No,66,Yes,No,No,No internet service,No internet service,No internet service,No internet service,No internet service,No internet service,Month-to-month,Yes,Electronic check,30.74,2106.97,No
7426-EANAC,Male,0,No,No,31,Yes,No,No,No internet service,No internet service,No internet service,No internet service,No internet service,No internet service,One year,Yes,Electronic check,19.97,655.72,No
7427-MNHNB,Male,0,No,No,3,Yes,No,No,No internet service,No internet service,No internet service,No internet service,No internet service,No internet service,One year,Yes,Credit card (automatic),18.0,0.33,No
7428-DBNEI,Female,0,No,No,6,Yes,Yes,DSL,No,Yes,No,No,No,Yes,Two year,Yes,Credit card (automatic),55.52,357.06,Yes
7429-PAENO,Female,1,Yes,No,1,Yes,No,DSL,Yes,No,Yes,No,No,No,Month-to-month,Yes,Electronic check,61.66,74.44,Yes
7430-IOAIH,Female,0,Yes,Yes,2,Yes,No,DSL,No,No,Yes,No,No,No,Month-to-month,No,Electronic check,54.91,153.47,Yes
7431-DLKJE,Female,0,Yes,No,5,No,No phone service,Fiber optic,No,No,Yes,No,No,No,Two year,No,Bank transfer (automatic),81.17,421.77,No
7432-MEKLF,Male,0,No,No,4,Yes,Yes,Fiber optic,No,No,Yes,No,Yes,No,Month-to-month,Yes,Bank transfer (automatic),84.51,387.22,Yes
7433-GHONH,Male,0,No,Yes,4,Yes,Yes,DSL,Yes,No,Yes,No,Yes,No,Two year,Yes,Mailed check,50.24,161.79,Yes
7434-KNMBI,Male,0,Yes,Yes,5,Yes,No,Fiber optic,No,No,No,No,Yes,Yes,Month-to-month,No,Mailed check,80.13,391.62,No
7435-GDDKH,Male,0,No,No,7,No,No phone service,DSL,Yes,No,Yes,No,No,No,Month-to-month,No,Bank transfer (automatic),58.13,359.91,No
7436-DMOFE,Male,0,No,No,2,No,No phone service,Fiber optic,No,Yes,No,No,Yes,Yes,Month-to-month,No,Credit card (automatic),76.23,122.5,Yes
7437-CMNJK,Female,0,Yes,No,6,Yes,Yes,Fiber optic,No,No,No,No,Yes,No,Two year,Yes,Bank transfer (automatic),80.37,477.23,No
7438-BIJIA,Female,0,No,No,23,No,No phone service,Fiber optic,No,Yes,Yes,No,No,No,Month-to-month,No,Electronic check,76.46,1781.73,No
7439-JCHFE,Male,0,No,No,5,Yes,No,No,No internet service,No internet service,No internet service,No internet service,No internet service,No internet service,Month-to-month,No,Bank transfer (automatic),18.0,76.08,Yes
7440-EFOGA,Male,1,Yes,No,3,Yes,Yes,Fiber optic,No,No,Yes,No,No,Yes,Month-to-month,Yes,Electronic check,79.76,272.6,No
7441-ICDJA,Female,0,No,No,1,Yes,No,DSL,No,No,No,No,No,No,Month-to-month,Yes,Mailed check,51.73,61.89,No
7442-MKJCB,Female,0,Yes,No,13,Yes,Yes,DSL,No,No,No,No,Yes,No,Month-to-month,Yes,Mailed check,48.57,619.08,Yes
7443-BNAHC,Male,0,Yes,Yes,36,Yes,Yes,Fiber optic,No,No,No,Yes,No,No,Month-to-month,No,Bank transfer (automatic),65.2,2406.2,No
7444-PCFMH,Female,0,Yes,No,1,Yes,No,No,No internet service,No internet service,No internet service,No internet service,No internet service,No internet service,Month-to-month,Yes,Electronic check,31.86,26.68,Yes
7445-MOIID,Female,1,No,No,15,Yes,Yes,No,No internet service,No internet service,No internet service,No internet service,No internet service,No internet service,Month-to-month,No,Credit card (automatic),24.02,315.21,Yes
7446-NEBKI,Male,0,Yes,No,21,Yes,Yes,No,No internet service,No internet service,No internet service,No internet service,No internet service,No internet service,One year,No,Bank transfer (automatic),18.0,385.49,No
7447-HCKLM,Male,0,No,Yes,17,Yes,Yes,Fiber optic,Yes,No,No,No,Yes,No,Month-to-month,Yes,Electronic check,87.6,1446.01,Yes
7448-ICIBL,Female,0,No,No,42,Yes,Yes,Fiber optic,No,No,Yes,No,No,No,Month-to-month,Yes,Electronic check,73.22,2990.11,No
7449-JIOHI,Female,0,No,Yes,40,Yes,Yes,Fiber optic,No,No,No,No,No,No,Month-to-month,No,Electronic check,73.36,3036.63,Yes
7450-EKKBH,Male,0,No,No,1,Yes,No,Fiber optic,No,No,No,No,No,No,Month-to-month,No,Bank transfer (automatic),78.67,50.15,Yes
7451-LOFHK,Female,1,Yes,No,8,Yes,No,DSL,No,Yes,No,No,Yes,Yes,Two year,No,Electronic check,58.69,530.66,No
7452-EPJBF,Female,0,No,No,22,Yes,Yes,DSL,No,No,No,No,Yes,No,Two year,Yes,Electronic check,57.5,1198.09,No
7453-ELPML,Female,0,Yes,No,60,Yes,Yes,Fiber optic,No,No,No,No,No,Yes,Month-to-month,No,Electronic check,92.74,5641.09,No
7454-EMABH,Male,0,No,No,32,Yes,No,DSL,Yes,Yes,Yes,No,Yes,No,One year,No,Mailed check,57.35,1850.34,No
7455-MPNMC,Female,0,No,No,3,Yes,No,No,No internet service,No internet service,No internet service,No internet service,No internet service,No internet service,One year,No,Mailed check,18.0,52.93,No
7456-JCHHB,Female,0,No,No,6,Yes,No,Fiber optic,No,No,Yes,Yes,Yes,Yes,Two year,Yes,Electronic check,88.18,537.19,No
7457-HKMMA,Male,0,Yes,No,28,Yes,Yes,Fiber optic,Yes,Yes,No,No,No,Yes,Two year,Yes,Credit card (automatic),92.54,2561.53,No
7458-FHCPH,Male,0,No,No,12,Yes,No,DSL,Yes,Yes,Yes,No,No,No,Month-to-month,Yes,Credit card (automatic),55.92,655.98,No
7459-LAKKP,Female,0,Yes,Yes,15,Yes,Yes,Fiber optic,Yes,Yes,No,No,No,No,Two year,Yes,Electronic check,79.06,1153.21,Yes
7460-IMKMI,Male,0,Yes,No,18,No,No phone service,Fiber optic,Yes,No,Yes,No,No,No,Two year,No,Mailed check,97.61,1807.7,No
7461-EJDOK,Male,0,Yes,No,2,No,No phone service,Fiber optic,No,No,No,No,Yes,Yes,Month-to-month,Yes,Mailed check,82.71,194.04,Yes
7462-FLGEK,Female,0,Yes,Yes,38,Yes,No,Fiber optic,Yes,No,No,Yes,No,Yes,Month-to-month,Yes,Bank transfer (automatic),92.32,3504.65,No
7463-MJICO,Male,0,No,Yes,39,Yes,Yes,No,No internet service,No internet service,No internet service,No internet service,No internet service,No internet service,One year,Yes,Mailed check,18.0,708.38,No
7464-GJJPK,Female,0,No,Yes,12,Yes,Yes,Fiber optic,Yes,No,No,No,No,No,Month-to-month,Yes,Mailed check,90.19,1096.98,No
7465-ENGOB,Female,0,Yes,No,19,Yes,Yes,Fiber optic,Yes,Yes,Yes,No,Yes,Yes,One year,Yes,Mailed check,77.6,1468.31,No
7466-DBNMM,Male,1,No,No,21,Yes,Yes,DSL,No,No,Yes,No,Yes,Yes,Month-to-month,Yes,Bank transfer (automatic),55.12,1110.62,Yes
7467-LGBPM,Female,1,Yes,No,4,Yes,No,Fiber optic,No,No,No,No,No,No,Month-to-month,Yes,Mailed check,91.41,366.08,No
7468-NKAIA,Female,1,No,No,2,Yes,No,No,No internet service,No internet service,No internet service,No internet service,No internet service,No internet service,Two year,Yes,Credit card (automatic),27.27,99.49,No
7469-HOBLP,Female,1,No,No,0,Yes,No,No,No internet service,No internet service,No internet service,No internet service,No internet service,No internet service,Two year,Yes,Electronic check,24.65,0.0,Yes
7470-HMCPF,Female,0,No,No,48,Yes,No,DSL,No,Yes,No,No,No,No,Month-to-month,Yes,Credit card (automatic),62.82,3034.98,No
7471-CNGJI,Female,1,Yes,No,8,Yes,Yes,No,No internet service,No internet service,No internet service,No internet service,No internet service,No internet service,Two year,Yes,Credit card (automatic),24.56,190.83,No
7472-PBOLL,Male,1,No,Yes,1,Yes,No,DSL,No,Yes,No,No,No,Yes,Month-to-month,No,Credit card (automatic),49.21,15.33,No
7473-ONEMF,Male,0,Yes,No,12,Yes,No,Fiber optic,No,No,No,No,No,Yes,One year,Yes,Electronic check,82.07,1042.38,No
7474-DDPDB,Female,0,No,No,1,Yes,Yes,No,No internet service,No internet service,No internet service,No internet service,No internet service,No internet service,Month-to-month,No,Electronic check,22.66,0.0,No
7475-DKPAL,Female,0,No,No,1,Yes,Yes,Fiber optic,No,Yes,No,No,No,Yes,One year,Yes,Credit card (automatic),78.07,34.16,No
7476-FAJFA,Male,0,No,No,13,Yes,Yes,Fiber optic,No,No,No,No,Yes,No,Month-to-month,Yes,Credit card (automatic),95.64,1206.53,No
7477-FJHKB,Female,0,Yes,No,14,Yes,No,DSL,No,No,No,Yes,Yes,No,Two year,Yes,Electronic check,53.99,858.19,No
7478-BNPOM,Female,0,No,No,17,Yes,Yes,DSL,No,No,No,No,No,No,One year,No,Mailed check,55.57,1059.44,No
7479-LDKCD,Female,0,No,No,21,Yes,No,No,No internet service,No internet service,No internet service,No internet service,No internet service,No internet service,Month-to-month,Yes,Electronic check,18.0,342.81,No
7480-MLGMK,Male,0,No,Yes,22,Yes,No,No,No internet service,No internet service,No internet service,No internet service,No internet service,No internet service,One year,Yes,Electronic check,23.93,516.56,No
7481-AFOOP,Female,0,No,No,11,Yes,No,No,No internet service,No internet service,No internet service,No internet service,No internet service,No internet service,Two year,No,Electronic check,18.0,197.54,No
7482-CKJGJ,Male,1,No,No,20,Yes,Yes,DSL,No,No,No,No,No,No,Month-to-month,Yes,Electronic check,45.98,885.06,No
7483-BNBMD,Female,0,No,No,7,No,No phone service,No,No internet service,No internet service,No internet service,No internet service,No internet service,No internet service,Month-to-month,No,Bank transfer (automatic),18.0,153.81,Yes
7484-ACMIG,Female,1,Yes,No,11,Yes,Yes,DSL,No,No,No,Yes,No,Yes,Two year,Yes,Electronic check,55.05,657.02,No
7485-OGMMK,Male,0,No,Yes,9,Yes,No,DSL,No,No,No,Yes,No,No,One year,Yes,Credit card (automatic),52.98,498.68,No
7486-DPBON,Male,0,Yes,Yes,7,Yes,No,Fiber optic,No,No,No,Yes,Yes,Yes,Two year,No,Mailed check,97.74,637.11,Yes
7487-DFKKC,Female,0,No,No,5,Yes,No,Fiber optic,No,No,No,No,Yes,No,Month-to-month,Yes,Mailed check,91.62,424.5,Yes
7488-ANLHL,Female,0,No,Yes,1,Yes,No,DSL,No,No,Yes,No,No,No,Two year,Yes,Credit card (automatic),55.28,43.16,No
7489-MEOPE,Female,0,Yes,Yes,14,Yes,No,DSL,No,Yes,No,Yes,No,Yes,Two year,No,Bank transfer (automatic),57.09,846.66,No
7490-KDFCI,Male,0,No,No,15,Yes,Yes,Fiber optic,Yes,No,No,No,No,No,Two year,No,Electronic check,93.42,1384.42,No
7491-ECKAJ,Female,0,No,Yes,8,Yes,Yes,DSL,No,No,No,No,No,No,One year,Yes,Mailed check,68.91,549.22,No
7492-LFOBM,Male,0,No,Yes,72,Yes,Yes,DSL,No,No,Yes,Yes,Yes,No,Month-to-month,Yes,Mailed check,59.11,4183.5,No
7493-CPAIH,Female,1,Yes,No,16,Yes,No,Fiber optic,No,No,No,No,Yes,Yes,Month-to-month,Yes,Bank transfer (automatic),86.84,1446.06,No
7494-LBOLP,Female,0,Yes,Yes,43,Yes,No,DSL,No,Yes,Yes,No,Yes,Yes,Month-to-month,No,Bank transfer (automatic),55.65,2364.67,No
7495-KHLNI,Female,0,No,Yes,16,Yes,No,Fiber optic,Yes,No,No,No,No,No,Month-to-month,No,Mailed check,88.72,1342.12,No
7496-AMEHO,Female,0,Yes,Yes,4,Yes,Yes,No,No internet service,No internet service,No internet service,No internet service,No internet service,No internet service,One year,No,Mailed check,29.55,202.99,No
7497-KNBDG,Female,0,No,No,72,Yes,No,DSL,Yes,No,No,Yes,No,Yes,One year,No,Mailed check,57.56,4188.66,No
7498-CMPLE,Female,1,Yes,No,43,Yes,Yes,No,No internet service,No internet service,No internet service,No internet service,No internet service,No internet service,Month-to-month,No,Mailed check,30.37,1298.79,No
7499-HLJCD,Female,0,Yes,Yes,12,No,No phone service,DSL,No,Yes,No,No,No,Yes,One year,Yes,Electronic check,49.23,575.59,Yes
7500-NOINN,Male,1,No,Yes,5,Yes,Yes,DSL,No,No,Yes,No,Yes,No,Month-to-month,Yes,Credit card (automatic),42.72,204.58,Yes
7501-GANLD,Female,1,Yes,No,5,Yes,No,Fiber optic,No,No,No,No,No,No,Month-to-month,Yes,Bank transfer (automatic),90.04,446.44,No
7502-DIFPI,Female,0,No,Yes,32,Yes,No,Fiber optic,No,Yes,No,No,No,No,Month-to-month,Yes,Mailed check,82.41,2695.75,No
7503-LOFFE,Female,0,No,No,1,Yes,No,Fiber optic,Yes,Yes,No,No,No,No,One year,Yes,Mailed check,90.42,22.53,Yes
7504-EBHHK,Female,0,No,No,20,Yes,No,DSL,No,No,No,No,No,No,Two year,Yes,Electronic check,50.24,1039.77,No
7505-PMAHE,Male,0,Yes,Yes,20,Yes,No,No,No internet service,No internet service,No internet service,No internet service,No internet service,No internet service,Month-to-month,Yes,Mailed check,20.24,351.43,No
7506-BNPBN,Male,0,No,No,4,Yes,No,No,No internet service,No internet service,No internet service,No internet service,No internet service,No internet service,Two year,No,Bank transfer (automatic),18.3,118.89,Yes
7507-OOFPK,Female,0,Yes,No,24,Yes,Yes,No,No internet service,No internet service,No internet service,No internet service,No internet service,No internet service,Month-to-month,No,Mailed check,27.29,574.7,No
7508-MIALF,Female,0,No,Yes,24,Yes,No,Fiber optic,Yes,No,No,No,No,Yes,Two year,Yes,Mailed check,81.14,1887.37,No
7509-IHKFC,Male,1,Yes,No,8,Yes,No,Fiber optic,Yes,No,No,No,Yes,No,Two year,Yes,Mailed check,78.3,603.21,No
7510-HIALI,Male,0,Yes,No,13,Yes,No,No,No internet service,No internet service,No internet service,No internet service,No internet service,No internet service,One year,No,Bank transfer (automatic),18.0,248.47,No
7511-NPOPF,Male,1,No,Yes,35,Yes,No,No,No internet service,No internet service,No internet service,No internet service,No internet service,No internet service,Month-to-month,Yes,Bank transfer (automatic),23.27,840.9,No
7512-FLDAJ,Female,0,No,No,14,Yes,Yes,No,No internet service,No internet service,No internet service,No internet service,No internet service,No internet service,Month-to-month,Yes,Bank transfer (automatic),18.0,237.61,No
7513-HPBLA,Male,0,Yes,Yes,19,Yes,No,No,No internet service,No internet service,No internet service,No internet service,No internet service,No internet service,Month-to-month,No,Electronic check,19.18,344.65,No
7514-BAAIM,Male,0,No,No,10,Yes,No,Fiber optic,No,Yes,No,No,No,Yes,One year,No,Bank transfer (automatic),80.6,862.79,No
7515-NAMDJ,Female,0,No,No,3,Yes,Yes,Fiber optic,No,No,No,No,No,No,Month-to-month,Yes,Bank transfer (automatic),81.02,181.5,No
7516-FGBFG,Female,1,Yes,Yes,72,Yes,No,Fiber optic,Yes,No,No,No,Yes,Yes,Month-to-month,No,Mailed check,97.34,7102.74,No
7517-JNJBO,Female,1,Yes,No,15,Yes,Yes,No,No internet service,No internet service,No internet service,No internet service,No internet service,No internet service,Month-to-month,No,Bank transfer (automatic),34.04,565.26,Yes
7518-BJGLA,Male,0,Yes,No,8,Yes,No,DSL,Yes,Yes,Yes,No,No,Yes,Month-to-month,No,Credit card (automatic),65.16,478.47,No
7519-HKMCK,Male,1,Yes,No,25,Yes,No,DSL,Yes,No,No,Yes,No,Yes,Month-to-month,Yes,Electronic check,60.55,1511.91,Yes
7520-FIFIG,Male,0,Yes,No,19,No,No phone service,DSL,Yes,Yes,No,No,No,No,Month-to-month,Yes,Electronic check,57.33,1107.6,No
7521-OPIBL,Male,0,Yes,No,5,Yes,Yes,No,No internet service,No internet service,No internet service,No internet service,No internet service,No internet service,One year,No,Bank transfer (automatic),18.0,0.0,No
7522-HHBLN,Female,0,No,No,41,Yes,No,No,No internet service,No internet service,No internet service,No internet service,No internet service,No internet service,Month-to-month,No,Electronic check,18.0,821.25,No
7523-DNOKO,Male,0,Yes,Yes,1,Yes,No,DSL,No,No,No,Yes,No,No,One year,Yes,Credit card (automatic),52.38,133.0,No
7524-GKDPD,Female,0,No,No,18,Yes,No,DSL,No,No,Yes,Yes,No,Yes,One year,Yes,Electronic check,72.43,1304.57,No
7525-FJFJO,Male,0,No,No,12,Yes,Yes,Fiber optic,No,No,No,Yes,No,Yes,Month-to-month,No,Mailed check,78.75,1042.32,Yes
7526-COILJ,Male,0,No,No,7,Yes,Yes,Fiber optic,No,No,No,No,Yes,No,Month-to-month,Yes,Credit card (automatic),87.36,616.64,Yes
7527-NKBFL,Male,0,No,No,35,Yes,No,DSL,No,No,No,Yes,Yes,Yes,One year,No,Electronic check,39.22,1358.16,No
7528-GLMIM,Female,0,Yes,No,21,Yes,No,No,No internet service,No internet service,No internet service,No internet service,No internet service,No internet service,Two year,No,Mailed check,24.52,490.58,No
7529-CJCGN,Male,1,Yes,Yes,28,Yes,No,Fiber optic,No,No,Yes,No,Yes,No,Month-to-month,No,Electronic check,83.66,2322.97,Yes
7530-DMHMG,Female,0,No,No,10,Yes,No,Fiber optic,Yes,No,Yes,No,Yes,No,Month-to-month,Yes,Credit card (automatic),71.56,661.81,Yes
7531-EGPCL,Female,0,Yes,Yes,57,Yes,Yes,No,No internet service,No internet service,No internet service,No internet service,No internet service,No internet service,One year,Yes,Electronic check,27.36,1532.8,No
7532-BFBCF,Female,0,Yes,No,8,Yes,No,DSL,No,Yes,No,No,No,Yes,Two year,No,Electronic check,58.09,440.18,No
7533-EPHIK,Female,0,No,Yes,15,Yes,No,Fiber optic,No,Yes,Yes,No,No,Yes,Two year,Yes,Credit card (automatic),73.73,1131.35,No
7534-CLJCC,Male,0,Yes,Yes,54,Yes,Yes,Fiber optic,No,No,Yes,No,Yes,No,Month-to-month,Yes,Electronic check,84.86,4604.67,Yes
7535-MMFOO,Male,0,No,No,1,Yes,No,No,No internet service,No internet service,No internet service,No internet service,No internet service,No internet service,Month-to-month,Yes,Bank transfer (automatic),23.16,54.76,Yes
7536-AGLAN,Female,1,No,No,2,No,No phone service,DSL,No,No,No,No,Yes,Yes,Two year,Yes,Electronic check,55.51,128.77,No
7537-EOJMH,Female,1,No,No,72,Yes,Yes,Fiber optic,No,Yes,No,No,No,Yes,Month-to-month,No,Electronic check,91.99,6627.37,Yes
7538-DEDLL,Male,0,No,No,71,Yes,No,Fiber optic,Yes,No,Yes,No,No,No,Month-to-month,No,Credit card (automatic),88.06,6257.89,No
7539-NDLHB,Male,0,Yes,No,29,Yes,No,No,No internet service,No internet service,No internet service,No internet service,No internet service,No internet service,One year,Yes,Electronic check,30.36,941.39,Yes
7540-ACPID,Female,0,No,No,13,Yes,No,No,No internet service,No internet service,No internet service,No internet service,No internet service,No internet service,One year,No,Electronic check,18.0,267.22,No
7541-JEBPD,Male,0,Yes,No,14,Yes,No,DSL,Yes,No,Yes,Yes,No,No,One year,No,Bank transfer (automatic),69.19,927.69,No
7542-BOBDF,Male,0,No,No,5,Yes,Yes,DSL,No,No,No,No,Yes,No,Month-to-month,Yes,Mailed check,54.49,334.62,Yes
7543-GJCCJ,Male,0,Yes,No,11,Yes,No,DSL,Yes,No,No,No,No,No,Two year,Yes,Bank transfer (automatic),70.86,807.56,No
7544-FMLCM,Female,0,No,No,11,Yes,No,Fiber optic,No,No,Yes,Yes,Yes,No,Month-to-month,Yes,Electronic check,71.19,781.9,No
7545-BHEOA,Female,0,No,No,0,Yes,No,No,No internet service,No internet service,No internet service,No internet service,No internet service,No internet service,Month-to-month,Yes,Bank transfer (automatic),19.49,0.0,No
7546-CJHDP,Female,1,Yes,No,12,No,No phone service,DSL,No,Yes,No,No,No,Yes,One year,Yes,Electronic check,69.46,788.54,No
7547-NGJLN,Female,0,Yes,No,13,Yes,Yes,Fiber optic,No,No,Yes,No,No,No,Two year,Yes,Credit card (automatic),81.44,1091.33,No
7548-NBGEE,Female,0,Yes,No,21,No,No phone service,No,No internet service,No internet service,No internet service,No internet service,No internet service,No internet service,One year,Yes,Mailed check,18.0,402.43,No
7549-FMINF,Male,0,Yes,Yes,14,No,No phone service,No,No internet service,No internet service,No internet service,No internet service,No internet service,No internet service,One year,No,Bank transfer (automatic),20.52,344.09,No
7550-LMONH,Male,0,Yes,No,39,Yes,No,Fiber optic,No,Yes,No,Yes,Yes,No,Month-to-month,No,Electronic check,88.77,3492.79,Yes
7551-GIDBG,Male,0,No,No,9,Yes,No,No,No internet service,No internet service,No internet service,No internet service,No internet service,No internet service,Month-to-month,No,Mailed check,24.86,137.04,No
7552-FAKII,Female,0,Yes,Yes,10,Yes,No,DSL,No,Yes,No,No,Yes,Yes,One year,Yes,Credit card (automatic),58.01,629.13,No
7553-LBCEE,Male,0,No,Yes,16,Yes,No,DSL,No,No,No,Yes,Yes,Yes,Month-to-month,Yes,Credit card (automatic),54.4,915.87,No
7554-OAHLH,Female,0,No,No,4,Yes,No,DSL,No,No,No,Yes,No,Yes,Two year,Yes,Electronic check,59.97,266.28,Yes
7555-DMGOO,Female,0,Yes,No,10,Yes,Yes,Fiber optic,Yes,Yes,No,No,No,No,Month-to-month,Yes,Credit card (automatic),66.81,615.94,No
7556-KJCFN,Female,0,Yes,No,23,Yes,No,Fiber optic,Yes,Yes,Yes,No,Yes,Yes,Month-to-month,No,Electronic check,93.55,2205.32,Yes
7557-PJMJL,Female,0,No,Yes,10,Yes,No,Fiber optic,No,Yes,No,No,No,No,Month-to-month,Yes,Mailed check,89.05,904.31,No
7558-NIAED,Female,1,No,Yes,47,Yes,No,DSL,No,No,No,No,Yes,Yes,Month-to-month,Yes,Credit card (automatic),50.32,2345.67,Yes
7559-HKLAI,Female,0,Yes,No,19,Yes,Yes,DSL,No,Yes,No,Yes,No,No,Month-to-month,No,Credit card (automatic),46.72,881.19,No
7560-PFDLI,Male,0,Yes,Yes,3,Yes,No,DSL,No,Yes,No,No,No,No,Month-to-month,Yes,Electronic check,63.3,229.05,No
7561-KEOEL,Female,1,Yes,No,13,Yes,No,No,No internet service,No internet service,No internet service,No internet service,No internet service,No internet service,Month-to-month,Yes,Electronic check,18.0,137.91,Yes
7562-EAAHL,Male,0,Yes,Yes,28,Yes,No,No,No internet service,No internet service,No internet service,No internet service,No internet service,No internet service,Two year,No,Electronic check,40.71,1209.32,No
7563-HLOOF,Female,0,Yes,No,20,Yes,Yes,DSL,No,Yes,Yes,No,No,Yes,Month-to-month,No,Mailed check,49.15,1010.25,No
7564-LKMDB,Male,0,No,Yes,43,Yes,No,DSL,No,Yes,No,No,No,No,One year,Yes,Electronic check,59.78,2590.34,No
7565-NBIOE,Female,0,No,No,27,No,No phone service,No,No internet service,No internet service,No internet service,No internet service,No internet service,No internet service,Month-to-month,No,Mailed check,29.82,790.84,No
7566-DJMAG,Female,1,Yes,No,1,Yes,No,DSL,No,Yes,No,No,No,No,One year,Yes,Electronic check,36.24,157.77,Yes
7567-CFEEK,Male,0,No,No,2,No,No phone service,No,No internet service,No internet service,No internet service,No internet service,No internet service,No internet service,One year,Yes,Electronic check,18.0,5.37,No
7568-EAACN,Female,1,Yes,Yes,20,No,No phone service,Fiber optic,No,No,No,No,Yes,No,One year,Yes,Credit card (automatic),84.4,1773.11,Yes
7569-LJDEB,Female,0,No,Yes,5,Yes,Yes,Fiber optic,Yes,Yes,No,Yes,No,No,Month-to-month,No,Mailed check,95.81,493.55,Yes
7570-HKKNB,Male,1,No,Yes,17,Yes,No,Fiber optic,No,No,No,No,Yes,No,One year,Yes,Electronic check,83.32,1535.74,Yes
7571-IBMIG,Male,0,No,No,31,Yes,No,DSL,Yes,Yes,No,No,No,No,Month-to-month,No,Bank transfer (automatic),58.22,1785.83,No
7572-OHOKB,Female,1,Yes,No,17,Yes,Yes,DSL,No,Yes,No,No,No,No,One year,No,Credit card (automatic),59.08,944.8,Yes
7573-GLFDG,Male,1,Yes,No,10,Yes,No,No,No internet service,No internet service,No internet service,No internet service,No internet service,No internet service,Month-to-month,No,Mailed check,18.0,135.74,No
7574-PNMDP,Male,0,No,Yes,20,Yes,No,No,No internet service,No internet service,No internet service,No internet service,No internet service,No internet service,Month-to-month,No,Bank transfer (automatic),21.14,375.0,Yes
7575-BJLGH,Female,0,Yes,No,3,Yes,Yes,Fiber optic,No,No,Yes,No,No,Yes,One year,Yes,Credit card (automatic),81.8,234.77,Yes
7576-BEAGH,Male,0,Yes,No,25,Yes,No,No,No internet service,No internet service,No internet service,No internet service,No internet service,No internet service,Month-to-month,Yes,Mailed check,18.0,458.44,No
7577-MPFEO,Female,1,Yes,No,23,Yes,No,No,No internet service,No internet service,No internet service,No internet service,No internet service,No internet service,Two year,Yes,Bank transfer (automatic),26.93,592.62,No
7578-FOBAG,Male,0,No,No,14,Yes,No,DSL,No,No,No,Yes,No,No,Month-to-month,Yes,Mailed check,65.99,981.18,No
7579-GJKJN,Female,0,Yes,Yes,6,Yes,No,Fiber optic,Yes,Yes,Yes,No,Yes,Yes,Two year,Yes,Credit card (automatic),75.46,453.65,Yes
7580-BBAJH,Female,1,No,No,31,Yes,No,DSL,No,Yes,No,No,Yes,No,Month-to-month,No,Mailed check,71.47,2258.96,No
7581-OHALK,Female,0,Yes,No,14,Yes,Yes,DSL,No,No,No,Yes,Yes,No,Month-to-month,Yes,Credit card (automatic),62.39,876.2,Yes
7582-HINDA,Male,0,Yes,No,1,Yes,Yes,Fiber optic,Yes,No,No,Yes,No,No,Month-to-month,Yes,Mailed check,84.11,59.66,No
7583-ACOPN,Female,1,No,No,50,Yes,Yes,DSL,No,No,No,No,No,No,Month-to-month,Yes,Bank transfer (automatic),78.26,3897.96,No
7584-EPEIJ,Male,0,Yes,Yes,29,Yes,Yes,DSL,Yes,No,Yes,Yes,No,No,Month-to-month,Yes,Mailed check,54.32,1488.49,Yes
7585-NLBBP,Female,0,No,No,17,Yes,No,Fiber optic,Yes,No,No,Yes,No,No,Month-to-month,Yes,Credit card (automatic),82.48,1507.35,Yes
7586-FOIAI,Female,0,No,Yes,11,Yes,No,DSL,No,No,No,No,No,No,Month-to-month,Yes,Bank transfer (automatic),65.21,721.61,Yes
7587-IPMIE,Female,0,Yes,Yes,64,Yes,Yes,DSL,Yes,No,Yes,No,No,No,Month-to-month,No,Electronic check,58.54,3733.05,No
7588-MOIKD,Male,0,No,No,29,Yes,No,DSL,No,No,No,No,No,No,Month-to-month,Yes,Electronic check,52.13,1456.73,Yes
7589-BMFND,Female,0,Yes,No,15,Yes,No,No,No internet service,No internet service,No internet service,No internet service,No internet service,No internet service,Month-to-month,No,Bank transfer (automatic),27.53,409.82,No
7590-FCFBB,Female,0,No,Yes,21,Yes,Yes,Fiber optic,No,No,No,No,Yes,No,One year,No,Electronic check,80.98,1609.13,Yes
7591-MIGCM,Male,0,No,Yes,6,Yes,Yes,No,No internet service,No internet service,No internet service,No internet service,No internet service,No internet service,Month-to-month,Yes,Bank transfer (automatic),21.92,165.25,Yes
7592-KAHNF,Female,0,Yes,No,4,Yes,Yes,No,No internet service,No internet service,No internet service,No internet service,No internet service,No internet service,Two year,No,Electronic check,18.0,26.14,No
7593-GIEOA,Female,0,Yes,Yes,6,Yes,No,No,No internet service,No internet service,No internet service,No internet service,No internet service,No internet service,Month-to-month,Yes,Mailed check,18.0,185.83,No
7594-LJGOE,Male,0,Yes,No,6,Yes,Yes,DSL,No,No,No,No,Yes,No,One year,No,Electronic check,72.48,502.76,Yes
7595-CLMIA,Male,0,Yes,Yes,26,Yes,No,No,No internet service,No internet service,No internet service,No internet service,No internet service,No internet service,Month-to-month,Yes,Electronic check,18.0,422.75,Yes
7596-APACL,Male,0,No,Yes,3,Yes,Yes,Fiber optic,Yes,No,Yes,No,No,No,One year,No,Mailed check,88.93,301.11,No
7597-FJKCH,Female,0,Yes,No,30,Yes,Yes,DSL,No,No,Yes,No,No,Yes,Month-to-month,No,Bank transfer (automatic),49.98,1585.88,Yes
7598-NNJBN,Male,1,No,No,14,Yes,No,Fiber optic,No,No,No,No,No,Yes,Two year,Yes,Electronic check,95.07,1430.22,No
7599-ICEJH,Female,0,Yes,No,9,Yes,Yes,DSL,No,Yes,No,No,No,No,Two year,Yes,Electronic check,57.46,575.1,No
7600-PBFLE,Female,0,Yes,No,7,No,No phone service,DSL,No,No,No,No,Yes,No,One year,Yes,Electronic check,43.57,337.32,No
7601-MJILE,Male,0,Yes,Yes,14,Yes,Yes,DSL,Yes,No,No,No,No,No,Two year,Yes,Credit card (automatic),54.11,742.34,No
7602-BPEOL,Male,1,Yes,No,7,Yes,No,Fiber optic,No,Yes,No,Yes,Yes,No,One year,Yes,Bank transfer (automatic),83.55,623.21,No
7603-DOKPG,Female,0,No,No,11,Yes,Yes,No,No internet service,No internet service,No internet service,No internet service,No internet service,No internet service,Month-to-month,No,Mailed check,18.0,140.42,No
7604-FNBLK,Male,1,No,No,26,Yes,No,DSL,Yes,No,No,Yes,Yes,No,One year,Yes,Credit card (automatic),58.56,1594.24,No
7605-KMEGK,Male,0,Yes,No,19,No,No phone service,Fiber optic,Yes,No,No,No,No,No,Month-to-month,Yes,Bank transfer (automatic),75.12,1543.04,Yes
7606-GPOEL,Female,0,No,Yes,27,Yes,No,DSL,Yes,No,Yes,No,Yes,Yes,One year,Yes,Credit card (automatic),48.56,1288.18,No
7607-OIDKC,Male,0,No,Yes,24,Yes,No,Fiber optic,No,No,No,No,No,No,Month-to-month,Yes,Bank transfer (automatic),101.03,2382.78,No
7608-ODEMF,Male,0,No,No,33,Yes,Yes,DSL,Yes,Yes,No,No,No,No,Month-to-month,No,Electronic check,63.76,2096.15,No
7609-CBNMD,Male,0,No,Yes,4,Yes,No,No,No internet service,No internet service,No internet service,No internet service,No internet service,No internet service,Month-to-month,Yes,Bank transfer (automatic),18.92,123.81,Yes
7610-PEDNK,Female,0,No,No,72,Yes,Yes,No,No internet service,No internet service,No internet service,No internet service,No internet service,No internet service,Month-to-month,Yes,Electronic check,19.65,1424.45,No
7611-MOLCH,Male,0,No,Yes,12,Yes,Yes,DSL,No,No,Yes,Yes,Yes,Yes,One year,Yes,Mailed check,48.73,629.69,No
7612-PJDNB,Male,0,Yes,No,25,Yes,Yes,No,No internet service,No internet service,No internet service,No internet service,No internet service,No internet service,Month-to-month,Yes,Mailed check,25.37,635.8,No
7613-BAMDJ,Female,0,Yes,Yes,22,Yes,No,Fiber optic,Yes,Yes,Yes,No,No,Yes,Two year,Yes,Electronic check,93.89,2155.07,Yes
7614-INKGO,Female,0,No,Yes,16,Yes,No,DSL,No,No,No,No,Yes,No,Month-to-month,Yes,Electronic check,55.07,922.75,No
7615-LJGMO,Female,0,No,No,72,Yes,No,Fiber optic,No,No,No,No,Yes,Yes,One year,Yes,Electronic check,77.95,5573.74,No
7616-GOHAJ,Female,1,No,No,4,Yes,No,No,No internet service,No internet service,No internet service,No internet service,No internet service,No internet service,Two year,No,Credit card (automatic),18.0,0.0,No
7617-MJHDD,Male,0,No,No,10,Yes,No,Fiber optic,No,No,No,Yes,No,Yes,Month-to-month,Yes,Electronic check,73.88,802.87,Yes
7618-DFGFA,Female,0,Yes,Yes,2,Yes,No,Fiber optic,No,No,No,No,Yes,No,One year,Yes,Electronic check,96.5,216.38,No
7619-LHMJO,Female,0,No,No,4,Yes,No,Fiber optic,Yes,Yes,No,Yes,No,Yes,Month-to-month,Yes,Credit card (automatic),76.5,351.93,No
7620-KMGFF,Male,0,No,No,24,Yes,Yes,Fiber optic,No,No,Yes,Yes,Yes,Yes,Month-to-month,Yes,Electronic check,87.46,2163.37,Yes
7621-EFLIJ,Female,0,No,No,0,Yes,Yes,DSL,No,No,Yes,Yes,Yes,No,Month-to-month,Yes,Credit card (automatic),56.58,0.0,No
7622-IOJHJ,Female,0,No,Yes,44,Yes,No,Fiber optic,No,Yes,No,No,No,No,One year,Yes,Mailed check,73.29,3271.63,No
7623-IMJHH,Male,0,Yes,No,20,Yes,No,Fiber optic,No,No,No,No,Yes,No,Month-to-month,Yes,Credit card (automatic),90.22,1805.36,Yes
7624-PAJKE,Female,0,Yes,No,11,Yes,Yes,No,No internet service,No internet service,No internet service,No internet service,No internet service,No internet service,Month-to-month,No,Electronic check,38.02,422.85,Yes
7625-DBHCD,Female,0,No,No,8,Yes,Yes,Fiber optic,No,No,No,Yes,Yes,Yes,Month-to-month,Yes,Electronic check,86.36,793.75,Yes
7626-LGJIB,Male,0,Yes,Yes,2,No,No phone service,Fiber optic,No,No,No,No,No,Yes,Month-to-month,Yes,Credit card (automatic),82.34,167.89,No
7627-CDJAG,Male,0,Yes,No,50,Yes,No,DSL,No,No,Yes,Yes,Yes,No,One year,Yes,Credit card (automatic),44.92,2184.84,No
7628-BEOAC,Male,0,Yes,Yes,24,Yes,No,No,No internet service,No internet service,No internet service,No internet service,No internet service,No internet service,Month-to-month,Yes,Bank transfer (automatic),28.8,635.87,No
7629-LBAGE,Male,0,Yes,No,8,Yes,Yes,Fiber optic,No,Yes,No,No,No,No,Month-to-month,No,Bank transfer (automatic),74.09,646.19,Yes
7630-AFPEO,Male,0,No,No,1,Yes,No,Fiber optic,Yes,No,No,No,Yes,Yes,Month-to-month,Yes,Electronic check,88.01,96.42,No
7631-CLGPK,Male,1,No,No,7,Yes,No,DSL,No,No,No,No,No,No,Month-to-month,Yes,Bank transfer (automatic),51.03,352.05,No
7632-JINMM,Male,0,No,No,4,Yes,Yes,DSL,Yes,No,No,Yes,Yes,Yes,Two year,No,Mailed check,56.8,242.34,No
7633-INIBP,Male,0,Yes,Yes,30,Yes,No,DSL,Yes,Yes,Yes,No,Yes,No,One year,Yes,Mailed check,63.42,1900.74,No
7634-CGEBC,Male,0,No,No,25,Yes,No,No,No internet service,No internet service,No internet service,No internet service,No internet service,No internet service,Two year,No,Mailed check,18.0,493.69,No
7635-JFMGI,Male,0,No,No,13,Yes,Yes,Fiber optic,Yes,No,No,No,No,No,Month-to-month,Yes,Electronic check,89.37,1136.58,No
7636-AKGHL,Male,1,No,No,43,Yes,Yes,Fiber optic,Yes,No,No,No,No,No,One year,No,Bank transfer (automatic),75.94,3306.41,No
7637-NCDJF,Male,1,No,No,3,Yes,No,No,No internet service,No internet service,No internet service,No internet service,No internet service,No internet service,One year,Yes,Electronic check,18.0,87.81,No
7638-JPGMN,Female,0,No,No,12,Yes,Yes,DSL,No,No,No,No,No,Yes,One year,No,Mailed check,42.82,532.18,No
7639-DHEAD,Male,0,Yes,No,24,Yes,Yes,DSL,No,No,No,Yes,No,No,Two year,Yes,Electronic check,54.53,1280.66,No
7640-CIHAK,Male,0,Yes,No,1,Yes,Yes,DSL,No,Yes,No,No,No,No,Month-to-month,No,Bank transfer (automatic),79.26,136.61,Yes
7641-FIGDM,Male,0,No,No,9,Yes,Yes,Fiber optic,No,No,No,No,Yes,Yes,Month-to-month,Yes,Electronic check,75.28,743.26,Yes
7642-ALBLE,Male,1,No,No,16,Yes,Yes,No,No internet service,No internet service,No internet service,No internet service,No internet service,No internet service,Two year,No,Electronic check,18.0,203.66,No
7643-LKPEH,Male,0,No,No,9,Yes,No,No,No internet service,No internet service,No internet service,No internet service,No internet service,No internet service,Month-to-month,No,Electronic check,18.0,180.66,No
7644-FHBCF,Female,0,Yes,No,13,Yes,No,Fiber optic,No,No,No,No,No,No,Month-to-month,No,Electronic check,72.13,891.96,Yes
7645-LMJCF,Female,0,No,Yes,18,Yes,No,Fiber optic,Yes,Yes,No,No,Yes,No,Month-to-month,Yes,Electronic check,77.23,1385.35,Yes
7646-FBGLB,Female,0,Yes,Yes,9,No,No phone service,No,No internet service,No internet service,No internet service,No internet service,No internet service,No internet service,Month-to-month,Yes,Electronic check,18.0,165.78,Yes
7647-FACBG,Female,1,Yes,Yes,2,Yes,Yes,Fiber optic,No,Yes,No,No,Yes,No,Month-to-month,No,Electronic check,79.79,185.12,Yes
7648-NDHFL,Male,0,Yes,No,3,Yes,No,DSL,Yes,No,No,No,Yes,No,Two year,Yes,Electronic check,63.34,193.94,No
7649-JDEMM,Female,0,No,No,14,Yes,Yes,Fiber optic,No,Yes,No,Yes,No,No,Month-to-month,No,Credit card (automatic),67.41,931.22,No
7650-OOIGP,Female,0,Yes,Yes,3,Yes,No,Fiber optic,No,Yes,No,No,No,No,One year,No,Electronic check,85.81,280.06,Yes
7651-JNNIG,Male,0,No,No,44,Yes,No,Fiber optic,No,No,Yes,Yes,Yes,Yes,Month-to-month,Yes,Bank transfer (automatic),86.59,3749.9,No
7652-PLAPL,Female,1,Yes,Yes,35,No,No phone service,DSL,No,No,No,No,Yes,Yes,Month-to-month,Yes,Mailed check,54.42,1896.82,No
7653-HDCPN,Female,1,No,No,8,Yes,Yes,Fiber optic,No,No,Yes,Yes,No,No,Month-to-month,Yes,Mailed check,85.85,682.58,Yes
7654-MGLCH,Male,1,No,No,35,Yes,No,Fiber optic,No,Yes,No,Yes,No,No,One year,Yes,Electronic check,78.4,2707.46,No
7655-FEDHH,Male,0,No,No,15,Yes,No,DSL,Yes,No,Yes,No,No,No,Month-to-month,No,Electronic check,46.55,614.5,No
7656-LAINE,Female,0,Yes,Yes,3,Yes,Yes,Fiber optic,No,Yes,No,No,Yes,Yes,One year,Yes,Bank transfer (automatic),85.24,268.81,No
7657-DFFBH,Male,0,Yes,No,19,No,No phone service,DSL,No,No,No,No,Yes,No,One year,Yes,Mailed check,59.1,1083.71,No
7658-GPAEP,Female,0,No,No,22,Yes,No,Fiber optic,No,Yes,Yes,Yes,Yes,No,Month-to-month,No,Mailed check,88.63,1895.7,Yes
7659-LFDBM,Male,0,Yes,No,1,Yes,No,DSL,No,No,Yes,No,No,No,Month-to-month,Yes,Mailed check,58.73,140.21,No
7660-NDAGB,Female,0,Yes,No,7,No,No phone service,No,No internet service,No internet service,No internet service,No internet service,No internet service,No internet service,Month-to-month,No,Mailed check,18.3,96.66,No
7661-MBIEB,Female,0,No,No,0,Yes,No,DSL,No,No,No,Yes,No,No,Month-to-month,Yes,Credit card (automatic),57.22,0.0,No
7662-KIIAK,Female,0,No,No,7,No,No phone service,Fiber optic,No,No,Yes,Yes,Yes,No,Two year,Yes,Bank transfer (automatic),105.3,796.13,No
7663-CDNGJ,Male,0,Yes,No,8,Yes,Yes,DSL,Yes,No,No,Yes,No,No,One year,Yes,Electronic check,58.88,428.64,No
7664-DBGFC,Male,0,Yes,No,19,Yes,Yes,DSL,Yes,No,Yes,No,Yes,Yes,Month-to-month,Yes,Credit card (automatic),64.39,1202.44,No
7665-FKOFL,Female,1,No,Yes,4,Yes,No,Fiber optic,No,No,No,No,No,No,Two year,No,Mailed check,85.36,286.49,No
7666-EDJLO,Male,0,No,No,0,Yes,No,DSL,No,No,No,No,Yes,No,Month-to-month,Yes,Bank transfer (automatic),60.78,33.68,No
7667-AJFBM,Male,0,Yes,No,7,Yes,No,Fiber optic,No,Yes,No,No,Yes,Yes,Month-to-month,No,Credit card (automatic),85.13,585.12,No
7668-CNHJN,Female,1,Yes,No,34,No,No phone service,DSL,No,No,No,Yes,Yes,No,One year,Yes,Mailed check,46.9,1598.85,No
7669-NFCPG,Male,0,No,No,10,Yes,Yes,Fiber optic,No,No,No,No,Yes,No,Month-to-month,No,Bank transfer (automatic),94.04,935.9,Yes
7670-DNIOE,Male,0,Yes,No,10,Yes,No,Fiber optic,Yes,No,Yes,Yes,No,Yes,Two year,Yes,Bank transfer (automatic),92.54,852.5,No
7671-CBKBC,Female,0,No,No,12,Yes,No,No,No internet service,No internet service,No internet service,No internet service,No internet service,No internet service,Month-to-month,No,Mailed check,20.59,219.07,No
7672-BNDBP,Female,0,No,No,27,Yes,No,Fiber optic,No,No,No,No,Yes,Yes,Month-to-month,Yes,Bank transfer (automatic),84.1,2293.37,No
7673-JIBIM,Male,0,Yes,No,13,Yes,Yes,No,No internet service,No internet service,No internet service,No internet service,No internet service,No internet service,Month-to-month,Yes,Electronic check,29.52,408.75,No
7674-FADON,Male,1,No,Yes,1,Yes,No,No,No internet service,No internet service,No internet service,No internet service,No internet service,No internet service,Month-to-month,No,Bank transfer (automatic),18.0,0.0,Yes
7675-ANPFN,Male,0,Yes,No,4,Yes,No,DSL,Yes,No,No,No,Yes,Yes,One year,No,Electronic check,53.23,225.57,No
7676-MDCCI,Female,0,Yes,No,4,Yes,No,No,No internet service,No internet service,No internet service,No internet service,No internet service,No internet service,Two year,No,Electronic check,18.23,137.99,No
7677-FIMEB,Male,0,No,No,14,Yes,No,Fiber optic,Yes,No,No,No,No,Yes,One year,Yes,Bank transfer (automatic),74.97,1060.14,No
7678-HEBDI,Male,0,No,Yes,0,No,No phone service,DSL,No,No,No,No,No,No,One year,No,Electronic check,48.46,2.54,Yes
7679-ODMLL,Male,0,Yes,No,6,Yes,Yes,No,No internet service,No internet service,No internet service,No internet service,No internet service,No internet service,Month-to-month,Yes,Electronic check,24.32,135.92,Yes
7680-PPPLM,Male,0,Yes,Yes,18,Yes,No,DSL,Yes,No,No,No,No,No,Month-to-month,Yes,Credit card (automatic),45.76,895.21,No
7681-ONDBM,Male,0,Yes,Yes,8,Yes,No,Fiber optic,Yes,No,No,Yes,Yes,No,One year,No,Mailed check,93.64,733.79,No
7682-LOFPM,Male,0,Yes,No,24,Yes,Yes,Fiber optic,No,No,No,No,No,No,Two year,No,Mailed check,82.96,2056.42,No
7683-KNBLG,Female,0,No,Yes,9,No,No phone service,Fiber optic,No,Yes,No,No,Yes,Yes,One year,No,Mailed check,103.64,964.7,No
7684-COCEC,Female,0,No,No,72,Yes,No,Fiber optic,No,No,No,Yes,No,No,Month-to-month,No,Electronic check,72.67,5274.52,No
7685-BJIBN,Female,0,Yes,No,67,Yes,Yes,DSL,No,No,No,No,Yes,No,One year,Yes,Bank transfer (automatic),44.13,2930.99,No
7686-KBMOH,Male,0,Yes,Yes,32,Yes,No,Fiber optic,No,No,Yes,No,No,No,Month-to-month,No,Mailed check,72.82,2306.41,No
7687-OIGCI,Male,0,Yes,No,61,Yes,Yes,DSL,No,No,No,Yes,No,Yes,Month-to-month,Yes,Mailed check,61.65,3776.19,No
7688-CEILN,Female,0,Yes,Yes,4,Yes,Yes,DSL,No,No,No,No,Yes,Yes,One year,Yes,Electronic check,41.41,238.27,Yes
7689-NCGPP,Female,1,Yes,No,27,Yes,No,No,No internet service,No internet service,No internet service,No internet service,No internet service,No internet service,Month-to-month,No,Electronic check,33.2,792.42,No
7690-LADDG,Female,1,Yes,Yes,7,Yes,Yes,Fiber optic,Yes,Yes,No,Yes,No,Yes,Month-to-month,No,Credit card (automatic),96.69,633.64,No
7691-HAEGL,Female,0,Yes,Yes,25,Yes,No,Fiber optic,Yes,No,No,No,Yes,No,One year,Yes,Electronic check,84.06,2066.82,No
7692-DMDDL,Female,0,No,No,9,Yes,No,DSL,Yes,Yes,No,Yes,No,Yes,Month-to-month,No,Electronic check,57.23,593.61,No
7693-FGBOE,Male,0,No,No,6,Yes,Yes,Fiber optic,Yes,No,No,No,No,Yes,Month-to-month,Yes,Electronic check,77.95,455.39,No
7694-DONPM,Male,0,Yes,No,63,Yes,Yes,DSL,No,Yes,Yes,No,Yes,Yes,One year,Yes,Credit card (automatic),72.34,4595.52,No
7695-CGKLF,Male,0,No,Yes,4,Yes,Yes,Fiber optic,No,Yes,Yes,No,No,No,Month-to-month,No,Bank transfer (automatic),87.7,341.91,Yes
7696-NGEMF,Male,0,No,Yes,28,Yes,No,DSL,Yes,No,No,No,No,No,One year,No,Credit card (automatic),51.88,1448.12,No
7697-ENGBN,Male,0,No,No,22,Yes,No,Fiber optic,No,No,No,No,Yes,Yes,Month-to-month,No,Credit card (automatic),100.24,2184.86,Yes
7698-KEFFO,Female,0,No,No,7,Yes,No,Fiber optic,No,No,Yes,No,No,Yes,Two year,No,Credit card (automatic),74.71,499.96,Yes
7699-EJGJH,Female,0,No,No,12,Yes,Yes,No,No internet service,No internet service,No internet service,No internet service,No internet service,No internet service,Two year,Yes,Mailed check,30.72,334.09,No
7700-GEAME,Male,0,No,No,3,Yes,No,DSL,Yes,Yes,No,No,Yes,Yes,Month-to-month,Yes,Mailed check,54.46,180.18,No
7701-JBMEE,Female,0,Yes,Yes,50,Yes,No,DSL,No,No,Yes,No,No,No,Month-to-month,No,Credit card (automatic),73.7,3633.45,No
7702-BEMPD,Male,0,No,Yes,68,Yes,No,No,No internet service,No internet service,No internet service,No internet service,No internet service,No internet service,One year,No,Electronic check,22.07,1558.49,No
7703-ACALK,Male,0,No,No,26,Yes,No,Fiber optic,No,No,No,Yes,No,No,Month-to-month,No,Electronic check,82.96,2224.5,Yes
7704-OEDPG,Female,1,No,Yes,37,Yes,No,Fiber optic,Yes,No,No,Yes,Yes,No,One year,No,Electronic check,81.01,3000.09,No
7705-EJNDB,Male,0,No,Yes,1,Yes,Yes,No,No internet service,No internet service,No internet service,No internet service,No internet service,No internet service,Month-to-month,No,Bank transfer (automatic),18.0,0.0,No
7706-DPLBH,Male,1,Yes,Yes,9,Yes,No,DSL,Yes,Yes,No,No,No,Yes,One year,No,Electronic check,56.46,498.34,No
7707-CIMDM,Male,0,No,No,8,Yes,Yes,DSL,No,No,No,No,Yes,No,Month-to-month,Yes,Bank transfer (automatic),56.33,434.86,No
7708-FJEJM,Female,0,Yes,Yes,16,Yes,Yes,DSL,No,Yes,Yes,No,No,Yes,Month-to-month,Yes,Credit card (automatic),66.24,1010.18,No
7709-AIPAH,Female,0,No,No,4,No,No phone service,Fiber optic,No,No,Yes,Yes,No,No,Two year,No,Electronic check,87.77,370.5,Yes
7710-IIABL,Male,0,No,No,16,Yes,Yes,No,No internet service,No internet service,No internet service,No internet service,No internet service,No internet service,Month-to-month,No,Electronic check,18.0,236.59,Yes
7711-PMAJB,Male,0,No,Yes,21,Yes,No,Fiber optic,Yes,No,No,Yes,No,Yes,One year,Yes,Electronic check,94.63,2066.92,No
7712-JPLHE,Female,0,No,No,2,Yes,Yes,Fiber optic,No,Yes,Yes,Yes,No,No,One year,Yes,Mailed check,85.9,208.04,No
7713-LKGBH,Female,0,Yes,No,2,Yes,Yes,DSL,No,Yes,Yes,Yes,Yes,No,Month-to-month,Yes,Mailed check,62.89,43.43,Yes
7714-KFHAO,Female,0,No,No,0,Yes,No,Fiber optic,No,Yes,Yes,No,No,Yes,One year,Yes,Mailed check,98.63,60.81,Yes
7715-ALGHM,Female,0,Yes,Yes,28,Yes,No,No,No internet service,No internet service,No internet service,No internet service,No internet service,No internet service,Month-to-month,No,Credit card (automatic),20.79,633.39,No
7716-CEPLA,Male,1,No,Yes,8,No,No phone service,No,No internet service,No internet service,No internet service,No internet service,No internet service,No internet service,Two year,Yes,Electronic check,18.0,157.59,No
7717-GEHMH,Male,0,Yes,No,5,Yes,Yes,DSL,No,Yes,No,Yes,Yes,No,One year,Yes,Bank transfer (automatic),55.94,287.84,No
7718-IGKAM,Male,0,Yes,No,30,Yes,Yes,DSL,No,No,No,No,No,No,Month-to-month,Yes,Mailed check,50.69,1540.91,Yes
7719-CHCHA,Female,0,No,Yes,3,Yes,No,Fiber optic,No,No,No,No,No,No,Month-to-month,Yes,Bank transfer (automatic),78.0,222.29,No
7720-EDEHJ,Female,0,No,No,11,Yes,Yes,Fiber optic,No,No,No,Yes,Yes,No,One year,No,Mailed check,66.48,762.27,No
7721-ONDKD,Male,0,Yes,No,27,Yes,No,Fiber optic,Yes,No,No,No,Yes,No,One year,Yes,Mailed check,75.43,1972.88,No
7722-OCGCL,Female,0,No,Yes,17,Yes,Yes,Fiber optic,Yes,No,No,Yes,No,No,One year,No,Electronic check,90.53,1434.91,Yes
7723-CKJEE,Male,0,No,No,16,Yes,No,DSL,No,No,No,Yes,No,No,Month-to-month,Yes,Electronic check,59.34,991.04,Yes
7724-NFPHP,Female,0,Yes,Yes,3,Yes,No,DSL,No,Yes,No,No,Yes,Yes,Two year,Yes,Mailed check,43.63,140.66,No
7725-JFOPP,Male,0,No,No,3,Yes,Yes,DSL,No,Yes,No,No,No,No,Month-to-month,Yes,Mailed check,51.57,143.0,No
7726-LAOHP,Male,1,Yes,Yes,17,Yes,Yes,DSL,Yes,No,Yes,No,No,Yes,One year,No,Electronic check,58.35,1047.0,No
7727-HIIBO,Male,0,No,No,0,Yes,No,DSL,No,No,Yes,No,Yes,No,Month-to-month,Yes,Credit card (automatic),48.32,0.0,No
7728-BCADN,Male,0,Yes,Yes,40,Yes,Yes,DSL,No,Yes,No,No,No,No,Month-to-month,Yes,Credit card (automatic),51.31,2081.37,No
7729-DNIII,Female,0,No,No,8,Yes,Yes,DSL,No,No,Yes,Yes,No,Yes,One year,Yes,Bank transfer (automatic),53.21,447.82,No
7730-JGNOB,Male,0,Yes,Yes,10,Yes,Yes,DSL,No,No,No,No,No,Yes,Month-to-month,No,Electronic check,54.12,497.73,Yes
7731-JEDLK,Male,0,Yes,No,5,Yes,No,Fiber optic,No,Yes,No,No,Yes,No,Two year,Yes,Bank transfer (automatic),82.16,500.27,Yes
7732-HBFME,Male,0,No,Yes,41,Yes,No,Fiber optic,Yes,Yes,Yes,No,Yes,Yes,One year,Yes,Electronic check,81.84,3326.33,No
7733-POPPP,Male,0,No,Yes,20,Yes,Yes,No,No internet service,No internet service,No internet service,No internet service,No internet service,No internet service,Two year,Yes,Bank transfer (automatic),18.0,341.42,No
7734-LBKJO,Female,1,No,Yes,11,Yes,No,Fiber optic,No,No,No,No,No,No,Month-to-month,No,Mailed check,83.16,982.55,No
7735-AHBGI,Male,0,No,Yes,17,Yes,No,DSL,No,No,No,Yes,Yes,No,Month-to-month,No,Electronic check,57.73,985.63,Yes
7736-IHKNL,Male,1,No,No,9,Yes,No,Fiber optic,No,No,Yes,No,Yes,No,One year,Yes,Electronic check,87.81,735.36,No
7737-JIBFD,Female,0,Yes,No,12,Yes,No,No,No internet service,No internet service,No internet service,No internet service,No internet service,No internet service,Month-to-month,No,Mailed check,20.49,296.88,No
7738-NDELP,Male,0,Yes,No,8,Yes,Yes,Fiber optic,Yes,No,No,No,No,Yes,Month-to-month,Yes,Bank transfer (automatic),74.8,594.38,No
7739-CNAHE,Male,0,Yes,No,10,Yes,No,DSL,No,Yes,No,No,No,No,One year,Yes,Electronic check,50.71,471.09,No
7740-CJPNG,Male,0,Yes,Yes,7,Yes,Yes,No,No internet service,No internet service,No internet service,No internet service,No internet service,No internet service,One year,No,Electronic check,20.88,38.65,Yes
7741-GALIO,Male,0,No,Yes,1,Yes,No,DSL,No,No,No,Yes,Yes,No,Month-to-month,Yes,Electronic check,59.9,66.92,No
7742-BEMNE,Female,0,Yes,No,0,Yes,No,No,No internet service,No internet service,No internet service,No internet service,No internet service,No internet service,Two year,Yes,Bank transfer (automatic),18.0,51.07,No
7743-NHNHN,Female,0,Yes,No,3,Yes,No,No,No internet service,No internet service,No internet service,No internet service,No internet service,No internet service,Month-to-month,No,Mailed check,41.03,76.25,No
7744-GGLPK,Female,0,Yes,No,5,Yes,No,Fiber optic,Yes,Yes,No,No,No,Yes,One year,Yes,Credit card (automatic),100.08,512.73,No
7745-PFFKI,Female,0,Yes,No,44,No,No phone service,Fiber optic,No,No,Yes,Yes,No,Yes,Month-to-month,Yes,Bank transfer (automatic),68.4,3010.25,No
7746-FLMMB,Female,0,Yes,Yes,18,Yes,No,DSL,Yes,Yes,No,No,Yes,Yes,Month-to-month,No,Bank transfer (automatic),63.46,1049.29,No
7747-BMEOD,Female,0,No,Yes,63,No,No phone service,Fiber optic,No,No,No,No,Yes,No,One year,Yes,Electronic check,81.53,5121.28,Yes
7748-KBOOC,Male,0,Yes,No,8,Yes,Yes,Fiber optic,No,No,No,No,No,No,Two year,Yes,Electronic check,83.86,726.27,Yes
7749-GHLMF,Male,1,No,No,10,Yes,No,Fiber optic,No,No,No,Yes,No,No,Month-to-month,Yes,Mailed check,87.75,887.49,No
7750-KEMAH,Male,0,No,Yes,25,No,No phone service,DSL,No,No,Yes,No,No,Yes,One year,Yes,Electronic check,46.78,1194.05,No
7751-COFCG,Male,0,No,No,17,Yes,No,DSL,Yes,Yes,No,No,No,Yes,Month-to-month,Yes,Credit card (automatic),67.15,1152.04,No
7752-MNGLO,Female,0,No,No,15,Yes,Yes,Fiber optic,No,No,No,Yes,No,No,Two year,Yes,Bank transfer (automatic),81.63,1162.43,No
7753-IPEOH,Male,1,No,No,17,Yes,Yes,Fiber optic,No,Yes,No,No,Yes,No,One year,Yes,Electronic check,81.02,1282.01,No
7754-JJPHA,Male,0,No,No,17,Yes,No,Fiber optic,No,No,Yes,Yes,No,Yes,Two year,No,Credit card (automatic),84.62,1389.82,No
7755-LECAD,Female,0,Yes,Yes,29,Yes,Yes,Fiber optic,No,Yes,No,No,Yes,No,Month-to-month,Yes,Electronic check,71.99,2049.68,Yes
7756-HCPPJ,Male,0,No,No,22,Yes,No,Fiber optic,Yes,No,No,Yes,Yes,Yes,Month-to-month,No,Electronic check,85.85,1907.1,Yes
7757-BKIJE,Male,0,Yes,No,63,Yes,No,Fiber optic,No,No,No,No,Yes,Yes,Month-to-month,Yes,Electronic check,71.25,4408.44,No
7758-PNGKK,Female,0,Yes,No,59,Yes,No,Fiber optic,No,No,Yes,Yes,No,Yes,Month-to-month,No,Mailed check,97.57,5684.78,No
7759-BIPMI,Male,1,Yes,Yes,10,Yes,No,Fiber optic,Yes,Yes,Yes,No,Yes,Yes,Month-to-month,No,Bank transfer (automatic),73.75,752.61,No
7760-DDFJJ,Male,0,No,No,0,Yes,No,No,No internet service,No internet service,No internet service,No internet service,No internet service,No internet service,Month-to-month,Yes,Electronic check,19.58,0.0,No
7761-JFLAN,Female,1,Yes,Yes,0,Yes,No,Fiber optic,Yes,No,Yes,Yes,Yes,No,One year,Yes,Bank transfer (automatic),69.24,0.0,No
7762-NIBEI,Male,0,No,Yes,2,No,No phone service,No,No internet service,No internet service,No internet service,No internet service,No internet service,No internet service,Month-to-month,Yes,Electronic check,18.0,117.88,No
7763-DKPCO,Male,1,No,No,1,Yes,Yes,Fiber optic,Yes,Yes,No,Yes,No,No,Two year,Yes,Credit card (automatic),96.52,52.3,Yes
7764-GFHCE,Male,1,No,No,9,Yes,No,DSL,No,No,No,No,Yes,No,Month-to-month,No,Credit card (automatic),54.06,513.15,No
7765-JDOMD,Male,0,Yes,No,1,Yes,Yes,Fiber optic,Yes,Yes,Yes,Yes,No,Yes,Two year,Yes,Bank transfer (automatic),103.54,115.19,Yes
7766-DJHFC,Male,0,No,No,19,Yes,No,DSL,Yes,Yes,Yes,No,Yes,No,Two year,Yes,Bank transfer (automatic),44.25,845.45,No
7767-JEFEF,Female,0,Yes,No,4,Yes,No,No,No internet service,No internet service,No internet service,No internet service,No internet service,No internet service,Month-to-month,Yes,Electronic check,19.13,61.43,No
7768-HGEJF,Male,0,Yes,No,14,Yes,No,Fiber optic,No,No,No,No,Yes,No,Two year,Yes,Electronic check,74.69,1128.47,No
7769-NDLIM,Male,0,Yes,No,2,Yes,No,Fiber optic,No,No,No,No,No,No,Two year,No,Mailed check,81.22,116.48,No
7770-DAGGD,Male,0,No,No,35,Yes,Yes,Fiber optic,No,No,No,No,No,No,Month-to-month,Yes,Mailed check,81.8,2882.78,Yes
7771-MNCHE,Female,0,No,No,30,Yes,No,DSL,Yes,Yes,Yes,No,No,Yes,Two year,Yes,Bank transfer (automatic),57.53,1764.87,No
7772-PJGDD,Female,0,No,No,9,Yes,No,Fiber optic,No,Yes,Yes,No,Yes,Yes,Month-to-month,Yes,Electronic check,84.09,639.39,Yes
7773-HNHBN,Female,1,No,No,48,No,No phone service,No,No internet service,No internet service,No internet service,No internet service,No internet service,No internet service,Month-to-month,Yes,Mailed check,18.0,900.5,No
7774-BCOLL,Male,0,No,No,4,Yes,Yes,No,No internet service,No internet service,No internet service,No internet service,No internet service,No internet service,One year,Yes,Bank transfer (automatic),25.2,6.51,No
7775-CAONC,Male,0,Yes,No,33,Yes,No,Fiber optic,No,Yes,Yes,No,No,Yes,Month-to-month,No,Electronic check,89.87,2988.7,Yes
7776-FHMLN,Male,0,Yes,No,15,Yes,Yes,Fiber optic,No,No,Yes,No,No,Yes,Month-to-month,No,Bank transfer (automatic),96.73,1424.29,Yes
7777-JFEOD,Male,0,No,No,7,Yes,Yes,No,No internet service,No internet service,No internet service,No internet service,No internet service,No internet service,Two year,No,Mailed check,18.0,62.95,No
7778-PCPMD,Male,0,No,No,1,Yes,Yes,DSL,No,Yes,Yes,No,No,No,Two year,Yes,Electronic check,46.24,16.41,Yes
7779-NGAGA,Female,0,No,No,3,Yes,No,DSL,No,No,Yes,Yes,No,No,Two year,No,Electronic check,70.92,338.22,No
7780-BODAK,Male,0,Yes,Yes,39,Yes,No,DSL,No,No,No,No,No,No,Month-to-month,Yes,Electronic check,72.65,2826.98,No
7781-LKOKI,Male,0,No,Yes,18,Yes,No,No,No internet service,No internet service,No internet service,No internet service,No internet service,No internet service,Two year,Yes,Electronic check,25.74,425.82,No
7782-LFMAA,Female,0,No,No,5,Yes,No,DSL,Yes,Yes,Yes,No,No,No,Month-to-month,Yes,Mailed check,60.17,301.33,No
7783-FDDPO,Female,0,Yes,Yes,13,Yes,Yes,Fiber optic,Yes,No,No,No,No,Yes,Two year,No,Credit card (automatic),84.31,1040.81,No
7784-KOFON,Female,0,No,No,2,Yes,No,Fiber optic,Yes,No,Yes,No,No,Yes,Month-to-month,Yes,Credit card (automatic),88.3,144.37,Yes
7785-LKGIJ,Female,0,Yes,No,2,Yes,No,DSL,No,Yes,No,No,No,Yes,Two year,Yes,Electronic check,60.96,149.36,No
7786-PEIDM,Female,0,Yes,No,47,No,No phone service,No,No internet service,No internet service,No internet service,No internet service,No internet service,No internet service,One year,No,Credit card (automatic),34.42,1628.56,No
7787-JBCMK,Male,0,Yes,Yes,12,Yes,No,Fiber optic,Yes,No,No,No,Yes,Yes,Two year,No,Credit card (automatic),89.89,1104.77,No
7788-ANNFM,Male,1,No,No,8,Yes,No,Fiber optic,No,No,Yes,Yes,No,Yes,Two year,No,Electronic check,82.84,704.38,No
7789-FAKMC,Male,0,No,No,59,No,No phone service,DSL,No,No,No,No,No,No,Two year,Yes,Credit card (automatic),48.1,2797.33,No
7790-ECJCN,Male,0,No,No,10,Yes,No,DSL,Yes,No,Yes,Yes,No,No,One year,Yes,Credit card (automatic),42.63,369.5,No
7791-JCEMP,Male,0,No,No,8,Yes,Yes,Fiber optic,No,Yes,No,No,Yes,No,Two year,No,Credit card (automatic),85.58,717.34,No
7792-EDAEJ,Female,0,Yes,No,6,Yes,Yes,Fiber optic,No,No,No,Yes,No,No,One year,Yes,Mailed check,93.17,523.75,No
7793-PEDFJ,Male,0,No,No,16,Yes,Yes,Fiber optic,No,No,Yes,No,No,Yes,Month-to-month,Yes,Bank transfer (automatic),95.93,1576.66,Yes
7794-DNGGB,Male,0,No,No,16,Yes,No,DSL,No,No,No,No,No,Yes,One year,Yes,Mailed check,68.38,1128.97,No
7795-CAHID,Female,0,No,No,0,Yes,No,No,No internet service,No internet service,No internet service,No internet service,No internet service,No internet service,Month-to-month,No,Credit card (automatic),24.37,0.0,Yes
7796-FIFNL,Female,0,Yes,No,21,Yes,Yes,Fiber optic,No,No,Yes,No,No,No,Two year,Yes,Electronic check,79.81,1675.89,Yes
7797-LLIOD,Male,0,No,No,31,Yes,Yes,Fiber optic,No,No,Yes,No,No,No,Month-to-month,No,Credit card (automatic),95.5,2949.49,No
7798-HIDEN,Male,1,Yes,No,19,Yes,Yes,DSL,No,Yes,Yes,No,Yes,Yes,Two year,Yes,Electronic check,44.97,801.7,No
7799-HLJNF,Female,0,No,No,40,Yes,No,Fiber optic,No,No,No,No,No,Yes,Month-to-month,Yes,Electronic check,81.47,3298.41,Yes
7800-LGCGL,Male,0,No,Yes,6,Yes,Yes,DSL,No,No,Yes,No,No,Yes,Month-to-month,Yes,Credit card (automatic),51.23,334.04,No
7801-NHJPP,Female,0,No,No,4,Yes,Yes,DSL,No,No,Yes,No,No,No,Two year,Yes,Credit card (automatic),55.39,254.6,No
7802-FOJIM,Male,1,Yes,No,23,Yes,Yes,Fiber optic,No,No,Yes,Yes,Yes,No,Month-to-month,Yes,Mailed check,94.21,2216.13,No
7803-FLIMD,Female,0,Yes,No,4,No,No phone service,No,No internet service,No internet service,No internet service,No internet service,No internet service,No internet service,Month-to-month,No,Credit card (automatic),20.22,94.18,No
7804-HKDBJ,Female,0,Yes,Yes,1,Yes,Yes,No,No internet service,No internet service,No internet service,No internet service,No internet service,No internet service,Two year,No,Credit card (automatic),18.0,80.25,No
7805-KIEDB,Female,0,No,Yes,2,Yes,No,Fiber optic,Yes,No,No,No,No,No,Month-to-month,No,Credit card (automatic),88.76,177.84,Yes
7806-AKGFO,Male,0,No,No,29,Yes,No,Fiber optic,No,Yes,No,No,Yes,No,Month-to-month,Yes,Bank transfer (automatic),77.29,2297.78,No
7807-OBPHK,Female,0,No,No,0,Yes,Yes,Fiber optic,Yes,No,No,No,No,Yes,One year,Yes,Credit card (automatic),86.99,46.74,No
7808-DHOPG,Female,0,Yes,Yes,6,Yes,No,DSL,No,Yes,Yes,Yes,Yes,No,Two year,No,Credit card (automatic),60.89,380.66,No
7809-EJJLH,Male,0,Yes,No,2,Yes,Yes,No,No internet service,No internet service,No internet service,No internet service,No internet service,No internet service,Month-to-month,Yes,Credit card (automatic),18.0,51.42,No
7810-PNIEJ,Male,1,Yes,No,28,Yes,Yes,Fiber optic,No,No,No,Yes,No,Yes,Month-to-month,No,Electronic check,74.89,2122.46,Yes
7811-EBECG,Male,0,Yes,No,14,Yes,No,Fiber optic,No,No,Yes,No,No,Yes,Month-to-month,No,Mailed check,84.4,1161.43,Yes
7812-JEHAC,Female,0,No,No,4,Yes,No,No,No internet service,No internet service,No internet service,No internet service,No internet service,No internet service,Month-to-month,Yes,Credit card (automatic),18.0,60.2,No
7813-CIEPL,Female,0,No,Yes,27,Yes,No,No,No internet service,No internet service,No internet service,No internet service,No internet service,No internet service,Month-to-month,Yes,Bank transfer (automatic),18.0,556.25,No
7814-IMIAB,Female,0,No,No,27,Yes,No,Fiber optic,Yes,No,No,Yes,No,No,Month-to-month,No,Credit card (automatic),80.52,2175.22,No
7815-EDOJI,Male,0,Yes,No,14,Yes,No,Fiber optic,No,No,No,No,No,No,One year,Yes,Credit card (automatic),91.56,1314.22,Yes
7816-GFGAA,Male,0,Yes,No,6,Yes,No,No,No internet service,No internet service,No internet service,No internet service,No internet service,No internet service,Two year,No,Credit card (automatic),18.0,85.73,No
7817-HMMBL,Female,1,Yes,Yes,17,Yes,Yes,Fiber optic,No,No,No,No,No,Yes,Month-to-month,No,Electronic check,73.87,1304.12,Yes
7818-JKIGF,Male,0,No,No,54,Yes,No,No,No internet service,No internet service,No internet service,No internet service,No internet service,No internet service,Month-to-month,No,Electronic check,22.6,1229.91,No
7819-AABFN,Male,0,No,Yes,1,Yes,Yes,DSL,No,No,No,No,Yes,Yes,One year,No,Electronic check,59.06,137.34,No
7820-FBAJE,Female,0,Yes,No,6,Yes,Yes,DSL,No,No,Yes,Yes,Yes,No,Month-to-month,No,Bank transfer (automatic),59.71,301.94,No
7821-EBFPI,Female,0,Yes,No,6,Yes,No,Fiber optic,No,No,No,Yes,Yes,Yes,One year,No,Electronic check,86.9,619.29,Yes
7822-BJBPP,Male,1,No,No,19,Yes,No,DSL,No,Yes,No,No,No,No,Month-to-month,Yes,Electronic check,50.19,976.73,Yes
7823-CMGFL,Female,0,No,Yes,21,No,No phone service,No,No internet service,No internet service,No internet service,No internet service,No internet service,No internet service,Month-to-month,No,Electronic check,28.73,522.52,No
7824-HOHFL,Male,1,Yes,No,4,Yes,No,Fiber optic,No,Yes,Yes,No,No,No,Month-to-month,Yes,Credit card (automatic),72.75,268.51,Yes
7825-KJCPC,Male,0,No,No,4,Yes,Yes,No,No internet service,No internet service,No internet service,No internet service,No internet service,No internet service,Month-to-month,Yes,Electronic check,18.0,101.47,Yes
7826-OAPPG,Female,0,Yes,No,52,Yes,Yes,DSL,Yes,No,No,Yes,Yes,Yes,Two year,No,Electronic check,55.94,2828.64,No
7827-EDJOD,Female,1,No,Yes,28,Yes,No,DSL,Yes,No,No,No,No,Yes,Two year,No,Mailed check,57.73,1645.4,No
7828-NDFOH,Male,0,Yes,Yes,54,Yes,Yes,DSL,No,No,No,No,No,Yes,Month-to-month,Yes,Electronic check,41.3,2248.6,No
7829-HEOFD,Male,0,Yes,Yes,35,Yes,No,DSL,No,No,No,No,Yes,No,One year,Yes,Electronic check,44.88,1590.71,No
7830-LNKMI,Female,1,Yes,No,10,Yes,Yes,Fiber optic,No,No,Yes,No,Yes,No,Month-to-month,Yes,Electronic check,84.63,867.19,Yes
7831-HJLJA,Male,0,Yes,No,2,Yes,Yes,DSL,Yes,No,Yes,No,No,No,One year,Yes,Bank transfer (automatic),55.5,13.88,No
7832-OBIHN,Male,0,No,Yes,19,Yes,Yes,Fiber optic,Yes,No,No,No,No,No,One year,Yes,Electronic check,94.86,1813.57,No
7833-CHLAJ,Male,0,No,No,8,Yes,Yes,No,No internet service,No internet service,No internet service,No internet service,No internet service,No internet service,Month-to-month,Yes,Credit card (automatic),18.0,87.87,No
7834-DCFGD,Male,0,No,No,11,Yes,No,DSL,No,No,Yes,Yes,No,No,Month-to-month,No,Electronic check,47.33,519.17,Yes
7835-GIKBK,Male,0,No,No,11,Yes,No,DSL,No,No,No,Yes,No,No,Month-to-month,Yes,Credit card (automatic),44.22,439.44,No
7836-CECKH,Female,1,Yes,No,55,Yes,Yes,Fiber optic,No,No,No,No,No,No,Month-to-month,Yes,Bank transfer (automatic),67.75,3719.74,No
7837-LJHHL,Male,0,Yes,No,1,Yes,No,Fiber optic,No,No,No,No,Yes,No,One year,No,Credit card (automatic),80.05,94.02,Yes
7838-LIDEE,Male,0,No,No,4,No,No phone service,No,No internet service,No internet service,No internet service,No internet service,No internet service,No internet service,Two year,No,Electronic check,22.53,21.89,No
7839-HGIOO,Female,1,No,No,18,Yes,No,Fiber optic,No,No,Yes,No,Yes,No,Two year,Yes,Bank transfer (automatic),80.65,1499.07,No
7840-PNHBJ,Female,0,Yes,No,43,Yes,No,No,No internet service,No internet service,No internet service,No internet service,No internet service,No internet service,Month-to-month,Yes,Credit card (automatic),21.35,962.35,No
7841-LDFLB,Female,0,Yes,No,50,No,No phone service,DSL,No,No,No,No,No,No,Month-to-month,No,Mailed check,53.72,2662.88,No
7842-GPCMC,Male,0,No,No,16,Yes,Yes,Fiber optic,Yes,No,Yes,Yes,No,Yes,Month-to-month,Yes,Mailed check,75.74,1200.96,No
7843-KBKHF,Male,1,Yes,No,0,Yes,Yes,No,No internet service,No internet service,No internet service,No internet service,No internet service,No internet service,One year,No,Electronic check,18.0,55.23,No
7844-ALAGP,Female,1,No,No,9,No,No phone service,No,No internet service,No internet service,No internet service,No internet service,No internet service,No internet service,Month-to-month,Yes,Mailed check,27.74,256.1,No
7845-HEPLP,Female,0,No,No,50,Yes,No,Fiber optic,Yes,No,Yes,No,No,Yes,Month-to-month,Yes,Electronic check,90.97,4464.56,No
7846-KEDNF,Female,1,Yes,No,13,Yes,Yes,Fiber optic,Yes,Yes,No,No,No,Yes,One year,No,Credit card (automatic),90.0,1184.32,No
7847-NFCPI,Female,0,Yes,No,25,Yes,Yes,DSL,Yes,No,No,No,Yes,Yes,Month-to-month,Yes,Bank transfer (automatic),52.66,1356.59,No
7848-LKNGP,Female,0,No,Yes,6,Yes,No,DSL,No,No,No,Yes,No,No,Month-to-month,Yes,Electronic check,48.33,385.54,Yes
7849-AOMGE,Male,1,Yes,No,0,Yes,Yes,DSL,Yes,Yes,Yes,No,Yes,No,Month-to-month,No,Mailed check,57.95,0.0,No
7850-ENMBD,Female,0,Yes,No,17,Yes,No,DSL,No,No,Yes,No,No,Yes,Month-to-month,No,Bank transfer (automatic),51.8,868.92,No
7851-LFJOK,Male,0,No,No,36,Yes,No,Fiber optic,No,No,No,No,No,Yes,Month-to-month,Yes,Electronic check,80.86,2877.26,No
7852-GPKEI,Male,0,No,Yes,72,Yes,No,DSL,Yes,Yes,No,No,No,Yes,Month-to-month,Yes,Bank transfer (automatic),55.81,4054.51,No
7853-CADID,Female,0,Yes,No,37,No,No phone service,Fiber optic,No,No,No,No,Yes,Yes,Month-to-month,No,Electronic check,75.59,2885.49,Yes
7854-BJNNE,Female,0,No,Yes,16,Yes,Yes,No,No internet service,No internet service,No internet service,No internet service,No internet service,No internet service,Month-to-month,Yes,Mailed check,29.43,514.68,No
7855-CMLMI,Female,0,No,No,18,Yes,No,Fiber optic,No,No,Yes,No,No,No,Month-to-month,No,Bank transfer (automatic),87.14,1548.91,Yes
7856-DFBFC,Female,1,Yes,Yes,34,Yes,No,DSL,Yes,No,Yes,No,Yes,Yes,Two year,No,Mailed check,62.56,2150.43,No
7857-LLIKB,Female,1,Yes,No,0,Yes,Yes,Fiber optic,No,No,No,No,No,Yes,Month-to-month,Yes,Mailed check,82.1,2.06,Yes
7858-OLLIE,Male,0,No,No,60,Yes,No,No,No internet service,No internet service,No internet service,No internet service,No internet service,No internet service,Month-to-month,Yes,Credit card (automatic),18.0,1143.2,No
7859-HBFCL,Female,0,Yes,No,15,Yes,No,DSL,No,No,Yes,No,No,Yes,One year,Yes,Electronic check,51.46,808.48,No
7860-LNJPE,Female,0,Yes,No,60,Yes,No,No,No internet service,No internet service,No internet service,No internet service,No internet service,No internet service,Month-to-month,No,Bank transfer (automatic),18.0,1082.61,No
7861-LHJNA,Male,0,No,Yes,28,Yes,Yes,DSL,Yes,Yes,No,No,No,No,One year,Yes,Credit card (automatic),48.45,1339.79,No
7862-ECDBI,Female,0,No,No,3,Yes,No,Fiber optic,No,No,No,No,Yes,No,Month-to-month,No,Electronic check,79.85,235.3,Yes
7863-COBJK,Female,0,No,No,3,No,No phone service,DSL,No,No,Yes,No,No,Yes,Two year,Yes,Electronic check,64.15,236.34,No
7864-IGPPF,Female,0,No,Yes,8,Yes,Yes,Fiber optic,No,No,No,Yes,No,No,Two year,Yes,Credit card (automatic),85.37,644.35,No
7865-AELKN,Male,0,Yes,No,6,Yes,Yes,Fiber optic,Yes,No,Yes,No,No,No,One year,Yes,Mailed check,76.96,462.3,No
7866-OKCAD,Female,0,Yes,No,11,Yes,Yes,Fiber optic,No,Yes,No,Yes,No,No,One year,Yes,Credit card (automatic),86.14,1007.26,No
7867-MPBBC,Female,0,No,Yes,18,Yes,Yes,Fiber optic,Yes,No,No,No,No,No,Month-to-month,No,Electronic check,83.68,1399.18,No
7868-HHLOG,Female,0,No,Yes,11,Yes,Yes,No,No internet service,No internet service,No internet service,No internet service,No internet service,No internet service,Two year,Yes,Credit card (automatic),19.43,189.65,Yes
7869-FIDLA,Female,0,No,Yes,1,Yes,No,DSL,No,No,Yes,No,Yes,No,Month-to-month,Yes,Electronic check,38.29,22.83,No
7870-HGGPO,Male,0,Yes,No,72,Yes,Yes,Fiber optic,No,Yes,No,No,Yes,Yes,Month-to-month,Yes,Credit card (automatic),83.08,6042.02,No
7871-CDJIO,Female,0,No,Yes,11,Yes,Yes,DSL,No,No,No,Yes,Yes,No,Month-to-month,Yes,Credit card (automatic),62.47,728.77,No
7872-FOOEC,Male,0,Yes,Yes,38,Yes,No,Fiber optic,Yes,Yes,Yes,No,Yes,No,Month-to-month,No,Mailed check,88.22,3305.55,No
7873-IEEND,Female,0,Yes,No,1,Yes,No,Fiber optic,No,Yes,Yes,No,No,Yes,One year,No,Bank transfer (automatic),80.36,39.14,Yes
7874-NDLAG,Female,0,Yes,No,33,Yes,Yes,DSL,No,Yes,No,Yes,No,No,Month-to-month,Yes,Mailed check,67.03,2213.68,No
7875-ICLMO,Female,0,Yes,No,3,Yes,No,DSL,Yes,No,Yes,No,No,Yes,One year,Yes,Electronic check,52.38,114.64,No
7876-BCAFK,Male,0,No,No,22,Yes,Yes,No,No internet service,No internet service,No internet service,No internet service,No internet service,No internet service,Month-to-month,No,Mailed check,22.25,575.22,No
7877-KGKKB,Female,0,Yes,Yes,21,Yes,No,DSL,No,Yes,Yes,No,No,No,Two year,Yes,Bank transfer (automatic),51.33,1059.5,No
7878-HNFND,Female,1,Yes,Yes,48,Yes,Yes,Fiber optic,Yes,Yes,Yes,No,Yes,No,One year,No,Credit card (automatic),74.2,3610.44,Yes
7879-EHNCC,Male,0,Yes,Yes,7,Yes,Yes,Fiber optic,No,No,Yes,No,Yes,Yes,One year,Yes,Credit card (automatic),89.25,584.87,No
7880-NONKD,Female,0,No,No,2,Yes,No,DSL,No,Yes,Yes,Yes,Yes,No,One year,No,Mailed check,63.83,95.12,No
7881-AIHHN,Female,1,No,No,39,Yes,No,DSL,No,No,No,No,No,No,Two year,Yes,Bank transfer (automatic),53.38,2120.75,No
7882-JFGFP,Female,0,No,No,8,Yes,No,Fiber optic,Yes,Yes,No,No,No,No,Month-to-month,Yes,Electronic check,76.21,675.88,No
7883-ICNCC,Female,0,Yes,No,5,Yes,No,DSL,No,No,No,No,Yes,Yes,Month-to-month,Yes,Mailed check,55.93,188.55,No
7884-JCILD,Male,0,No,No,13,Yes,Yes,No,No internet service,No internet service,No internet service,No internet service,No internet service,No internet service,One year,No,Mailed check,18.0,313.24,No
7885-MGNOI,Male,0,Yes,No,3,Yes,No,No,No internet service,No internet service,No internet service,No internet service,No internet service,No internet service,Two year,No,Credit card (automatic),22.76,43.67,No
7886-KLGIL,Male,0,Yes,No,7,Yes,Yes,Fiber optic,No,Yes,Yes,Yes,No,No,Month-to-month,Yes,Mailed check,78.83,622.32,No
7887-CODNH,Female,0,No,No,9,Yes,No,DSL,Yes,No,Yes,No,Yes,No,Month-to-month,No,Electronic check,52.69,375.78,No
7888-FEMDH,Female,0,Yes,No,6,Yes,Yes,Fiber optic,Yes,No,No,No,Yes,No,Month-to-month,No,Electronic check,93.38,529.3,No
7889-ANIPA,Female,1,Yes,No,11,Yes,Yes,DSL,No,No,No,No,Yes,No,Month-to-month,Yes,Bank transfer (automatic),52.56,525.49,No
7890-HDINK,Female,0,Yes,No,9,Yes,No,Fiber optic,No,No,Yes,Yes,Yes,Yes,Two year,No,Electronic check,86.28,772.16,No
7891-ECIKN,Male,0,Yes,No,29,Yes,No,DSL,No,Yes,No,No,No,Yes,Month-to-month,Yes,Credit card (automatic),55.87,1628.35,No
7892-NIDKD,Female,0,Yes,Yes,50,Yes,No,Fiber optic,No,No,No,No,No,Yes,One year,Yes,Mailed check,101.52,5089.5,No
7893-LHBIM,Male,0,No,Yes,2,Yes,Yes,DSL,No,No,No,Yes,Yes,No,Two year,No,Electronic check,59.25,172.36,No
7894-NFIHO,Female,0,Yes,No,34,Yes,Yes,Fiber optic,No,Yes,No,No,Yes,Yes,Month-to-month,No,Bank transfer (automatic),81.13,2767.61,No
7895-OGPMN,Female,0,No,No,53,Yes,No,DSL,No,No,No,No,Yes,No,Month-to-month,Yes,Mailed check,56.14,2946.27,No
7896-APNLC,Male,0,No,No,23,Yes,No,Fiber optic,Yes,Yes,Yes,No,No,No,Month-to-month,No,Bank transfer (automatic),79.82,1901.91,Yes
7897-KPNBE,Female,0,No,No,72,Yes,No,DSL,Yes,No,No,Yes,No,No,One year,No,Bank transfer (automatic),73.99,5360.2,No
7898-OEEPD,Male,0,No,No,8,Yes,Yes,No,No internet service,No internet service,No internet service,No internet service,No internet service,No internet service,Month-to-month,No,Bank transfer (automatic),18.0,175.07,Yes
7899-ECLAE,Male,0,No,Yes,35,No,No phone service,Fiber optic,No,Yes,No,No,No,No,Month-to-month,Yes,Credit card (automatic),81.65,2845.08,No
7900-MIMID,Female,1,No,No,22,Yes,No,DSL,No,No,No,No,No,Yes,Month-to-month,No,Credit card (automatic),55.17,1242.45,Yes
7901-CABHP,Male,0,Yes,No,7,Yes,No,Fiber optic,Yes,No,Yes,Yes,No,Yes,Month-to-month,Yes,Bank transfer (automatic),76.41,533.66,No
7902-AHMGO,Male,0,No,No,24,Yes,No,DSL,No,Yes,No,No,No,No,Month-to-month,Yes,Credit card (automatic),59.12,1385.84,No
7903-HLFLN,Female,0,Yes,Yes,14,Yes,No,Fiber optic,Yes,No,Yes,No,No,Yes,Month-to-month,Yes,Electronic check,79.5,1114.59,No
7904-OOICJ,Male,1,Yes,No,4,Yes,Yes,DSL,No,Yes,Yes,No,Yes,No,Month-to-month,Yes,Credit card (automatic),49.03,153.84,No
7905-DMFHE,Male,1,Yes,No,3,No,No phone service,Fiber optic,Yes,Yes,No,No,Yes,No,One year,Yes,Electronic check,92.69,283.34,No
7906-CFDIM,Female,0,No,Yes,24,Yes,No,DSL,No,No,No,Yes,No,No,Month-to-month,Yes,Electronic check,50.15,1257.91,No
7907-CDGGL,Male,0,No,No,24,Yes,No,Fiber optic,Yes,No,No,Yes,Yes,No,One year,Yes,Credit card (automatic),86.3,2043.04,No
7908-LDFLM,Female,0,Yes,No,15,Yes,No,Fiber optic,No,No,No,No,Yes,No,One year,Yes,Mailed check,86.89,1271.11,Yes
7909-CFLBH,Male,0,No,No,13,Yes,Yes,No,No internet service,No internet service,No internet service,No internet service,No internet service,No internet service,Two year,Yes,Mailed check,26.09,418.12,No
7910-BKGIA,Female,0,No,No,3,No,No phone service,No,No internet service,No internet service,No internet service,No internet service,No internet service,No internet service,Month-to-month,No,Electronic check,25.85,66.5,Yes
7911-HGFFF,Female,0,Yes,Yes,11,Yes,No,No,No internet service,No internet service,No internet service,No internet service,No internet service,No internet service,Month-to-month,Yes,Electronic check,18.0,167.28,No
7912-IBAML,Female,0,Yes,Yes,41,Yes,No,DSL,No,No,No,No,No,No,Two year,Yes,Electronic check,49.87,2009.25,No
7913-FJKHC,Female,0,Yes,No,38,Yes,No,Fiber optic,Yes,No,No,No,Yes,No,Two year,Yes,Electronic check,83.16,3062.63,Yes
7914-LJAIM,Female,0,No,Yes,21,Yes,No,Fiber optic,No,Yes,No,No,Yes,No,Month-to-month,No,Mailed check,93.78,2081.4,Yes
7915-MACHN,Male,0,Yes,No,72,Yes,No,Fiber optic,No,Yes,No,Yes,Yes,Yes,Month-to-month,No,Bank transfer (automatic),77.16,5577.25,No
7916-CPMDH,Female,0,Yes,No,44,Yes,No,No,No internet service,No internet service,No internet service,No internet service,No internet service,No internet service,Two year,Yes,Bank transfer (automatic),18.0,753.13,No
7917-AMMFA,Female,0,Yes,No,3,Yes,Yes,DSL,No,Yes,No,Yes,No,Yes,Month-to-month,No,Mailed check,55.16,207.96,No
7918-NANHK,Male,0,No,No,10,Yes,Yes,Fiber optic,No,No,Yes,No,No,No,Two year,No,Credit card (automatic),82.36,831.65,No
7919-DLAJG,Female,1,No,Yes,2,Yes,No,Fiber optic,Yes,No,No,No,Yes,Yes,Two year,Yes,Electronic check,90.55,176.23,Yes
7920-EEAPN,Male,0,Yes,No,12,Yes,No,DSL,No,No,Yes,No,No,Yes,Month-to-month,No,Electronic check,51.79,642.37,No
7921-JKFNI,Male,0,No,No,29,Yes,Yes,No,No internet service,No internet service,No internet service,No internet service,No internet service,No internet service,Two year,No,Credit card (automatic),18.0,573.52,No
7922-IHEAI,Female,0,Yes,No,3,No,No phone service,DSL,No,No,No,No,No,No,Month-to-month,Yes,Mailed check,53.72,144.16,No
7923-AHECK,Male,0,Yes,No,42,Yes,Yes,Fiber optic,Yes,No,Yes,No,No,Yes,Two year,No,Credit card (automatic),98.73,4246.65,No
7924-GGIGM,Male,1,No,Yes,16,Yes,Yes,No,No internet service,No internet service,No internet service,No internet service,No internet service,No internet service,Month-to-month,Yes,Mailed check,20.31,282.72,No
7925-PKNCK,Male,0,No,Yes,27,Yes,No,Fiber optic,Yes,Yes,No,No,No,Yes,Month-to-month,No,Bank transfer (automatic),97.01,2635.55,No
7926-MONMA,Female,0,Yes,No,0,Yes,Yes,No,No internet service,No internet service,No internet service,No internet service,No internet service,No internet service,One year,Yes,Electronic check,23.31,26.23,No
7927-HLCLH,Male,0,No,No,1,Yes,Yes,DSL,No,No,No,No,No,Yes,Month-to-month,No,Credit card (automatic),53.97,43.23,Yes
7928-HMEML,Female,1,No,Yes,19,Yes,No,Fiber optic,No,No,No,No,Yes,Yes,Two year,Yes,Electronic check,93.54,1857.86,No
7929-MPAMJ,Female,0,No,No,36,Yes,No,Fiber optic,No,No,Yes,No,No,No,Month-to-month,Yes,Electronic check,91.11,3351.24,Yes
7930-GLJEH,Male,0,No,No,41,Yes,No,Fiber optic,No,No,Yes,Yes,No,No,Month-to-month,No,Electronic check,87.79,3672.99,No
7931-IKNGN,Female,0,No,No,23,Yes,No,DSL,Yes,Yes,No,No,Yes,Yes,Month-to-month,Yes,Mailed check,57.39,1319.05,No
7932-MOGAO,Male,0,No,Yes,4,Yes,Yes,Fiber optic,No,No,No,Yes,No,No,Two year,No,Electronic check,89.83,373.79,No
7933-DBBBD,Male,0,No,No,4,Yes,No,DSL,No,No,Yes,Yes,Yes,No,Month-to-month,Yes,Credit card (automatic),55.02,297.8,Yes
7934-NAODB,Female,0,No,Yes,42,Yes,No,DSL,Yes,No,No,No,Yes,No,Two year,No,Credit card (automatic),62.63,2591.45,No
7935-ECOLH,Female,0,No,No,2,Yes,Yes,Fiber optic,No,No,No,No,Yes,Yes,Month-to-month,Yes,Credit card (automatic),79.62,203.03,No
7936-DAALJ,Female,0,Yes,Yes,23,Yes,Yes,Fiber optic,No,No,No,Yes,No,Yes,Month-to-month,Yes,Credit card (automatic),82.42,1977.44,Yes
7937-COIGB,Male,0,Yes,No,15,Yes,No,No,No internet service,No internet service,No internet service,No internet service,No internet service,No internet service,Two year,No,Credit card (automatic),18.0,216.07,No
7938-OMIJB,Male,1,Yes,No,10,Yes,Yes,Fiber optic,Yes,No,No,No,Yes,No,Month-to-month,Yes,Credit card (automatic),100.18,896.25,No
7939-CKMJN,Male,1,No,No,11,Yes,Yes,Fiber optic,No,No,Yes,Yes,No,Yes,Month-to-month,Yes,Credit card (automatic),69.32,722.16,Yes
7940-BCFII,Female,0,Yes,No,58,Yes,Yes,DSL,Yes,No,No,No,No,Yes,Two year,Yes,Credit card (automatic),53.6,3070.39,No
7941-GLCDF,Male,0,Yes,Yes,39,Yes,No,DSL,No,Yes,No,Yes,No,Yes,One year,Yes,Electronic check,49.31,1905.06,Yes
7942-KEBMF,Male,1,Yes,No,40,Yes,No,Fiber optic,No,No,No,No,No,Yes,One year,No,Electronic check,81.9,3299.12,No
7943-CPNHB,Male,0,Yes,No,10,Yes,Yes,DSL,Yes,Yes,No,Yes,No,No,Two year,No,Bank transfer (automatic),39.66,380.39,No
7944-AINLC,Male,0,No,Yes,2,Yes,Yes,Fiber optic,No,No,No,No,No,Yes,Month-to-month,Yes,Electronic check,79.33,176.14,Yes
7945-KAGMO,Female,1,Yes,No,72,Yes,Yes,DSL,No,Yes,Yes,No,No,Yes,Two year,Yes,Electronic check,58.74,4155.33,No
7946-JEENA,Male,0,Yes,No,3,Yes,No,DSL,No,Yes,Yes,No,No,Yes,One year,Yes,Bank transfer (automatic),46.35,271.84,No
7947-OOIGH,Female,0,No,No,14,Yes,Yes,Fiber optic,No,No,No,No,Yes,Yes,One year,No,Bank transfer (automatic),96.04,1365.47,No
7948-IFLEF,Male,0,No,No,6,Yes,Yes,No,No internet service,No internet service,No internet service,No internet service,No internet service,No internet service,Month-to-month,Yes,Bank transfer (automatic),18.0,122.29,No
7949-KBDCM,Male,1,Yes,Yes,14,No,No phone service,Fiber optic,Yes,No,No,Yes,No,No,Two year,Yes,Credit card (automatic),71.95,992.28,No
7950-GIEFJ,Male,0,Yes,No,7,Yes,No,DSL,No,Yes,No,No,No,Yes,Two year,Yes,Bank transfer (automatic),67.83,392.91,Yes
7951-NLLBP,Female,1,No,No,45,No,No phone service,No,No internet service,No internet service,No internet service,No internet service,No internet service,No internet service,Month-to-month,No,Mailed check,24.07,1057.26,No
7952-CCLLO,Female,0,Yes,Yes,69,Yes,No,Fiber optic,Yes,Yes,No,Yes,Yes,No,One year,No,Electronic check,90.1,6164.54,No
7953-IOGHK,Female,0,No,No,10,Yes,Yes,No,No internet service,No internet service,No internet service,No internet service,No internet service,No internet service,Month-to-month,Yes,Electronic check,37.9,296.13,Yes
7954-PPJKI,Male,0,Yes,No,1,Yes,No,DSL,Yes,No,No,No,Yes,Yes,One year,Yes,Electronic check,42.94,20.12,No
7955-FDLAH,Male,0,Yes,Yes,21,No,No phone service,Fiber optic,No,No,No,No,No,No,Two year,Yes,Electronic check,95.1,1982.53,Yes
7956-GBHLE,Female,0,Yes,No,9,Yes,No,DSL,No,Yes,No,No,No,No,Month-to-month,Yes,Electronic check,39.8,320.19,No
7957-GDEHA,Male,0,Yes,No,72,Yes,No,DSL,No,No,No,No,No,No,Two year,Yes,Credit card (automatic),44.79,3239.49,No
7958-AODCM,Male,1,No,No,1,Yes,No,DSL,No,Yes,No,Yes,No,No,Month-to-month,Yes,Bank transfer (automatic),62.69,90.62,Yes
7959-JLBLC,Female,0,No,Yes,2,No,No phone service,DSL,No,Yes,No,No,Yes,No,Month-to-month,Yes,Bank transfer (automatic),56.6,137.33,No
7960-KOOKN,Male,0,No,No,24,Yes,Yes,No,No internet service,No internet service,No internet service,No internet service,No internet service,No internet service,Month-to-month,No,Credit card (automatic),18.0,437.54,No
7961-KAAFP,Male,0,No,Yes,28,Yes,No,Fiber optic,No,Yes,Yes,Yes,No,No,Month-to-month,No,Electronic check,79.37,2181.4,Yes
7962-EHBPD,Male,0,No,No,12,Yes,No,Fiber optic,Yes,No,No,No,No,No,One year,Yes,Bank transfer (automatic),76.77,848.11,No
7963-HLFAO,Female,0,No,No,6,Yes,No,No,No internet service,No internet service,No internet service,No internet service,No internet service,No internet service,Two year,Yes,Electronic check,24.84,126.73,No
7964-DAMBE,Male,0,No,No,7,Yes,No,DSL,No,No,No,No,No,No,Month-to-month,Yes,Credit card (automatic),57.22,458.02,Yes
7965-NHHKC,Female,1,Yes,No,8,Yes,Yes,DSL,Yes,Yes,Yes,No,No,No,Month-to-month,Yes,Mailed check,58.39,441.56,No
7966-KMDJK,Male,0,Yes,No,5,Yes,No,DSL,No,No,No,No,No,No,One year,No,Electronic check,45.77,230.9,No
7967-NFKPK,Female,0,No,No,38,No,No phone service,No,No internet service,No internet service,No internet service,No internet service,No internet service,No internet service,One year,No,Electronic check,18.0,648.67,No
7968-JCBFK,Female,0,No,No,1,Yes,No,Fiber optic,No,No,Yes,No,No,No,Two year,Yes,Credit card (automatic),88.1,76.99,Yes
7969-MOENJ,Female,0,No,No,10,No,No phone service,Fiber optic,No,Yes,No,Yes,No,Yes,Month-to-month,Yes,Electronic check,85.94,862.34,Yes
7970-EJMEJ,Female,0,No,No,27,Yes,No,No,No internet service,No internet service,No internet service,No internet service,No internet service,No internet service,Two year,Yes,Credit card (automatic),27.59,729.08,No
7971-LECGF,Male,0,Yes,No,0,Yes,No,DSL,No,No,No,No,No,No,Month-to-month,Yes,Mailed check,45.99,0.0,No
7972-DBLIA,Female,0,No,No,42,Yes,Yes,DSL,No,No,No,No,No,Yes,Month-to-month,No,Electronic check,43.98,1766.67,Yes
7973-MMKON,Male,0,No,No,24,Yes,Yes,Fiber optic,No,No,Yes,No,Yes,Yes,Two year,Yes,Electronic check,86.54,2119.18,Yes
7974-DAMPP,Male,0,Yes,No,1,Yes,Yes,No,No internet service,No internet service,No internet service,No internet service,No internet service,No internet service,Month-to-month,No,Mailed check,31.38,0.0,No
7975-FDEEI,Female,0,No,Yes,45,Yes,No,DSL,No,No,No,No,No,No,One year,Yes,Mailed check,41.38,1853.78,No
7976-AMBMF,Male,0,No,No,13,Yes,Yes,DSL,No,No,No,Yes,No,No,Two year,No,Bank transfer (automatic),45.69,577.06,No
7977-EKGCC,Male,0,No,No,21,Yes,No,Fiber optic,No,No,Yes,No,Yes,Yes,Month-to-month,No,Mailed check,80.37,1655.63,Yes
7978-JBPMC,Male,0,No,No,42,Yes,Yes,DSL,No,No,No,No,Yes,Yes,One year,Yes,Mailed check,53.59,2266.67,No
7979-JAENO,Male,0,Yes,No,42,Yes,No,Fiber optic,Yes,Yes,No,No,No,No,One year,Yes,Electronic check,92.17,3919.83,No
7980-LELKG,Female,0,Yes,Yes,10,Yes,No,Fiber optic,Yes,No,No,Yes,Yes,No,Month-to-month,No,Mailed check,75.74,791.68,No
7981-DCALO,Male,0,No,Yes,5,Yes,No,Fiber optic,No,Yes,Yes,Yes,Yes,No,One year,Yes,Mailed check,82.09,462.71,Yes
7982-HMCMO,Male,1,Yes,No,5,Yes,No,No,No internet service,No internet service,No internet service,No internet service,No internet service,No internet service,Two year,No,Bank transfer (automatic),18.0,129.67,No
7983-BKDCM,Male,0,No,Yes,29,Yes,No,Fiber optic,No,No,No,No,Yes,Yes,Month-to-month,Yes,Electronic check,89.46,2588.42,Yes
7984-ACLBH,Male,0,Yes,Yes,53,Yes,No,DSL,No,No,No,No,No,Yes,Two year,No,Bank transfer (automatic),57.32,3102.4,No
7985-FIHJC,Male,1,No,No,1,No,No phone service,Fiber optic,No,Yes,Yes,No,Yes,Yes,Month-to-month,Yes,Bank transfer (automatic),92.95,164.81,No
7986-EGEHL,Female,1,Yes,No,0,Yes,Yes,DSL,No,Yes,No,No,No,Yes,Month-to-month,Yes,Electronic check,60.16,0.0,No
7987-EAEDF,Male,1,Yes,No,34,Yes,No,No,No internet service,No internet service,No internet service,No internet service,No internet service,No internet service,One year,Yes,Mailed check,28.32,1046.45,No
7988-COPKE,Female,0,No,No,9,Yes,No,Fiber optic,No,Yes,No,Yes,No,No,Month-to-month,Yes,Credit card (automatic),81.29,763.75,No
7989-BKFMO,Male,1,No,Yes,6,Yes,Yes,Fiber optic,No,No,No,No,No,No,Two year,No,Electronic check,96.78,658.71,No
7990-LFEFK,Female,0,No,No,4,Yes,No,No,No internet service,No internet service,No internet service,No internet service,No internet service,No internet service,Two year,No,Credit card (automatic),18.0,158.54,No
7991-GLEAH,Male,0,No,Yes,8,Yes,Yes,Fiber optic,No,No,No,No,Yes,No,Two year,No,Mailed check,95.84,787.22,No
7992-DINJL,Male,0,Yes,Yes,71,No,No phone service,No,No internet service,No internet service,No internet service,No internet service,No internet service,No internet service,One year,Yes,Bank transfer (automatic),18.0,1290.69,No
7993-FACCJ,Female,1,Yes,No,72,Yes,No,DSL,No,No,Yes,No,No,No,Two year,No,Bank transfer (automatic),63.94,4620.47,No
7994-PLLDP,Female,0,Yes,Yes,8,Yes,Yes,DSL,No,No,Yes,Yes,No,Yes,One year,Yes,Mailed check,62.94,492.04,No
7995-FOGJD,Female,0,No,No,66,Yes,No,Fiber optic,No,Yes,Yes,No,No,Yes,Month-to-month,Yes,Electronic check,81.0,5305.28,Yes
7996-FKANH,Male,0,Yes,No,7,Yes,Yes,DSL,No,No,No,Yes,Yes,No,Two year,Yes,Credit card (automatic),51.96,404.07,No
7997-GOKKP,Female,0,No,Yes,38,Yes,Yes,Fiber optic,No,No,No,Yes,Yes,Yes,Month-to-month,Yes,Bank transfer (automatic),75.36,2927.42,Yes
7998-ICBAC,Female,1,Yes,No,4,Yes,No,Fiber optic,No,No,No,No,No,No,Month-to-month,No,Mailed check,76.54,364.88,No
7999-ENKBL,Female,0,Yes,No,35,Yes,Yes,Fiber optic,Yes,Yes,Yes,No,Yes,No,Month-to-month,No,Mailed check,86.69,2980.62,No
8000-COOOD,Male,0,No,No,8,Yes,Yes,No,No internet service,No internet service,No internet service,No internet service,No internet service,No internet service,Two year,Yes,Mailed check,18.0,68.39,No
8001-GMCPO,Male,0,No,No,4,Yes,No,Fiber optic,No,No,No,Yes,No,Yes,Month-to-month,Yes,Credit card (automatic),96.1,387.17,No
8002-IHDMA,Male,0,Yes,Yes,54,Yes,No,No,No internet service,No internet service,No internet service,No internet service,No internet service,No internet service,Month-to-month,Yes,Electronic check,23.55,1228.19,No
8003-AAAPH,Female,0,Yes,No,4,Yes,Yes,Fiber optic,No,No,No,No,No,No,Month-to-month,No,Credit card (automatic),85.48,330.01,No
8004-COFCK,Male,0,Yes,No,72,Yes,No,Fiber optic,No,Yes,No,No,Yes,Yes,Month-to-month,Yes,Electronic check,80.84,5823.21,Yes
8005-EMONM,Male,0,Yes,No,2,Yes,No,Fiber optic,No,Yes,Yes,No,No,No,Month-to-month,No,Bank transfer (automatic),95.96,196.94,No
8006-OGPBP,Male,0,No,No,0,Yes,Yes,No,No internet service,No internet service,No internet service,No internet service,No internet service,No internet service,One year,No,Electronic check,24.78,0.0,No
8007-FMFKC,Male,0,Yes,No,40,No,No phone service,DSL,Yes,No,Yes,No,Yes,Yes,Month-to-month,Yes,Bank transfer (automatic),49.09,2006.23,No
8008-FJJPN,Female,0,Yes,Yes,17,Yes,No,Fiber optic,Yes,No,No,No,Yes,No,One year,No,Electronic check,81.96,1470.47,No
8009-EPLBI,Male,0,No,No,10,Yes,Yes,DSL,Yes,Yes,No,No,No,Yes,Month-to-month,No,Mailed check,62.14,700.0,No
8010-HCHNI,Female,1,No,No,1,Yes,No,DSL,No,No,No,Yes,Yes,No,Month-to-month,Yes,Credit card (automatic),56.31,56.87,No
8011-NOCCB,Female,0,Yes,No,17,Yes,Yes,No,No internet service,No internet service,No internet service,No internet service,No internet service,No internet service,Two year,Yes,Mailed check,18.0,353.13,No
8012-HJAHG,Female,0,Yes,No,10,Yes,No,DSL,No,No,No,No,No,Yes,Month-to-month,Yes,Electronic check,60.38,640.18,No
8013-NGCAD,Female,0,Yes,No,13,Yes,Yes,Fiber optic,No,No,No,No,Yes,Yes,Month-to-month,No,Electronic check,89.4,1166.79,No
8014-IEAOE,Female,0,Yes,Yes,19,Yes,Yes,Fiber optic,No,Yes,No,No,Yes,No,Two year,No,Bank transfer (automatic),85.96,1604.27,No
8015-MHHEL,Female,1,No,No,20,Yes,No,No,No internet service,No internet service,No internet service,No internet service,No internet service,No internet service,Month-to-month,No,Electronic check,18.0,419.67,No
8016-PIOAD,Male,0,No,No,64,Yes,No,Fiber optic,No,No,No,No,Yes,No,Month-to-month,No,Electronic check,76.93,4924.84,No
8017-CBOHG,Female,0,Yes,Yes,21,Yes,No,DSL,No,Yes,No,No,No,No,Month-to-month,No,Mailed check,56.88,1162.7,No
8018-IBNNP,Male,0,No,Yes,8,Yes,Yes,Fiber optic,No,Yes,No,Yes,Yes,Yes,Month-to-month,No,Electronic check,70.66,618.48,No
8019-DNOFK,Female,0,Yes,No,7,No,No phone service,DSL,Yes,No,No,No,Yes,Yes,Month-to-month,No,Electronic check,50.25,329.88,Yes
8020-CHCNL,Male,0,Yes,No,12,Yes,No,Fiber optic,Yes,Yes,No,Yes,No,No,Two year,Yes,Mailed check,83.1,963.33,No
8021-MMPBM,Female,0,No,No,6,Yes,No,Fiber optic,No,No,Yes,No,No,Yes,Month-to-month,No,Electronic check,86.14,504.8,Yes
8022-MCKFP,Male,0,Yes,Yes,9,Yes,Yes,DSL,No,No,No,No,No,No,Month-to-month,No,Electronic check,50.74,498.29,No
8023-BHAGB,Male,1,Yes,No,36,Yes,No,No,No internet service,No internet service,No internet service,No internet service,No internet service,No internet service,Two year,No,Mailed check,18.0,639.26,No
8024-JLPFL,Female,0,No,No,39,Yes,No,DSL,No,No,Yes,No,Yes,No,Month-to-month,No,Electronic check,44.14,1754.75,Yes
8025-BBJMH,Female,1,Yes,No,19,No,No phone service,DSL,No,No,Yes,No,No,Yes,Month-to-month,No,Electronic check,53.71,933.25,No
8026-OOLBG,Female,0,Yes,No,17,Yes,No,DSL,No,No,No,No,Yes,No,One year,Yes,Bank transfer (automatic),57.39,937.46,No
8027-CHGNH,Female,0,No,No,11,Yes,Yes,DSL,No,Yes,No,No,No,Yes,Month-to-month,Yes,Bank transfer (automatic),49.04,538.09,Yes
8028-NGKFM,Male,0,No,No,20,Yes,No,Fiber optic,No,Yes,Yes,No,No,No,Month-to-month,Yes,Electronic check,81.83,1645.53,Yes
8029-GEGAA,Male,0,No,No,32,Yes,Yes,DSL,Yes,Yes,Yes,No,Yes,Yes,One year,Yes,Bank transfer (automatic),58.66,1856.27,No
8030-INEME,Female,0,Yes,No,26,Yes,No,No,No internet service,No internet service,No internet service,No internet service,No internet service,No internet service,Two year,Yes,Credit card (automatic),22.78,611.18,No
8031-CECII,Female,0,Yes,No,0,Yes,No,No,No internet service,No internet service,No internet service,No internet service,No internet service,No internet service,Month-to-month,No,Credit card (automatic),18.0,77.38,Yes
8032-FOAGG,Male,0,Yes,No,26,Yes,No,Fiber optic,No,No,No,No,No,No,Two year,No,Mailed check,89.04,2278.35,Yes
8033-PNJJD,Female,0,No,No,25,Yes,No,Fiber optic,No,Yes,No,No,No,Yes,Month-to-month,Yes,Electronic check,83.12,2142.36,No
8034-HFDDP,Male,0,Yes,No,2,Yes,No,No,No internet service,No internet service,No internet service,No internet service,No internet service,No internet service,Month-to-month,Yes,Mailed check,23.72,31.36,No
8035-BNBLN,Female,0,No,No,3,Yes,No,Fiber optic,No,No,No,Yes,Yes,No,Month-to-month,No,Electronic check,67.96,277.93,No
8036-DEHOF,Female,1,Yes,No,31,Yes,No,DSL,Yes,No,No,Yes,Yes,No,Month-to-month,Yes,Mailed check,59.48,1881.14,No
8037-NODMK,Male,0,Yes,No,16,Yes,Yes,No,No internet service,No internet service,No internet service,No internet service,No internet service,No internet service,Month-to-month,Yes,Credit card (automatic),23.54,343.82,No
8038-GHBLG,Male,0,Yes,No,34,Yes,Yes,DSL,No,Yes,No,No,No,No,Two year,Yes,Mailed check,56.82,1958.31,No
8039-ONBBH,Female,0,No,No,4,Yes,No,Fiber optic,No,Yes,Yes,Yes,No,No,Two year,Yes,Mailed check,82.1,260.1,No
8040-BOKIL,Male,0,No,No,0,Yes,Yes,Fiber optic,No,Yes,No,No,Yes,No,One year,Yes,Electronic check,89.06,0.0,Yes
8041-AOIOA,Female,0,No,Yes,3,No,No phone service,Fiber optic,No,No,Yes,Yes,Yes,No,Month-to-month,No,Electronic check,87.72,236.54,Yes
8042-JMJBP,Male,0,Yes,No,12,Yes,No,DSL,No,Yes,Yes,Yes,No,No,One year,No,Credit card (automatic),51.05,619.45,No
8043-FFAGH,Female,0,Yes,No,14,Yes,No,DSL,No,No,No,No,No,No,Two year,Yes,Electronic check,57.83,753.01,No
8044-BHIFE,Female,0,Yes,No,38,No,No phone service,No,No internet service,No internet service,No internet service,No internet service,No internet service,No internet service,Month-to-month,Yes,Electronic check,18.0,581.31,No
8045-LIPML,Female,0,No,Yes,25,Yes,Yes,No,No internet service,No internet service,No internet service,No internet service,No internet service,No internet service,Month-to-month,No,Bank transfer (automatic),18.0,429.06,No
8046-KIAKC,Male,0,Yes,No,72,Yes,No,Fiber optic,Yes,No,Yes,Yes,Yes,No,Month-to-month,Yes,Bank transfer (automatic),80.62,5784.22,No
8047-IKBLD,Male,0,Yes,No,1,Yes,Yes,Fiber optic,No,No,No,No,No,No,Month-to-month,Yes,Electronic check,88.83,11.35,Yes
8048-DBOCM,Male,0,Yes,No,2,Yes,No,Fiber optic,No,No,No,Yes,No,Yes,Month-to-month,Yes,Mailed check,84.25,146.29,No
8049-CAFPH,Male,1,Yes,No,1,Yes,Yes,Fiber optic,Yes,No,Yes,No,No,Yes,Two year,Yes,Electronic check,86.06,118.96,No
8050-LCEAJ,Female,0,Yes,Yes,15,No,No phone service,DSL,No,Yes,No,No,No,No,Month-to-month,No,Mailed check,43.14,600.14,No
8051-GJMAL,Male,1,Yes,Yes,6,Yes,No,Fiber optic,Yes,No,Yes,No,No,No,Month-to-month,No,Electronic check,84.62,508.98,No
8052-KIHGJ,Male,0,Yes,No,23,Yes,Yes,No,No internet service,No internet service,No internet service,No internet service,No internet service,No internet service,Two year,Yes,Mailed check,20.53,455.71,No
8053-OGEEK,Male,0,Yes,No,2,Yes,Yes,No,No internet service,No internet service,No internet service,No internet service,No internet service,No internet service,Month-to-month,Yes,Electronic check,25.53,22.31,No
8054-MEAHL,Female,0,No,No,2,Yes,No,Fiber optic,Yes,Yes,Yes,No,No,No,One year,Yes,Credit card (automatic),93.44,63.77,Yes
8055-KADOI,Male,1,No,No,12,Yes,No,DSL,Yes,No,No,No,Yes,No,Month-to-month,No,Bank transfer (automatic),56.35,730.69,Yes
8056-NIEDC,Male,0,Yes,No,9,Yes,Yes,No,No internet service,No internet service,No internet service,No internet service,No internet service,No internet service,Month-to-month,Yes,Credit card (automatic),24.47,240.01,No
8057-CLEJA,Female,0,No,Yes,35,Yes,No,Fiber optic,No,Yes,Yes,No,Yes,No,Month-to-month,Yes,Bank transfer (automatic),73.02,2509.64,Yes
8058-EFPGL,Female,0,Yes,No,36,Yes,No,Fiber optic,Yes,No,No,Yes,No,Yes,Month-to-month,No,Electronic check,88.72,3265.08,Yes
8059-PICOP,Female,1,Yes,No,2,Yes,No,DSL,Yes,No,Yes,No,No,No,One year,Yes,Mailed check,56.68,142.68,No
8060-BPNCL,Female,0,No,No,33,No,No phone service,Fiber optic,No,No,No,No,Yes,No,Month-to-month,Yes,Bank transfer (automatic),90.07,2929.25,Yes
8061-ILGIM,Female,0,No,Yes,16,Yes,No,DSL,No,Yes,Yes,No,No,Yes,Month-to-month,No,Mailed check,49.9,857.03,No
8062-BEMDO,Female,0,No,Yes,14,Yes,No,Fiber optic,No,No,No,No,No,Yes,Two year,Yes,Mailed check,86.9,1189.66,No
8063-BPIIF,Female,0,Yes,Yes,1,No,No phone service,Fiber optic,No,Yes,Yes,No,No,No,Month-to-month,Yes,Electronic check,74.74,23.22,Yes
8064-KFHFA,Male,0,No,No,26,Yes,No,Fiber optic,No,Yes,Yes,Yes,No,No,One year,Yes,Bank transfer (automatic),79.9,2076.33,No
8065-DMGMM,Female,0,Yes,No,1,Yes,Yes,Fiber optic,No,No,No,No,No,Yes,Month-to-month,No,Credit card (automatic),77.45,74.55,No
8066-BIHHG,Female,0,Yes,No,6,Yes,Yes,Fiber optic,No,No,No,No,Yes,No,Two year,No,Electronic check,69.21,421.21,No
8067-DBCLF,Female,0,Yes,Yes,2,Yes,Yes,DSL,No,Yes,Yes,No,No,No,Month-to-month,No,Credit card (automatic),57.78,96.77,Yes
8068-LLELH,Female,0,No,Yes,15,Yes,No,Fiber optic,No,No,No,No,No,No,Month-to-month,Yes,Electronic check,81.63,1255.86,Yes
8069-FFADE,Female,0,Yes,No,20,No,No phone service,DSL,No,Yes,No,No,No,No,Month-to-month,No,Electronic check,58.74,1107.59,No
8070-LKCMI,Male,0,No,No,44,Yes,No,Fiber optic,No,Yes,Yes,No,No,No,Two year,Yes,Mailed check,81.83,3579.38,No
8071-AFFJE,Male,0,No,No,26,Yes,Yes,Fiber optic,No,No,No,No,No,Yes,Two year,No,Mailed check,79.66,2077.1,No
8072-LOEJN,Male,0,Yes,Yes,64,Yes,No,Fiber optic,Yes,No,No,No,Yes,No,Month-to-month,Yes,Bank transfer (automatic),80.89,5149.13,No
8073-MEFHB,Male,0,No,No,28,Yes,Yes,Fiber optic,No,No,No,Yes,Yes,Yes,One year,No,Mailed check,89.28,2530.96,No
8074-FADNJ,Male,0,No,No,7,Yes,No,Fiber optic,Yes,No,No,No,No,No,Month-to-month,Yes,Electronic check,91.55,682.22,Yes
8075-CICOF,Male,0,Yes,Yes,15,Yes,No,DSL,No,Yes,No,No,No,No,Month-to-month,No,Electronic check,48.14,739.21,Yes
8076-ALFDH,Male,0,Yes,No,12,Yes,Yes,Fiber optic,No,No,Yes,No,No,No,Two year,Yes,Electronic check,86.75,992.03,No
8077-MKIDJ,Female,0,No,Yes,16,Yes,No,DSL,No,No,No,No,No,Yes,Month-to-month,Yes,Credit card (automatic),66.13,990.18,Yes
8078-LJFAD,Female,0,Yes,Yes,16,Yes,No,Fiber optic,No,No,Yes,Yes,Yes,No,Month-to-month,No,Bank transfer (automatic),86.67,1381.18,Yes
8079-GLPOA,Female,0,No,No,24,Yes,Yes,Fiber optic,Yes,Yes,No,Yes,No,Yes,One year,Yes,Credit card (automatic),83.22,1991.89,No
8080-HLJLK,Female,0,Yes,No,1,Yes,Yes,DSL,No,No,No,No,Yes,Yes,Two year,No,Mailed check,60.62,143.09,No
8081-FEJKO,Female,0,Yes,No,27,Yes,No,Fiber optic,No,No,Yes,No,No,Yes,Month-to-month,No,Electronic check,86.07,2306.31,Yes
8082-NIBEF,Female,0,No,No,3,Yes,No,No,No internet service,No internet service,No internet service,No internet service,No internet service,No internet service,Month-to-month,Yes,Bank transfer (automatic),18.0,61.95,No
8083-GPPEI,Male,0,No,No,0,Yes,No,Fiber optic,Yes,Yes,No,No,No,No,Month-to-month,Yes,Mailed check,82.04,0.0,Yes
8084-AGJGD,Female,0,Yes,Yes,14,Yes,No,Fiber optic,Yes,No,No,No,Yes,No,Month-to-month,No,Mailed check,79.79,1067.99,Yes
8085-INLPP,Female,1,No,Yes,17,Yes,No,No,No internet service,No internet service,No internet service,No internet service,No internet service,No internet service,Month-to-month,No,Mailed check,18.0,300.61,No
8086-KEDMG,Female,1,Yes,No,0,Yes,No,Fiber optic,Yes,No,No,Yes,No,No,Two year,No,Bank transfer (automatic),89.14,62.13,No
8087-DOCIP,Male,0,No,Yes,14,Yes,Yes,Fiber optic,No,Yes,Yes,No,Yes,No,Month-to-month,No,Bank transfer (automatic),93.86,1274.21,No
8088-KHAGI,Male,0,No,No,15,Yes,No,DSL,Yes,Yes,No,No,No,Yes,One year,Yes,Electronic check,54.46,842.4,No
8089-HHMFK,Male,0,Yes,No,1,Yes,No,DSL,No,No,Yes,No,Yes,Yes,Two year,Yes,Credit card (automatic),61.74,120.08,No
8090-DHCMI,Female,1,Yes,Yes,24,No,No phone service,DSL,No,Yes,Yes,No,No,Yes,One year,Yes,Bank transfer (automatic),58.83,1390.44,No
8091-MBBLM,Female,0,Yes,No,4,Yes,Yes,DSL,Yes,Yes,No,No,Yes,No,Month-to-month,Yes,Mailed check,52.81,206.8,No
8092-OLGLJ,Female,0,Yes,Yes,31,Yes,No,Fiber optic,Yes,Yes,Yes,No,No,Yes,One year,Yes,Bank transfer (automatic),76.42,2358.0,No
8093-DJHIG,Male,0,Yes,Yes,7,Yes,Yes,DSL,No,No,No,No,No,No,Two year,No,Electronic check,58.16,525.23,Yes
8094-EHPDB,Male,0,No,Yes,12,Yes,Yes,No,No internet service,No internet service,No internet service,No internet service,No internet service,No internet service,Month-to-month,Yes,Credit card (automatic),25.7,319.04,No
8095-KOPLF,Female,0,Yes,No,44,Yes,Yes,No,No internet service,No internet service,No internet service,No internet service,No internet service,No internet service,Month-to-month,Yes,Electronic check,18.0,784.73,No
8096-IAKJL,Male,0,No,No,32,Yes,No,No,No internet service,No internet service,No internet service,No internet service,No internet service,No internet service,Month-to-month,No,Electronic check,18.0,579.95,No
8097-GJIJI,Female,1,No,No,30,Yes,Yes,No,No internet service,No internet service,No internet service,No internet service,No internet service,No internet service,Month-to-month,Yes,Credit card (automatic),20.17,653.64,No
8098-JKMCK,Male,0,No,No,3,No,No phone service,No,No internet service,No internet service,No internet service,No internet service,No internet service,No internet service,Month-to-month,Yes,Electronic check,25.95,71.06,No
8099-MEHHD,Male,0,Yes,Yes,0,Yes,Yes,Fiber optic,No,No,No,Yes,Yes,No,One year,Yes,Credit card (automatic),93.19,0.09,Yes
8100-OOLKK,Male,0,Yes,No,18,Yes,No,Fiber optic,No,Yes,No,No,No,No,One year,No,Electronic check,82.87,1439.53,No
8101-AAODF,Female,0,No,No,10,Yes,Yes,DSL,No,Yes,Yes,No,No,No,Month-to-month,No,Mailed check,43.95,326.57,No
8102-HFLIO,Male,0,Yes,Yes,47,Yes,No,Fiber optic,Yes,No,Yes,No,No,No,One year,Yes,Electronic check,70.45,3245.62,No
8103-OINBJ,Female,0,No,Yes,8,Yes,Yes,No,No internet service,No internet service,No internet service,No internet service,No internet service,No internet service,Month-to-month,Yes,Bank transfer (automatic),38.24,355.96,No
8104-ABEDD,Female,1,Yes,No,10,Yes,No,Fiber optic,Yes,No,No,No,No,No,One year,Yes,Electronic check,86.08,844.03,Yes
8105-IKHFA,Female,0,No,No,14,Yes,No,DSL,Yes,Yes,No,No,No,Yes,One year,Yes,Credit card (automatic),54.29,731.1,No
8106-BFKBO,Male,0,No,No,31,No,No phone service,Fiber optic,No,No,No,No,No,No,One year,Yes,Mailed check,78.57,2462.76,Yes
8107-PMJEN,Male,1,No,Yes,6,Yes,No,DSL,No,Yes,No,No,No,Yes,Month-to-month,Yes,Mailed check,62.74,410.28,Yes
8108-EFFNF,Male,1,Yes,No,56,Yes,Yes,Fiber optic,No,No,No,No,Yes,Yes,One year,Yes,Electronic check,78.1,4427.11,No
8109-NBNJN,Female,0,Yes,No,15,Yes,No,Fiber optic,No,No,No,No,No,Yes,Month-to-month,No,Credit card (automatic),93.37,1402.73,No
8110-MONCN,Male,0,No,No,36,Yes,Yes,No,No internet service,No internet service,No internet service,No internet service,No internet service,No internet service,Month-to-month,Yes,Credit card (automatic),28.59,1061.76,Yes
8111-FMHLM,Male,0,Yes,Yes,14,Yes,Yes,No,No internet service,No internet service,No internet service,No internet service,No internet service,No internet service,Month-to-month,Yes,Mailed check,21.55,265.1,No
8112-KLAAP,Female,0,Yes,No,29,Yes,No,DSL,Yes,Yes,No,No,No,No,Month-to-month,No,Credit card (automatic),59.77,1788.64,No
8113-KMBKO,Female,1,No,No,1,Yes,Yes,No,No internet service,No internet service,No internet service,No internet service,No internet service,No internet service,Month-to-month,Yes,Credit card (automatic),18.0,56.52,No
8114-LLFIP,Female,0,No,No,32,Yes,No,No,No internet service,No internet service,No internet service,No internet service,No internet service,No internet service,Month-to-month,No,Mailed check,20.04,664.93,No
8115-DCLPH,Male,0,Yes,No,14,Yes,Yes,Fiber optic,Yes,Yes,No,Yes,No,Yes,Month-to-month,No,Electronic check,73.91,1062.26,No
8116-PKJNI,Male,0,No,No,11,Yes,Yes,No,No internet service,No internet service,No internet service,No internet service,No internet service,No internet service,One year,Yes,Mailed check,18.0,287.25,No
8117-LKEIB,Female,0,No,Yes,2,Yes,No,DSL,Yes,No,No,No,No,No,Month-to-month,Yes,Electronic check,41.0,166.85,No
8118-CGGFF,Male,0,Yes,No,27,Yes,No,No,No internet service,No internet service,No internet service,No internet service,No internet service,No internet service,Month-to-month,Yes,Mailed check,18.0,528.42,No
8119-BJFDL,Female,1,No,Yes,2,Yes,Yes,Fiber optic,No,No,Yes,No,No,Yes,Month-to-month,Yes,Credit card (automatic),78.5,253.6,Yes
8120-CMKMB,Male,0,No,Yes,4,Yes,No,No,No internet service,No internet service,No internet service,No internet service,No internet service,No internet service,One year,Yes,Electronic check,18.0,49.73,No
8121-AKKEP,Female,1,No,No,2,Yes,No,Fiber optic,Yes,No,No,No,No,No,One year,Yes,Credit card (automatic),85.1,113.1,No
8122-BBGHM,Male,0,Yes,No,0,Yes,No,No,No internet service,No internet service,No internet service,No internet service,No internet service,No internet service,Two year,No,Credit card (automatic),22.93,15.73,No
8123-JHNPD,Female,0,No,Yes,21,Yes,No,Fiber optic,No,No,No,No,Yes,No,Two year,Yes,Credit card (automatic),88.3,1842.08,No
8124-ONAKG,Female,0,Yes,No,6,Yes,No,Fiber optic,No,Yes,No,No,Yes,No,Month-to-month,No,Mailed check,82.41,477.59,No
8125-AKDHB,Female,0,Yes,No,3,Yes,No,No,No internet service,No internet service,No internet service,No internet service,No internet service,No internet service,One year,No,Mailed check,29.81,52.8,No
8126-FMFLI,Male,0,No,No,7,Yes,No,Fiber optic,No,No,No,No,Yes,No,Month-to-month,Yes,Credit card (automatic),88.08,658.22,Yes
8127-EJDEL,Male,0,Yes,Yes,13,No,No phone service,No,No internet service,No internet service,No internet service,No internet service,No internet service,No internet service,Month-to-month,Yes,Electronic check,19.05,226.03,Yes
8128-PLJOK,Male,0,Yes,No,13,Yes,Yes,Fiber optic,No,No,Yes,No,Yes,No,Two year,No,Bank transfer (automatic),92.66,1241.05,No
8129-EHJLH,Female,0,Yes,Yes,9,Yes,No,No,No internet service,No internet service,No internet service,No internet service,No internet service,No internet service,Month-to-month,Yes,Mailed check,21.34,240.61,No
8130-BGHPK,Female,0,Yes,Yes,13,Yes,No,Fiber optic,Yes,No,No,No,Yes,No,One year,No,Mailed check,87.47,1152.83,No
8131-FEKIM,Female,1,No,No,11,Yes,Yes,DSL,No,No,Yes,No,No,Yes,Two year,Yes,Bank transfer (automatic),41.69,471.61,No
8132-CLMMJ,Female,0,Yes,No,34,Yes,Yes,Fiber optic,No,No,No,Yes,Yes,No,Month-to-month,No,Electronic check,79.66,2721.94,Yes
8133-DIFHG,Female,0,No,Yes,0,Yes,No,DSL,No,No,No,Yes,No,No,Month-to-month,No,Credit card (automatic),57.32,27.34,No
8134-KBCAP,Female,0,Yes,No,40,Yes,Yes,No,No internet service,No internet service,No internet service,No internet service,No internet service,No internet service,Month-to-month,Yes,Bank transfer (automatic),18.79,798.51,No
8135-IMGAC,Female,0,No,Yes,5,Yes,No,DSL,No,No,Yes,No,No,Yes,Month-to-month,No,Bank transfer (automatic),62.96,290.56,No
8136-DDENC,Female,0,No,Yes,25,Yes,Yes,Fiber optic,Yes,Yes,No,Yes,No,No,Month-to-month,Yes,Mailed check,89.7,2261.58,No
8137-CAGKJ,Female,0,Yes,No,10,Yes,No,Fiber optic,No,Yes,No,No,Yes,Yes,Two year,Yes,Electronic check,89.67,860.82,No
8138-NABMD,Male,0,No,No,6,Yes,No,Fiber optic,No,Yes,No,No,No,Yes,Two year,No,Bank transfer (automatic),76.94,403.37,No
8139-MDEKB,Female,0,No,No,19,Yes,Yes,Fiber optic,No,Yes,No,No,Yes,Yes,One year,No,Bank transfer (automatic),97.17,1765.12,Yes
8140-DABAJ,Male,0,No,No,29,Yes,Yes,No,No internet service,No internet service,No internet service,No internet service,No internet service,No internet service,One year,Yes,Electronic check,30.76,798.58,No
8141-JMDDG,Female,1,Yes,No,11,Yes,No,Fiber optic,Yes,Yes,Yes,No,No,Yes,Month-to-month,No,Mailed check,87.16,923.23,Yes
8142-JKKII,Male,0,No,No,12,Yes,No,Fiber optic,No,Yes,No,No,No,No,One year,Yes,Credit card (automatic),78.3,815.98,No
8143-EJAAF,Female,0,Yes,Yes,1,Yes,No,DSL,No,Yes,Yes,No,No,Yes,Month-to-month,Yes,Bank transfer (automatic),43.29,75.04,Yes
8144-BHMIM,Male,1,Yes,Yes,51,Yes,Yes,Fiber optic,Yes,No,No,No,Yes,No,Month-to-month,Yes,Bank transfer (automatic),80.19,4047.99,No
8145-DEPKH,Female,1,No,No,37,No,No phone service,DSL,No,Yes,Yes,No,No,No,Month-to-month,No,Electronic check,50.68,1893.11,Yes
8146-CECLJ,Female,0,Yes,No,10,Yes,No,Fiber optic,No,No,Yes,Yes,Yes,Yes,One year,Yes,Bank transfer (automatic),91.5,945.83,Yes
8147-CCMLG,Female,0,No,No,28,Yes,No,DSL,Yes,No,Yes,Yes,Yes,Yes,Month-to-month,Yes,Bank transfer (automatic),64.36,1822.79,No
8148-OGGJH,Male,1,No,Yes,7,Yes,Yes,No,No internet service,No internet service,No internet service,No internet service,No internet service,No internet service,Month-to-month,No,Mailed check,18.0,83.57,No
8149-EENDG,Female,0,No,No,26,Yes,No,Fiber optic,No,No,Yes,No,No,Yes,One year,Yes,Electronic check,80.96,2101.79,Yes
8150-JDOBD,Male,0,Yes,No,14,Yes,Yes,DSL,No,No,Yes,No,Yes,Yes,One year,Yes,Electronic check,57.54,885.96,No
8151-MMHIP,Male,0,No,No,12,Yes,Yes,Fiber optic,No,Yes,Yes,No,Yes,No,Month-to-month,No,Mailed check,84.23,1010.03,No
8152-CPGNL,Male,0,No,No,1,Yes,No,DSL,No,Yes,No,No,No,Yes,Month-to-month,Yes,Bank transfer (automatic),63.55,40.31,No
8153-NIKDJ,Male,1,Yes,Yes,67,Yes,No,DSL,No,Yes,No,No,Yes,No,Two year,Yes,Electronic check,45.95,3054.1,No
8154-OCEAC,Male,0,Yes,Yes,36,Yes,Yes,No,No internet service,No internet service,No internet service,No internet service,No internet service,No internet service,Month-to-month,No,Mailed check,28.5,1035.18,No
8155-OHKHO,Female,0,No,Yes,31,Yes,No,Fiber optic,No,No,Yes,No,No,Yes,One year,No,Mailed check,80.42,2536.51,Yes
8156-MDBMH,Male,1,No,No,7,Yes,No,DSL,No,No,No,No,No,Yes,Month-to-month,No,Electronic check,69.61,467.54,Yes
8157-HJDCB,Male,0,No,No,6,Yes,No,DSL,No,No,No,Yes,No,No,One year,Yes,Electronic check,61.68,366.45,No
8158-IAGEH,Male,0,No,No,17,Yes,Yes,Fiber optic,No,No,No,No,No,No,One year,No,Bank transfer (automatic),91.59,1647.66,No
8159-DGMEO,Male,1,Yes,No,37,Yes,No,Fiber optic,No,No,No,No,No,No,Two year,No,Bank transfer (automatic),74.41,2750.2,No
8160-NENII,Female,0,Yes,No,54,Yes,Yes,Fiber optic,No,Yes,No,Yes,Yes,Yes,Month-to-month,Yes,Bank transfer (automatic),70.92,3767.38,No
8161-MILFF,Female,0,Yes,No,6,Yes,No,DSL,No,No,No,No,Yes,No,Month-to-month,Yes,Bank transfer (automatic),48.65,303.04,Yes
8162-EIJHG,Female,1,No,No,18,Yes,No,Fiber optic,No,No,Yes,Yes,Yes,No,Two year,Yes,Bank transfer (automatic),78.42,1372.19,No
8163-GFEMD,Male,0,Yes,Yes,25,Yes,No,No,No internet service,No internet service,No internet service,No internet service,No internet service,No internet service,Month-to-month,No,Credit card (automatic),18.0,479.12,No
8164-CPCFO,Male,0,Yes,No,5,Yes,Yes,Fiber optic,No,No,No,No,No,Yes,Two year,No,Credit card (automatic),75.46,440.77,No
8165-DLLFC,Male,0,Yes,Yes,10,Yes,Yes,DSL,Yes,Yes,Yes,No,No,No,Two year,No,Credit card (automatic),62.57,489.09,No
8166-ODOIE,Female,0,No,No,4,Yes,Yes,Fiber optic,No,Yes,No,No,No,No,Month-to-month,Yes,Bank transfer (automatic),86.76,320.33,No
8167-MGJBN,Male,0,No,No,24,Yes,Yes,No,No internet service,No internet service,No internet service,No internet service,No internet service,No internet service,Two year,No,Credit card (automatic),18.0,401.12,No
8168-NEIPK,Female,0,Yes,Yes,39,Yes,Yes,DSL,Yes,No,No,Yes,Yes,No,Month-to-month,No,Electronic check,51.14,1976.98,No
8169-CNINP,Male,0,No,Yes,41,Yes,Yes,Fiber optic,No,No,No,No,No,No,One year,Yes,Electronic check,88.11,3673.94,Yes
8170-KOFDG,Male,1,Yes,Yes,22,Yes,No,No,No internet service,No internet service,No internet service,No internet service,No internet service,No internet service,One year,Yes,Credit card (automatic),18.0,407.09,No
8171-PHFEF,Female,0,Yes,No,8,Yes,Yes,DSL,No,No,Yes,No,No,No,Month-to-month,No,Credit card (automatic),45.71,326.63,No
8172-EHAPK,Male,0,Yes,Yes,21,Yes,Yes,No,No internet service,No internet service,No internet service,No internet service,No internet service,No internet service,One year,No,Credit card (automatic),18.0,292.62,No
8173-GOJJP,Female,0,Yes,No,39,Yes,Yes,Fiber optic,No,No,No,No,Yes,No,Two year,Yes,Credit card (automatic),85.52,3325.92,No
8174-KBONI,Male,0,Yes,No,19,Yes,No,Fiber optic,No,Yes,No,Yes,No,No,One year,No,Mailed check,73.84,1491.86,No
8175-AKPJF,Female,0,No,No,10,Yes,Yes,No,No internet service,No internet service,No internet service,No internet service,No internet service,No internet service,Month-to-month,Yes,Credit card (automatic),18.77,130.78,No
8176-IADPD,Male,0,No,Yes,50,No,No phone service,DSL,No,Yes,No,Yes,Yes,Yes,One year,Yes,Electronic check,49.9,2498.53,No
8177-OIKEE,Male,1,No,No,36,Yes,No,Fiber optic,Yes,Yes,Yes,No,No,Yes,Month-to-month,Yes,Credit card (automatic),88.31,3202.59,Yes
8178-FAAOI,Male,0,No,No,42,No,No phone service,No,No internet service,No internet service,No internet service,No internet service,No internet service,No internet service,Month-to-month,No,Mailed check,23.22,977.07,No
8179-CDAIO,Male,1,No,No,46,Yes,Yes,Fiber optic,No,No,No,No,No,No,Month-to-month,No,Electronic check,100.33,4566.01,No
8180-HBHOP,Male,0,Yes,No,10,Yes,Yes,DSL,No,Yes,Yes,No,No,Yes,Month-to-month,Yes,Bank transfer (automatic),52.17,497.45,No
8181-GKFAO,Female,0,No,No,39,Yes,Yes,Fiber optic,No,No,Yes,Yes,No,No,Two year,Yes,Electronic check,93.35,3739.73,No
8182-GJGMN,Female,0,No,Yes,16,Yes,No,DSL,No,Yes,No,No,No,Yes,One year,No,Electronic check,59.87,824.79,No
8183-IABKI,Male,0,No,No,0,Yes,Yes,Fiber optic,No,No,No,No,Yes,Yes,Two year,No,Electronic check,76.45,0.0,Yes
8184-MIMFF,Female,0,Yes,No,20,Yes,No,Fiber optic,No,No,No,No,Yes,Yes,Month-to-month,Yes,Electronic check,98.81,2013.18,Yes
8185-DDECA,Female,1,Yes,No,12,Yes,No,Fiber optic,No,Yes,Yes,No,Yes,No,One year,Yes,Bank transfer (automatic),86.1,1061.56,No
8186-OALPO,Female,0,No,Yes,6,Yes,No,Fiber optic,No,No,No,No,No,No,Month-to-month,No,Mailed check,97.69,605.01,No
8187-MGPAA,Female,0,No,Yes,70,Yes,No,DSL,No,No,No,Yes,No,No,Month-to-month,Yes,Credit card (automatic),45.98,3183.48,No
8188-CJODP,Male,0,Yes,No,1,Yes,Yes,DSL,No,No,No,Yes,Yes,No,Two year,Yes,Mailed check,62.67,92.2,No
8189-PPDBA,Female,0,No,Yes,58,Yes,No,No,No internet service,No internet service,No internet service,No internet service,No internet service,No internet service,Month-to-month,No,Credit card (automatic),18.0,983.21,No
8190-CKDCH,Female,0,Yes,No,3,Yes,Yes,DSL,No,No,No,No,Yes,No,Month-to-month,Yes,Credit card (automatic),35.29,140.08,No
8191-NJANB,Male,0,No,Yes,9,No,No phone service,DSL,No,Yes,Yes,Yes,Yes,Yes,Month-to-month,Yes,Electronic check,71.86,648.69,Yes
8192-MGDHK,Male,1,Yes,No,10,No,No phone service,No,No internet service,No internet service,No internet service,No internet service,No internet service,No internet service,Two year,Yes,Electronic check,27.65,292.33,No
8193-MCFIA,Male,0,Yes,No,26,Yes,Yes,Fiber optic,Yes,Yes,No,Yes,No,No,One year,Yes,Mailed check,96.05,2593.22,No
8194-AHCEA,Male,0,Yes,No,4,Yes,Yes,Fiber optic,No,No,No,No,No,Yes,Month-to-month,No,Credit card (automatic),82.63,285.0,No
8195-EKPFH,Male,0,Yes,No,72,Yes,Yes,DSL,No,No,No,No,Yes,No,Month-to-month,No,Credit card (automatic),49.88,3629.45,No
8196-MPPNC,Male,0,Yes,Yes,27,Yes,No,DSL,Yes,No,No,No,Yes,No,Month-to-month,Yes,Mailed check,60.23,1635.3,No
8197-CLPKK,Male,0,No,Yes,31,Yes,Yes,Fiber optic,No,No,No,Yes,No,No,Month-to-month,No,Electronic check,76.21,2444.13,No
8198-JIDOD,Male,0,No,No,2,Yes,Yes,Fiber optic,Yes,No,No,No,No,Yes,Two year,Yes,Credit card (automatic),76.18,156.38,No
8199-LGBHF,Female,0,Yes,No,12,Yes,Yes,No,No internet service,No internet service,No internet service,No internet service,No internet service,No internet service,Two year,No,Bank transfer (automatic),18.0,183.77,Yes
8200-CIEHG,Male,1,No,No,58,Yes,Yes,Fiber optic,No,No,Yes,No,No,Yes,Two year,Yes,Electronic check,92.48,5365.43,No
8201-NHGCB,Female,0,Yes,Yes,6,Yes,Yes,DSL,No,No,Yes,Yes,No,Yes,Two year,Yes,Credit card (automatic),46.43,170.34,No
8202-PGCCB,Male,0,Yes,No,3,Yes,No,Fiber optic,Yes,Yes,No,No,No,No,Two year,No,Credit card (automatic),93.03,270.03,No
8203-DPHLA,Male,0,Yes,Yes,13,Yes,No,DSL,No,No,Yes,No,No,No,Two year,Yes,Electronic check,58.49,835.5,No
8204-ALNEK,Female,0,Yes,No,53,Yes,No,DSL,No,No,No,No,Yes,No,Two year,Yes,Electronic check,58.66,3114.9,No
8205-EKLAF,Male,1,No,No,13,Yes,No,Fiber optic,No,No,No,No,Yes,No,Two year,Yes,Credit card (automatic),71.85,888.96,Yes
8206-AEILN,Male,1,Yes,No,10,Yes,No,DSL,No,No,Yes,No,Yes,No,Month-to-month,Yes,Bank transfer (automatic),49.68,510.58,No
8207-EFHKA,Female,1,No,No,21,Yes,Yes,DSL,No,No,Yes,No,Yes,Yes,Month-to-month,Yes,Credit card (automatic),53.23,1111.17,No
8208-NBPIC,Female,0,No,Yes,55,Yes,No,No,No internet service,No internet service,No internet service,No internet service,No internet service,No internet service,One year,Yes,Credit card (automatic),22.65,1221.03,No
8209-FEKBN,Female,1,No,No,1,Yes,No,Fiber optic,No,No,No,No,No,Yes,One year,No,Electronic check,79.87,87.45,Yes
8210-OGDAM,Female,1,No,Yes,3,Yes,No,DSL,Yes,No,No,Yes,No,No,One year,No,Bank transfer (automatic),67.94,243.51,Yes
8211-DFGOG,Female,0,No,No,2,Yes,No,DSL,Yes,No,No,No,No,No,One year,Yes,Bank transfer (automatic),52.79,156.48,No
8212-NGCPF,Female,0,No,No,1,Yes,No,No,No internet service,No internet service,No internet service,No internet service,No internet service,No internet service,One year,Yes,Electronic check,22.77,58.18,Yes
8213-MHDMH,Male,0,No,Yes,7,Yes,No,No,No internet service,No internet service,No internet service,No internet service,No internet service,No internet service,Month-to-month,Yes,Electronic check,20.38,47.93,No
8214-BOJII,Male,0,Yes,No,5,Yes,No,Fiber optic,Yes,No,No,No,No,No,Month-to-month,Yes,Mailed check,90.68,517.88,Yes
8215-HJNMJ,Male,0,No,No,15,Yes,Yes,Fiber optic,No,Yes,Yes,No,Yes,No,Two year,Yes,Mailed check,85.03,1352.16,Yes
8216-ABFJE,Male,0,No,No,7,Yes,Yes,Fiber optic,No,No,No,Yes,No,No,One year,No,Mailed check,74.95,474.53,Yes
8217-LNIEB,Male,0,No,No,10,Yes,Yes,No,No internet service,No internet service,No internet service,No internet service,No internet service,No internet service,Month-to-month,Yes,Electronic check,18.0,206.94,Yes
8218-JDIAK,Female,0,Yes,No,56,Yes,No,DSL,No,Yes,No,No,No,Yes,Two year,Yes,Mailed check,47.74,2613.79,No
8219-ALGKC,Female,0,Yes,No,3,Yes,No,No,No internet service,No internet service,No internet service,No internet service,No internet service,No internet service,Month-to-month,Yes,Mailed check,18.0,10.84,No
8220-JBICP,Male,0,Yes,No,9,Yes,Yes,No,No internet service,No internet service,No internet service,No internet service,No internet service,No internet service,Month-to-month,No,Credit card (automatic),29.29,248.13,No
8221-BLHJF,Female,0,No,No,5,Yes,No,Fiber optic,No,No,No,No,No,No,Month-to-month,No,Electronic check,97.42,483.07,No
8222-FJKGG,Male,1,Yes,Yes,15,Yes,Yes,DSL,No,No,No,Yes,No,Yes,Two year,No,Credit card (automatic),53.07,799.98,No
8223-KMOFD,Female,1,Yes,Yes,26,Yes,Yes,Fiber optic,Yes,No,No,No,No,No,One year,Yes,Mailed check,83.38,2077.88,No
8224-KIFDL,Male,1,Yes,Yes,33,Yes,Yes,DSL,No,Yes,No,Yes,No,No,Month-to-month,Yes,Bank transfer (automatic),49.35,1630.95,No
8225-CDCOB,Male,0,Yes,Yes,14,No,No phone service,DSL,No,Yes,No,Yes,No,Yes,Two year,Yes,Electronic check,55.24,779.67,No
8226-NEBFC,Male,0,Yes,Yes,38,Yes,Yes,No,No internet service,No internet service,No internet service,No internet service,No internet service,No internet service,Two year,Yes,Credit card (automatic),31.83,1234.73,No
8227-FOKJI,Female,0,No,No,30,No,No phone service,Fiber optic,No,Yes,Yes,No,Yes,No,One year,No,Credit card (automatic),97.14,2947.55,No
8228-APPFI,Female,0,Yes,Yes,3,No,No phone service,Fiber optic,Yes,Yes,Yes,No,No,Yes,Two year,Yes,Credit card (automatic),86.03,364.68,No
8229-KDKLB,Male,1,No,No,5,Yes,Yes,DSL,No,No,Yes,Yes,Yes,Yes,One year,No,Bank transfer (automatic),41.5,191.97,No
8230-MDACJ,Female,0,No,No,22,Yes,Yes,Fiber optic,No,No,Yes,No,No,Yes,One year,Yes,Electronic check,93.55,2089.31,Yes
8231-IJEOK,Male,0,No,No,72,Yes,Yes,Fiber optic,No,No,No,No,No,Yes,Month-to-month,No,Bank transfer (automatic),79.43,5645.87,Yes
8232-FCPEK,Male,0,No,No,9,Yes,No,DSL,Yes,Yes,No,Yes,Yes,No,Month-to-month,No,Credit card (automatic),51.58,482.34,No
8233-HFDBN,Female,1,No,Yes,5,Yes,Yes,Fiber optic,No,No,Yes,No,No,No,Month-to-month,No,Bank transfer (automatic),88.47,438.07,Yes
8234-IMLAA,Male,0,Yes,No,40,Yes,Yes,DSL,No,No,Yes,No,No,No,Two year,Yes,Credit card (automatic),49.43,1906.96,No
8235-MDGAI,Male,0,No,No,4,Yes,Yes,Fiber optic,No,Yes,No,Yes,No,No,Month-to-month,Yes,Electronic check,88.41,400.31,No
8236-DCAJD,Male,0,Yes,No,23,Yes,Yes,No,No internet service,No internet service,No internet service,No internet service,No internet service,No internet service,Month-to-month,No,Credit card (automatic),18.42,381.2,No
8237-IMNJP,Female,0,Yes,Yes,0,Yes,No,DSL,No,No,No,No,No,No,Month-to-month,Yes,Bank transfer (automatic),49.2,0.0,Yes
8238-PFPFA,Male,0,Yes,No,0,Yes,No,DSL,Yes,No,Yes,No,No,Yes,Month-to-month,Yes,Credit card (automatic),57.71,9.62,No
8239-JBKFB,Male,1,Yes,No,12,No,No phone service,Fiber optic,No,No,No,Yes,No,No,Month-to-month,No,Bank transfer (automatic),80.02,1011.71,Yes
8240-CDKEO,Male,0,Yes,No,21,Yes,No,Fiber optic,Yes,No,No,No,No,No,Two year,Yes,Mailed check,84.77,1705.98,Yes
8241-ILOOD,Male,0,No,Yes,3,Yes,No,DSL,No,Yes,No,No,No,No,Two year,Yes,Bank transfer (automatic),44.25,166.39,No
8242-MKIKJ,Female,1,No,No,28,Yes,Yes,Fiber optic,No,No,No,No,Yes,No,Two year,No,Credit card (automatic),95.87,2650.09,No
8243-CHLAK,Male,0,No,No,2,Yes,No,DSL,No,No,No,Yes,No,Yes,One year,Yes,Mailed check,43.07,98.31,No
8244-IIJBD,Male,1,Yes,No,15,Yes,Yes,Fiber optic,No,Yes,No,No,Yes,Yes,Two year,Yes,Credit card (automatic),83.88,1235.34,Yes
8245-MHGAE,Female,1,No,No,7,Yes,No,DSL,No,No,No,No,No,No,Month-to-month,Yes,Electronic check,60.92,392.25,Yes
8246-GOPDO,Female,0,Yes,Yes,27,Yes,Yes,DSL,Yes,No,Yes,No,No,No,Month-to-month,No,Electronic check,63.92,1753.05,No
8247-POAIN,Female,0,Yes,Yes,32,No,No phone service,Fiber optic,No,No,No,No,Yes,No,Month-to-month,Yes,Mailed check,84.47,2757.05,Yes
8248-EKPBH,Female,0,No,Yes,1,Yes,No,Fiber optic,No,No,No,Yes,No,No,Two year,Yes,Credit card (automatic),80.92,80.47,No
8249-KMBCN,Female,1,No,Yes,4,Yes,No,DSL,No,No,No,No,No,No,Month-to-month,Yes,Electronic check,56.21,176.61,No
8250-JAKPB,Female,1,Yes,Yes,44,No,No phone service,DSL,Yes,No,No,No,Yes,Yes,One year,Yes,Bank transfer (automatic),43.0,1867.75,No
8251-NPGJB,Male,0,No,Yes,10,Yes,Yes,Fiber optic,No,Yes,No,Yes,Yes,No,Two year,Yes,Mailed check,66.69,585.0,No
8252-FOCDK,Male,0,No,Yes,12,Yes,No,Fiber optic,Yes,No,Yes,No,Yes,No,One year,Yes,Electronic check,85.06,1088.69,Yes
8253-OMHNC,Female,0,No,No,3,Yes,No,DSL,No,No,No,No,Yes,Yes,Month-to-month,Yes,Electronic check,56.96,171.96,No
8254-JFAGH,Male,1,Yes,No,72,Yes,Yes,DSL,No,No,No,Yes,No,Yes,One year,No,Electronic check,55.53,4016.68,No
8255-KNHCN,Female,0,Yes,No,51,Yes,Yes,Fiber optic,Yes,No,No,No,No,No,Two year,Yes,Mailed check,86.82,4461.8,No
8256-JAIMF,Male,0,Yes,No,0,Yes,Yes,DSL,No,Yes,No,No,No,No,Month-to-month,Yes,Mailed check,66.47,0.0,No
8257-KIGAL,Female,0,Yes,No,16,No,No phone service,Fiber optic,No,Yes,No,Yes,No,No,One year,Yes,Electronic check,85.26,1387.35,Yes
8258-LAFEI,Female,0,Yes,No,41,Yes,No,Fiber optic,No,Yes,No,No,No,Yes,Two year,Yes,Credit card (automatic),88.62,3763.26,No
8259-BHKEB,Male,1,No,Yes,11,Yes,No,No,No internet service,No internet service,No internet service,No internet service,No internet service,No internet service,Two year,No,Credit card (automatic),18.0,182.85,No
8260-MJKKL,Female,0,Yes,No,11,Yes,Yes,No,No internet service,No internet service,No internet service,No internet service,No internet service,No internet service,Month-to-month,No,Mailed check,18.0,132.71,Yes
8261-FJHDB,Male,0,No,No,9,Yes,No,Fiber optic,Yes,No,Yes,Yes,No,Yes,Month-to-month,No,Mailed check,91.45,867.95,No
8262-LKEOL,Female,0,Yes,No,0,Yes,No,Fiber optic,Yes,No,No,No,No,No,Month-to-month,Yes,Electronic check,67.26,26.62,No
8263-BBOFP,Female,0,No,No,31,Yes,No,Fiber optic,Yes,No,No,Yes,Yes,Yes,One year,No,Bank transfer (automatic),70.34,2187.27,No
8264-KJIMD,Male,0,No,No,12,Yes,No,Fiber optic,No,No,No,No,No,No,Two year,No,Credit card (automatic),98.49,1232.09,No
8265-FPGMK,Female,0,Yes,No,15,Yes,No,DSL,No,Yes,No,Yes,No,Yes,Two year,Yes,Credit card (automatic),59.47,928.4,No
8266-FHDLO,Male,0,No,No,5,Yes,Yes,No,No internet service,No internet service,No internet service,No internet service,No internet service,No internet service,Two year,Yes,Electronic check,22.39,132.18,No
8267-AGCNF,Male,1,Yes,No,30,Yes,No,No,No internet service,No internet service,No internet service,No internet service,No internet service,No internet service,One year,No,Electronic check,34.98,1042.11,No
8268-BIAFF,Male,0,Yes,No,31,Yes,Yes,DSL,Yes,No,Yes,No,No,No,One year,Yes,Credit card (automatic),60.12,1886.14,No
8269-EPMEA,Male,1,Yes,No,16,No,No phone service,No,No internet service,No internet service,No internet service,No internet service,No internet service,No internet service,Month-to-month,No,Electronic check,18.0,309.03,Yes
8270-JLEBG,Male,0,Yes,Yes,46,Yes,No,Fiber optic,No,Yes,Yes,No,No,Yes,Month-to-month,No,Mailed check,79.85,3731.79,Yes
8271-CMODC,Female,0,No,No,2,Yes,No,Fiber optic,Yes,Yes,No,No,No,Yes,Two year,Yes,Electronic check,96.7,174.53,No
8272-CDEAD,Female,0,No,No,30,Yes,No,Fiber optic,Yes,Yes,No,No,Yes,No,One year,Yes,Credit card (automatic),83.78,2526.68,No
8273-LLKHJ,Male,0,Yes,No,16,Yes,No,DSL,No,Yes,No,No,No,Yes,Month-to-month,Yes,Electronic check,54.46,884.33,No
8274-GIEMO,Female,0,No,Yes,5,Yes,No,No,No internet service,No internet service,No internet service,No internet service,No internet service,No internet service,Month-to-month,Yes,Bank transfer (automatic),18.0,114.03,Yes
8275-JDHIM,Male,0,No,Yes,2,Yes,No,Fiber optic,Yes,Yes,No,No,No,No,Month-to-month,Yes,Electronic check,79.96,200.76,Yes
8276-GNPGP,Female,0,Yes,No,7,Yes,Yes,Fiber optic,Yes,No,Yes,Yes,No,Yes,One year,No,Electronic check,84.68,535.93,Yes
8277-EDNJA,Male,0,Yes,No,38,Yes,No,Fiber optic,No,No,No,No,No,Yes,Two year,No,Mailed check,95.15,3648.62,Yes
8278-JJGPA,Female,0,Yes,No,30,Yes,No,Fiber optic,No,No,No,No,No,No,Month-to-month,No,Electronic check,97.81,3033.75,Yes
8279-AEMIF,Male,0,No,No,20,Yes,No,DSL,Yes,No,No,No,Yes,No,Month-to-month,Yes,Electronic check,58.43,1172.91,No
8280-CMCGF,Female,0,Yes,Yes,1,Yes,Yes,DSL,No,No,No,No,No,No,One year,Yes,Electronic check,60.18,0.0,No
8281-IFEJG,Male,0,Yes,No,61,Yes,No,No,No internet service,No internet service,No internet service,No internet service,No internet service,No internet service,Month-to-month,Yes,Electronic check,18.0,1136.98,No
8282-ALGPC,Male,0,No,No,7,Yes,Yes,No,No internet service,No internet service,No internet service,No internet service,No internet service,No internet service,Month-to-month,Yes,Credit card (automatic),18.0,229.94,No
8283-NIOFI,Female,1,No,No,18,Yes,No,No,No internet service,No internet service,No internet service,No internet service,No internet service,No internet service,Month-to-month,Yes,Mailed check,18.11,388.09,No
8284-MOEGM,Male,0,Yes,No,32,Yes,No,DSL,Yes,No,No,No,Yes,No,Month-to-month,Yes,Credit card (automatic),60.08,1871.66,No
8285-PNDOP,Male,1,No,No,2,Yes,No,Fiber optic,No,No,No,Yes,No,No,One year,No,Mailed check,75.61,88.12,No
8286-GMAGH,Female,0,No,Yes,21,Yes,Yes,Fiber optic,No,Yes,Yes,No,No,Yes,Two year,Yes,Electronic check,76.31,1635.4,Yes
8287-EBEFL,Female,1,Yes,No,0,Yes,No,Fiber optic,No,No,No,No,No,No,Month-to-month,No,Bank transfer (automatic),91.41,0.0,Yes
8288-BNFFA,Male,0,No,Yes,2,Yes,No,Fiber optic,No,No,Yes,No,No,No,One year,No,Electronic check,69.58,24.42,No
8289-NANKP,Male,0,Yes,Yes,25,Yes,No,DSL,Yes,No,No,No,No,No,Month-to-month,Yes,Mailed check,44.19,1063.57,No
8290-JCNJJ,Male,0,Yes,Yes,3,No,No phone service,DSL,No,No,No,Yes,Yes,No,One year,No,Electronic check,53.37,150.14,Yes
8291-OLCDB,Male,0,Yes,No,11,Yes,Yes,DSL,No,Yes,No,No,No,No,One year,Yes,Bank transfer (automatic),73.59,764.8,No
8292-IJLKN,Female,1,Yes,No,5,Yes,No,Fiber optic,No,No,No,No,No,No,Month-to-month,No,Credit card (automatic),79.97,485.09,Yes
8293-GGOFO,Male,0,Yes,No,10,Yes,No,DSL,No,Yes,No,Yes,Yes,Yes,One year,No,Credit card (automatic),57.17,611.59,No
8294-CFONL,Male,0,Yes,No,1,Yes,No,No,No internet service,No internet service,No internet service,No internet service,No internet service,No internet service,Month-to-month,Yes,Mailed check,18.52,0.0,No
8295-HHKMI,Female,0,No,Yes,28,Yes,No,DSL,Yes,Yes,No,No,No,No,One year,No,Mailed check,54.3,1499.01,No
8296-OANAC,Female,0,No,No,1,Yes,Yes,Fiber optic,No,No,No,Yes,No,No,One year,Yes,Electronic check,67.91,30.11,No
8297-CJHOJ,Male,0,Yes,No,36,No,No phone service,No,No internet service,No internet service,No internet service,No internet service,No internet service,No internet service,One year,No,Bank transfer (automatic),31.44,1077.55,No
8298-AMBBC,Female,0,Yes,Yes,21,Yes,Yes,Fiber optic,No,No,No,No,No,Yes,Two year,Yes,Credit card (automatic),78.07,1626.65,No
8299-MFABM,Female,0,No,No,10,Yes,Yes,DSL,No,No,Yes,No,No,No,Two year,Yes,Mailed check,44.4,488.29,No
8300-POMPA,Female,0,Yes,No,40,Yes,Yes,DSL,No,No,No,No,Yes,No,Two year,Yes,Credit card (automatic),74.15,2957.86,No
8301-EPMMG,Male,0,Yes,No,4,Yes,No,Fiber optic,No,Yes,No,Yes,Yes,Yes,Two year,No,Credit card (automatic),81.65,281.77,No
8302-PHJAG,Male,0,No,No,6,Yes,No,DSL,No,Yes,No,Yes,No,Yes,Month-to-month,Yes,Bank transfer (automatic),66.1,351.25,No
8303-MEJAC,Male,0,No,Yes,2,Yes,No,No,No internet service,No internet service,No internet service,No internet service,No internet service,No internet service,Month-to-month,No,Bank transfer (automatic),18.0,122.26,No
8304-GJAGE,Female,0,No,Yes,9,Yes,No,Fiber optic,No,No,No,No,Yes,No,Month-to-month,No,Electronic check,92.72,880.65,Yes
8305-AANAK,Male,0,No,No,72,Yes,Yes,Fiber optic,Yes,Yes,Yes,Yes,No,Yes,Month-to-month,Yes,Bank transfer (automatic),92.02,6588.32,No
8306-IKMCO,Male,1,Yes,Yes,3,Yes,No,Fiber optic,Yes,No,Yes,No,No,No,Month-to-month,No,Electronic check,83.34,258.34,No
8307-MEKPJ,Male,0,No,No,35,Yes,Yes,No,No internet service,No internet service,No internet service,No internet service,No internet service,No internet service,Two year,Yes,Bank transfer (automatic),21.65,775.45,No
8308-LPIFL,Female,1,Yes,No,21,Yes,No,Fiber optic,No,No,No,No,No,No,Month-to-month,Yes,Electronic check,78.19,1670.77,No
8309-IHHAM,Male,0,Yes,Yes,0,Yes,No,Fiber optic,No,Yes,No,No,No,No,One year,Yes,Credit card (automatic),93.22,0.0,No
8310-IFPIC,Male,1,No,No,57,Yes,Yes,No,No internet service,No internet service,No internet service,No internet service,No internet service,No internet service,Month-to-month,Yes,Credit card (automatic),19.23,1201.36,No
8311-LCFIG,Male,0,No,Yes,70,Yes,No,No,No internet service,No internet service,No internet service,No internet service,No internet service,No internet service,One year,Yes,Bank transfer (automatic),18.0,1296.61,No
8312-NMCCB,Male,0,Yes,Yes,51,Yes,No,DSL,No,Yes,No,Yes,Yes,No,Two year,Yes,Electronic check,59.74,2977.49,No
8313-IMOCK,Female,0,Yes,No,13,Yes,No,DSL,Yes,No,Yes,No,No,Yes,Month-to-month,Yes,Credit card (automatic),55.98,747.64,No
8314-ENNIH,Male,0,No,No,4,Yes,Yes,DSL,No,Yes,No,No,No,Yes,Two year,Yes,Credit card (automatic),56.34,150.77,No
8315-BCPPB,Male,1,No,No,9,Yes,Yes,DSL,No,Yes,Yes,No,Yes,No,Month-to-month,Yes,Bank transfer (automatic),41.93,364.64,No
8316-PHFFL,Female,0,No,Yes,19,Yes,No,No,No internet service,No internet service,No internet service,No internet service,No internet service,No internet service,Two year,No,Credit card (automatic),35.61,762.63,No
8317-OIHDO,Female,0,Yes,Yes,9,Yes,No,DSL,No,No,No,No,No,Yes,Month-to-month,Yes,Electronic check,54.4,438.18,No
8318-LDIAM,Female,0,No,No,24,Yes,No,Fiber optic,Yes,Yes,No,No,Yes,Yes,Month-to-month,No,Bank transfer (automatic),85.52,1988.33,Yes
8319-BBMMF,Female,1,No,No,31,Yes,No,DSL,No,Yes,No,No,No,No,Two year,Yes,Mailed check,54.69,1684.59,Yes
8320-ODPMK,Female,0,No,No,4,Yes,No,No,No internet service,No internet service,No internet service,No internet service,No internet service,No internet service,One year,No,Electronic check,28.16,131.07,No
8321-JMCCC,Male,0,Yes,No,10,Yes,No,No,No internet service,No internet service,No internet service,No internet service,No internet service,No internet service,One year,Yes,Bank transfer (automatic),29.64,298.54,No
8322-FNPHK,Female,0,Yes,No,63,Yes,Yes,Fiber optic,No,No,No,No,No,Yes,One year,No,Credit card (automatic),88.01,5665.62,No
8323-GNDKL,Female,0,Yes,Yes,5,No,No phone service,Fiber optic,No,Yes,No,No,No,Yes,Month-to-month,Yes,Electronic check,97.7,520.83,Yes
8324-DKJOK,Female,1,Yes,Yes,8,Yes,Yes,Fiber optic,No,No,Yes,Yes,No,No,Month-to-month,Yes,Credit card (automatic),88.26,691.04,No
8325-PKNKB,Male,0,Yes,Yes,0,No,No phone service,Fiber optic,No,No,No,No,No,Yes,Month-to-month,No,Electronic check,82.79,9.98,Yes
8326-NPAIL,Male,0,No,No,8,Yes,No,DSL,Yes,Yes,Yes,Yes,No,Yes,Month-to-month,Yes,Bank transfer (automatic),50.1,464.03,No
8327-OLBMH,Male,0,Yes,No,9,Yes,No,Fiber optic,No,Yes,No,No,Yes,Yes,Two year,Yes,Credit card (automatic),86.83,866.41,No
8328-OPIDH,Female,1,No,Yes,2,Yes,Yes,Fiber optic,No,No,No,No,No,No,Two year,No,Electronic check,60.99,77.32,Yes
8329-IJJEP,Male,0,Yes,Yes,0,Yes,No,Fiber optic,No,No,Yes,No,No,No,Month-to-month,Yes,Bank transfer (automatic),83.67,1.44,Yes
8330-MNGPJ,Female,1,No,No,17,Yes,No,Fiber optic,No,No,No,No,No,Yes,Two year,Yes,Mailed check,83.0,1460.99,No
8331-DACEC,Female,0,No,No,7,Yes,No,No,No internet service,No internet service,No internet service,No internet service,No internet service,No internet service,Month-to-month,Yes,Bank transfer (automatic),18.0,106.32,Yes
8332-PLMKG,Male,0,No,No,0,Yes,No,Fiber optic,No,No,No,No,Yes,No,Month-to-month,Yes,Mailed check,84.74,0.0,Yes
8333-LIOLF,Male,0,Yes,Yes,39,No,No phone service,Fiber optic,No,No,No,No,No,Yes,Two year,No,Electronic check,88.45,3481.16,No
8334-MJAPG,Male,0,Yes,No,17,Yes,No,No,No internet service,No internet service,No internet service,No internet service,No internet service,No internet service,Month-to-month,No,Electronic check,24.62,363.1,No
8335-OCEPJ,Female,1,No,No,3,No,No phone service,Fiber optic,Yes,Yes,Yes,No,No,Yes,Month-to-month,Yes,Credit card (automatic),85.92,332.9,Yes
8336-DJEEF,Male,0,No,Yes,40,Yes,No,DSL,Yes,No,No,No,Yes,Yes,One year,No,Electronic check,55.49,2271.35,No
8337-NJLJM,Male,0,No,No,5,Yes,No,Fiber optic,No,No,No,No,No,Yes,Two year,Yes,Electronic check,98.29,487.13,Yes
8338-MKFPH,Male,1,No,No,5,Yes,No,Fiber optic,No,Yes,Yes,No,Yes,Yes,One year,No,Electronic check,97.48,475.44,Yes
8339-HKIHM,Male,0,Yes,Yes,45,Yes,Yes,DSL,No,Yes,Yes,No,No,Yes,Month-to-month,Yes,Electronic check,51.25,2351.09,No
8340-KBNNL,Male,0,No,No,3,Yes,Yes,Fiber optic,No,No,Yes,No,No,Yes,Month-to-month,Yes,Electronic check,94.11,278.75,Yes
8341-JLKOP,Female,0,No,No,42,Yes,No,No,No internet service,No internet service,No internet service,No internet service,No internet service,No internet service,One year,Yes,Electronic check,18.0,801.91,No
8342-AJBBL,Female,0,No,No,32,No,No phone service,Fiber optic,Yes,No,No,No,No,No,One year,Yes,Electronic check,85.22,2799.67,Yes
8343-CJGBN,Male,1,No,Yes,7,Yes,No,Fiber optic,No,Yes,No,Yes,No,Yes,Two year,Yes,Electronic check,78.7,531.17,Yes
8344-PAPNF,Female,0,No,No,0,Yes,No,DSL,No,Yes,Yes,Yes,Yes,Yes,Two year,No,Electronic check,59.58,0.0,No
8345-IOCFC,Female,0,Yes,Yes,1,Yes,Yes,No,No internet service,No internet service,No internet service,No internet service,No internet service,No internet service,Two year,Yes,Electronic check,18.0,0.0,No
8346-NMANM,Female,0,No,Yes,2,Yes,No,Fiber optic,Yes,No,No,Yes,No,Yes,One year,Yes,Mailed check,85.52,143.66,No
8347-PLEJN,Male,0,No,No,44,Yes,Yes,Fiber optic,No,No,No,Yes,No,No,Month-to-month,No,Bank transfer (automatic),86.57,3849.05,No
8348-MKDGF,Female,0,No,No,10,Yes,Yes,Fiber optic,No,Yes,No,No,Yes,No,One year,Yes,Bank transfer (automatic),78.88,782.86,No
8349-JGEOO,Male,0,No,Yes,0,Yes,Yes,DSL,No,Yes,No,No,No,No,One year,No,Mailed check,59.09,21.44,No
8350-DPGGF,Female,0,No,No,16,Yes,Yes,DSL,No,No,No,Yes,Yes,No,Month-to-month,Yes,Mailed check,66.87,1192.28,Yes
8351-HDJED,Male,0,No,Yes,4,Yes,No,DSL,Yes,No,No,No,Yes,No,Month-to-month,No,Bank transfer (automatic),57.12,304.86,No
8352-LALHA,Female,0,Yes,No,5,Yes,Yes,DSL,No,No,Yes,Yes,Yes,Yes,Month-to-month,Yes,Credit card (automatic),58.73,304.19,Yes
8353-EOFFM,Female,0,Yes,No,3,Yes,No,Fiber optic,No,Yes,No,No,Yes,Yes,Two year,No,Bank transfer (automatic),97.49,232.51,Yes
8354-EPCOE,Male,0,No,No,28,Yes,Yes,Fiber optic,No,No,No,Yes,No,No,Month-to-month,No,Electronic check,80.31,2321.09,No
8355-LHNBP,Male,0,No,No,0,Yes,No,Fiber optic,No,Yes,Yes,Yes,No,No,Two year,Yes,Bank transfer (automatic),91.09,0.0,No
8356-FIHNK,Female,0,No,Yes,11,Yes,No,Fiber optic,No,No,No,Yes,Yes,No,Month-to-month,No,Mailed check,87.52,969.97,No
8357-HHOMG,Male,1,No,No,1,Yes,Yes,DSL,No,Yes,No,No,No,Yes,Two year,Yes,Mailed check,58.33,16.56,No
8358-HMFBB,Male,0,No,No,16,Yes,Yes,Fiber optic,Yes,No,Yes,No,Yes,Yes,Month-to-month,Yes,Mailed check,87.09,1434.01,No
8359-HKAFM,Male,0,Yes,Yes,8,Yes,Yes,DSL,No,No,Yes,No,Yes,No,Two year,Yes,Bank transfer (automatic),53.02,391.18,No
8360-PFPKD,Male,1,Yes,No,0,Yes,No,Fiber optic,Yes,Yes,No,Yes,Yes,No,Month-to-month,Yes,Electronic check,82.67,0.0,Yes
8361-LKMOK,Female,0,No,No,12,Yes,Yes,Fiber optic,Yes,No,Yes,No,No,Yes,Month-to-month,No,Mailed check,90.44,1064.63,Yes
8362-PMJCM,Male,0,Yes,No,16,Yes,Yes,DSL,Yes,No,Yes,No,Yes,No,Month-to-month,No,Credit card (automatic),66.21,1097.23,No
8363-KCOOP,Female,1,No,No,5,Yes,Yes,Fiber optic,No,No,Yes,Yes,Yes,No,Month-to-month,Yes,Mailed check,85.42,442.33,Yes
8364-MMACD,Female,0,No,No,29,Yes,Yes,No,No internet service,No internet service,No internet service,No internet service,No internet service,No internet service,Two year,Yes,Electronic check,25.4,738.07,No
8365-KKECF,Male,0,Yes,Yes,9,Yes,No,Fiber optic,No,No,No,Yes,No,No,One year,Yes,Bank transfer (automatic),89.74,812.25,No
8366-KNOLP,Male,0,No,No,27,Yes,Yes,Fiber optic,No,No,No,No,Yes,Yes,Month-to-month,Yes,Credit card (automatic),90.68,2444.52,No
8367-ECFFO,Male,1,No,No,17,Yes,No,DSL,No,No,No,No,Yes,Yes,Month-to-month,Yes,Credit card (automatic),49.83,820.98,No
8368-NHBAP,Male,1,Yes,No,40,Yes,No,Fiber optic,No,Yes,No,Yes,No,No,Two year,Yes,Mailed check,84.69,3371.23,No
8369-DPGOP,Female,1,Yes,No,15,Yes,Yes,No,No internet service,No internet service,No internet service,No internet service,No internet service,No internet service,One year,Yes,Mailed check,18.0,294.08,No
8370-KJCCP,Female,0,No,Yes,4,Yes,Yes,Fiber optic,No,No,Yes,Yes,No,Yes,Month-to-month,No,Bank transfer (automatic),84.43,313.3,Yes
8371-EEMJC,Male,0,Yes,No,34,Yes,No,DSL,No,No,No,Yes,No,No,Month-to-month,No,Bank transfer (automatic),49.65,1614.89,No
8372-IDMMO,Female,0,Yes,Yes,30,Yes,No,Fiber optic,No,No,No,No,No,No,One year,Yes,Bank transfer (automatic),85.98,2540.86,No
8373-CKBJM,Male,0,Yes,No,71,Yes,No,DSL,No,No,No,Yes,No,Yes,Month-to-month,No,Electronic check,41.92,2974.18,No
8374-KIDPC,Female,1,Yes,Yes,1,Yes,Yes,No,No internet service,No internet service,No internet service,No internet service,No internet service,No internet service,One year,Yes,Credit card (automatic),18.0,4.44,No
8375-GHKNB,Female,0,No,No,17,Yes,No,No,No internet service,No internet service,No internet service,No internet service,No internet service,No internet service,One year,Yes,Credit card (automatic),18.0,406.72,No
8376-GLEOK,Female,0,Yes,No,13,Yes,Yes,Fiber optic,No,Yes,No,No,Yes,No,Month-to-month,Yes,Mailed check,87.62,1130.78,Yes
8377-ECELB,Male,0,No,No,22,Yes,No,No,No internet service,No internet service,No internet service,No internet service,No internet service,No internet service,One year,No,Electronic check,18.0,427.09,No
8378-DFAJD,Male,0,Yes,Yes,72,Yes,Yes,DSL,No,No,Yes,Yes,No,No,Two year,Yes,Bank transfer (automatic),56.3,4030.66,No
8379-FINKP,Female,0,No,No,15,Yes,No,DSL,No,No,No,No,No,No,Month-to-month,Yes,Mailed check,52.25,886.35,Yes
8380-KMBKG,Male,0,Yes,No,23,Yes,No,DSL,No,Yes,No,Yes,No,Yes,Month-to-month,Yes,Bank transfer (automatic),55.92,1273.9,No
8381-FBHGK,Male,0,No,No,8,Yes,No,Fiber optic,No,No,No,Yes,Yes,No,One year,Yes,Electronic check,86.73,652.14,Yes
8382-ELEGI,Female,0,Yes,Yes,7,Yes,No,Fiber optic,No,No,No,No,Yes,No,Month-to-month,No,Electronic check,90.53,630.54,Yes
8383-KOIIF,Male,1,No,No,8,Yes,Yes,Fiber optic,No,Yes,No,No,No,No,Two year,Yes,Credit card (automatic),92.25,832.68,Yes
8384-JFCAP,Male,0,No,No,0,No,No phone service,DSL,No,No,No,No,No,No,Two year,No,Bank transfer (automatic),48.55,0.0,Yes
8385-GDAOH,Female,0,No,No,6,Yes,No,No,No internet service,No internet service,No internet service,No internet service,No internet service,No internet service,Two year,No,Electronic check,24.56,169.46,No
8386-LFFBO,Female,1,No,No,3,Yes,Yes,DSL,No,Yes,No,No,Yes,No,Month-to-month,Yes,Bank transfer (automatic),45.35,187.63,No
8387-AMNNB,Female,0,Yes,Yes,12,Yes,No,DSL,No,Yes,Yes,Yes,Yes,No,One year,No,Bank transfer (automatic),57.1,628.66,No
8388-DBPAG,Female,0,No,No,12,Yes,No,DSL,No,No,No,No,No,No,Two year,Yes,Electronic check,56.57,707.3,No
8389-KKOLH,Male,0,Yes,No,28,Yes,No,DSL,No,Yes,Yes,No,No,No,Month-to-month,No,Credit card (automatic),56.06,1585.43,No
8390-FDNFC,Male,0,No,No,13,Yes,Yes,DSL,No,No,Yes,Yes,Yes,No,Month-to-month,Yes,Mailed check,48.11,599.22,No
8391-LHJNM,Female,0,No,No,12,Yes,No,Fiber optic,No,No,Yes,No,No,No,Month-to-month,Yes,Credit card (automatic),84.53,1096.45,Yes
8392-MBEAF,Female,0,No,Yes,5,Yes,Yes,Fiber optic,Yes,No,No,Yes,Yes,Yes,Two year,Yes,Electronic check,80.46,425.47,No
8393-BDFJK,Male,0,Yes,No,38,Yes,Yes,Fiber optic,No,No,No,No,No,No,Month-to-month,No,Bank transfer (automatic),82.64,3129.85,No
8394-HLHKF,Male,0,Yes,No,1,Yes,No,Fiber optic,Yes,No,Yes,Yes,Yes,No,Month-to-month,Yes,Mailed check,98.9,100.68,No
8395-DHMHJ,Male,0,Yes,Yes,72,Yes,Yes,No,No internet service,No internet service,No internet service,No internet service,No internet service,No internet service,One year,No,Credit card (automatic),21.7,1603.42,No
8396-NAPDD,Female,0,Yes,Yes,12,Yes,No,DSL,No,No,No,No,No,No,One year,Yes,Mailed check,62.31,823.0,Yes
8397-GPNNK,Female,0,Yes,No,4,No,No phone service,DSL,No,No,Yes,Yes,Yes,No,Month-to-month,Yes,Electronic check,70.67,317.21,Yes
8398-GPMKO,Female,0,Yes,No,8,Yes,Yes,DSL,No,No,No,Yes,No,No,One year,Yes,Credit card (automatic),48.44,360.95,No
8399-HPKEG,Female,0,No,No,0,Yes,No,Fiber optic,No,No,Yes,No,No,No,One year,No,Electronic check,76.1,0.0,Yes
8400-HPOIC,Male,0,No,No,3,Yes,No,DSL,No,No,No,Yes,No,No,One year,No,Credit card (automatic),66.02,191.59,No
8401-CDEJA,Female,0,No,No,8,Yes,No,Fiber optic,No,No,No,No,Yes,Yes,One year,No,Electronic check,74.98,545.71,Yes
8402-OOGIH,Female,0,Yes,No,16,Yes,No,Fiber optic,No,No,Yes,Yes,No,Yes,Month-to-month,Yes,Bank transfer (automatic),77.36,1297.87,Yes
8403-OOENN,Male,1,No,No,2,Yes,Yes,Fiber optic,Yes,No,No,No,No,Yes,Two year,Yes,Bank transfer (automatic),89.23,160.43,No
8404-DLGEG,Female,0,No,Yes,22,Yes,No,Fiber optic,Yes,No,No,Yes,No,No,Month-to-month,No,Electronic check,80.01,1741.45,No
8405-LAAPJ,Male,0,No,Yes,37,Yes,Yes,Fiber optic,No,No,No,Yes,No,Yes,Month-to-month,No,Credit card (automatic),87.26,3221.38,Yes
8406-NMCNK,Female,0,Yes,No,16,No,No phone service,No,No internet service,No internet service,No internet service,No internet service,No internet service,No internet service,Two year,Yes,Bank transfer (automatic),24.05,295.61,No
8407-BBGLJ,Male,0,No,No,7,Yes,No,DSL,No,No,No,Yes,No,No,Two year,No,Mailed check,39.98,380.14,No
8408-BKDBF,Male,0,No,No,2,Yes,Yes,Fiber optic,No,Yes,Yes,No,Yes,No,One year,Yes,Electronic check,98.54,185.56,No
8409-HJPDO,Male,1,Yes,No,0,Yes,No,DSL,Yes,No,No,Yes,Yes,No,Month-to-month,No,Electronic check,73.54,68.16,No
8410-EDCEN,Female,0,No,Yes,26,Yes,Yes,Fiber optic,No,Yes,Yes,No,Yes,No,Month-to-month,Yes,Bank transfer (automatic),84.13,2190.02,Yes
8411-IHHHL,Female,1,Yes,No,19,Yes,Yes,No,No internet service,No internet service,No internet service,No internet service,No internet service,No internet service,Month-to-month,Yes,Mailed check,26.46,510.01,No
8412-HGHKN,Female,0,Yes,Yes,12,Yes,No,DSL,No,Yes,Yes,No,No,Yes,Month-to-month,Yes,Electronic check,74.73,949.14,No
8413-PHMNH,Female,0,No,No,2,Yes,No,Fiber optic,No,No,No,No,No,No,One year,No,Credit card (automatic),87.58,122.02,Yes
8414-LJGLA,Female,1,Yes,No,4,Yes,Yes,No,No internet service,No internet service,No internet service,No internet service,No internet service,No internet service,Two year,Yes,Electronic check,18.0,99.84,No
8415-DMMPD,Female,0,Yes,Yes,33,Yes,No,Fiber optic,No,No,Yes,No,No,No,One year,No,Credit card (automatic),87.63,2856.18,Yes
8416-EJFDO,Male,1,Yes,No,13,Yes,No,DSL,No,No,No,No,No,No,Month-to-month,Yes,Credit card (automatic),47.42,619.17,No
8417-BPFOH,Female,1,No,No,65,Yes,Yes,No,No internet service,No internet service,No internet service,No internet service,No internet service,No internet service,Month-to-month,No,Credit card (automatic),18.94,1269.61,No
8418-OHGFB,Female,0,Yes,No,72,No,No phone service,DSL,No,No,No,No,Yes,Yes,One year,No,Electronic check,64.96,4675.53,No
8419-OGKLN,Male,0,No,No,32,Yes,No,DSL,No,Yes,No,No,Yes,No,One year,No,Credit card (automatic),65.45,2017.3,No
8420-PNEPF,Male,0,Yes,No,5,Yes,No,No,No internet service,No internet service,No internet service,No internet service,No internet service,No internet service,Two year,No,Electronic check,18.0,37.87,No
8421-JHPNH,Female,0,No,No,5,Yes,No,DSL,No,No,No,No,No,Yes,Two year,No,Mailed check,59.58,204.79,No
8422-CLPLN,Male,0,No,No,5,No,No phone service,No,No internet service,No internet service,No internet service,No internet service,No internet service,No internet service,Two year,No,Credit card (automatic),18.0,124.47,No
8423-GAAGO,Female,0,Yes,No,72,Yes,No,DSL,No,No,No,No,No,Yes,Month-to-month,No,Mailed check,47.76,3530.12,No
8424-OJIGJ,Male,0,Yes,No,8,Yes,Yes,No,No internet service,No internet service,No internet service,No internet service,No internet service,No internet service,One year,Yes,Bank transfer (automatic),22.15,197.49,No
8425-EHBIF,Female,0,Yes,No,24,Yes,No,Fiber optic,No,No,Yes,No,No,Yes,Month-to-month,Yes,Electronic check,89.38,2120.27,No
8426-MIPBC,Male,0,No,No,63,Yes,No,Fiber optic,No,No,Yes,Yes,Yes,Yes,Month-to-month,No,Mailed check,95.21,6009.81,No
8427-LHAOJ,Male,0,Yes,No,34,Yes,Yes,Fiber optic,No,Yes,No,No,No,Yes,Month-to-month,Yes,Bank transfer (automatic),89.38,3041.71,No
8428-OOOGG,Female,0,Yes,Yes,18,Yes,Yes,DSL,Yes,No,No,Yes,No,Yes,Month-to-month,No,Credit card (automatic),53.3,981.8,No
8429-MAPIH,Female,0,Yes,Yes,3,Yes,No,DSL,No,No,No,No,No,No,Month-to-month,Yes,Electronic check,53.69,108.95,Yes
8430-DJKEB,Male,0,Yes,Yes,3,Yes,No,Fiber optic,No,No,Yes,No,No,No,Two year,Yes,Electronic check,96.4,291.34,Yes
8431-MPIOL,Male,0,Yes,Yes,13,Yes,No,No,No internet service,No internet service,No internet service,No internet service,No internet service,No internet service,Month-to-month,No,Electronic check,18.0,215.25,Yes
8432-LFCLG,Male,0,No,Yes,60,Yes,No,Fiber optic,Yes,No,No,No,No,Yes,Two year,Yes,Electronic check,82.1,4928.31,No
8433-ICPBP,Male,1,No,No,46,Yes,No,No,No internet service,No internet service,No internet service,No internet service,No internet service,No internet service,Two year,Yes,Electronic check,20.06,927.61,No
8434-GGDKI,Female,0,Yes,Yes,3,Yes,No,No,No internet service,No internet service,No internet service,No internet service,No internet service,No internet service,Two year,Yes,Electronic check,19.85,132.9,Yes
8435-PNHMM,Male,0,No,No,6,Yes,No,Fiber optic,No,No,Yes,No,No,No,Two year,Yes,Mailed check,82.27,484.01,Yes
8436-AAEFC,Male,0,No,No,17,Yes,Yes,No,No internet service,No internet service,No internet service,No internet service,No internet service,No internet service,One year,No,Electronic check,29.81,597.39,No
8437-MILJN,Female,0,No,No,12,Yes,No,DSL,Yes,No,No,Yes,No,No,Month-to-month,No,Mailed check,57.62,709.09,No
8438-OFDLG,Female,0,No,No,2,Yes,No,Fiber optic,No,No,No,No,Yes,Yes,One year,No,Electronic check,98.4,279.35,No
8439-HIMPK,Female,0,No,Yes,9,Yes,Yes,Fiber optic,Yes,No,No,No,Yes,Yes,Two year,No,Credit card (automatic),97.91,769.84,Yes
8440-FOFHL,Female,0,No,No,61,Yes,No,DSL,No,No,Yes,Yes,No,No,Two year,No,Electronic check,59.61,3665.13,No
8441-ENCLC,Female,0,No,No,60,Yes,No,No,No internet service,No internet service,No internet service,No internet service,No internet service,No internet service,Two year,Yes,Electronic check,18.37,1150.3,No
8442-MFBPF,Female,1,Yes,No,16,No,No phone service,DSL,Yes,Yes,Yes,Yes,No,No,One year,Yes,Credit card (automatic),44.06,666.21,No
8443-PMFHG,Male,0,Yes,No,20,Yes,No,Fiber optic,Yes,No,No,No,No,Yes,Month-to-month,Yes,Mailed check,80.07,1629.19,No
8444-HNIFN,Male,0,Yes,Yes,5,Yes,No,DSL,No,Yes,No,No,No,No,Two year,Yes,Credit card (automatic),67.06,349.88,No
8445-PCJCP,Male,0,No,Yes,27,Yes,Yes,Fiber optic,No,Yes,No,Yes,Yes,No,Two year,Yes,Electronic check,82.22,2283.48,No
8446-KLAKO,Female,0,Yes,No,1,Yes,No,Fiber optic,Yes,Yes,No,No,No,Yes,Month-to-month,Yes,Mailed check,79.1,11.58,Yes
8447-MOEND,Female,0,No,No,4,Yes,Yes,Fiber optic,Yes,Yes,No,Yes,No,Yes,One year,Yes,Mailed check,94.31,350.8,Yes
8448-IOION,Male,0,Yes,No,0,Yes,No,Fiber optic,No,Yes,No,Yes,No,Yes,Two year,Yes,Mailed check,86.15,19.23,No
8449-EJDGO,Male,0,No,Yes,9,Yes,No,Fiber optic,No,No,Yes,No,No,No,Month-to-month,Yes,Mailed check,84.77,767.33,Yes
8450-FDMMO,Female,0,Yes,No,37,Yes,No,Fiber optic,No,Yes,No,No,Yes,No,Two year,No,Mailed check,91.3,3391.73,No
8451-JBADD,Female,0,No,Yes,72,Yes,Yes,DSL,Yes,No,No,No,No,No,Month-to-month,Yes,Bank transfer (automatic),45.6,3285.26,No
8452-MAFDA,Male,0,No,No,22,Yes,No,Fiber optic,Yes,No,Yes,No,No,No,Month-to-month,Yes,Mailed check,82.14,1788.59,Yes
8453-AOMAH,Male,0,Yes,No,27,Yes,No,No,No internet service,No internet service,No internet service,No internet service,No internet service,No internet service,Month-to-month,Yes,Bank transfer (automatic),29.76,772.76,No
8454-JHBKM,Male,0,Yes,Yes,6,Yes,Yes,Fiber optic,No,No,Yes,Yes,No,No,One year,Yes,Bank transfer (automatic),88.22,491.52,No
8455-GNHHK,Male,0,No,Yes,14,Yes,No,Fiber optic,No,No,Yes,No,Yes,Yes,Month-to-month,No,Bank transfer (automatic),90.81,1264.55,Yes
8456-JOKMG,Male,0,Yes,No,26,Yes,No,DSL,No,Yes,No,Yes,No,No,Month-to-month,Yes,Mailed check,65.58,1669.63,No
8457-EALIM,Female,0,No,Yes,13,No,No phone service,DSL,No,Yes,No,No,No,Yes,Two year,Yes,Electronic check,63.22,858.22,No
8458-PGBFB,Male,0,No,No,1,Yes,No,No,No internet service,No internet service,No internet service,No internet service,No internet service,No internet service,Month-to-month,No,Bank transfer (automatic),18.0,0.0,No
8459-OANGM,Male,0,No,No,27,Yes,Yes,No,No internet service,No internet service,No internet service,No internet service,No internet service,No internet service,Month-to-month,Yes,Credit card (automatic),20.82,515.12,No
8460-PBMNN,Female,1,No,Yes,4,No,No phone service,DSL,No,Yes,No,No,Yes,No,Two year,Yes,Bank transfer (automatic),40.42,155.39,No
8461-BMKEN,Male,0,No,Yes,2,Yes,No,Fiber optic,Yes,Yes,Yes,No,No,No,Month-to-month,Yes,Mailed check,97.74,224.06,Yes
8462-EPGAH,Female,1,No,No,13,Yes,Yes,Fiber optic,No,No,No,Yes,No,No,Two year,Yes,Mailed check,88.66,1156.39,Yes
8463-CDOID,Female,0,No,No,1,Yes,Yes,Fiber optic,Yes,Yes,Yes,No,Yes,No,Month-to-month,Yes,Bank transfer (automatic),77.46,107.08,Yes
8464-JLOEG,Male,0,Yes,No,19,No,No phone service,Fiber optic,No,No,Yes,No,No,Yes,Two year,Yes,Credit card (automatic),72.36,1351.34,No
8465-PDNAI,Male,0,Yes,Yes,20,Yes,No,Fiber optic,No,No,No,No,No,No,Month-to-month,Yes,Electronic check,81.25,1659.58,No
8466-DIFOA,Female,0,Yes,Yes,5,Yes,No,No,No internet service,No internet service,No internet service,No internet service,No internet service,No internet service,Two year,Yes,Electronic check,18.94,132.43,No
8467-LCKBP,Female,1,No,No,66,Yes,No,No,No internet service,No internet service,No internet service,No internet service,No internet service,No internet service,Month-to-month,Yes,Credit card (automatic),20.56,1393.62,No
8468-IPOLA,Female,0,Yes,No,34,Yes,Yes,No,No internet service,No internet service,No internet service,No internet service,No internet service,No internet service,Month-to-month,Yes,Mailed check,18.0,540.49,Yes
8469-MNIIH,Male,0,No,Yes,2,Yes,No,Fiber optic,No,No,Yes,No,Yes,Yes,Two year,Yes,Bank transfer (automatic),78.29,154.87,Yes
8470-HKNLA,Male,0,Yes,Yes,27,Yes,No,DSL,Yes,Yes,Yes,No,Yes,No,One year,Yes,Bank transfer (automatic),57.35,1505.28,No
8471-KHJNC,Male,0,No,No,8,Yes,No,Fiber optic,No,Yes,Yes,No,No,Yes,Two year,No,Bank transfer (automatic),105.35,843.96,Yes
8472-KGKOA,Male,1,Yes,No,27,Yes,Yes,Fiber optic,Yes,Yes,Yes,No,Yes,No,Month-to-month,Yes,Bank transfer (automatic),87.81,2412.58,No
8473-APJME,Male,0,Yes,Yes,32,Yes,Yes,No,No internet service,No internet service,No internet service,No internet service,No internet service,No internet service,Month-to-month,No,Mailed check,23.4,736.1,No
8474-EHGHF,Female,0,Yes,No,3,Yes,Yes,No,No internet service,No internet service,No internet service,No internet service,No internet service,No internet service,Month-to-month,Yes,Bank transfer (automatic),18.0,69.63,Yes
8475-FBFEM,Male,0,Yes,Yes,21,Yes,No,Fiber optic,No,No,No,No,No,No,Month-to-month,Yes,Bank transfer (automatic),85.02,1798.42,Yes
8476-PCFHI,Male,1,No,No,39,No,No phone service,DSL,No,No,Yes,Yes,No,Yes,Month-to-month,No,Credit card (automatic),44.27,1734.82,No
8477-ACCKH,Female,0,No,No,7,Yes,No,DSL,No,No,No,No,Yes,Yes,Two year,Yes,Electronic check,53.97,287.92,No
8478-AECBO,Male,1,Yes,No,1,Yes,No,Fiber optic,No,No,No,No,Yes,No,Month-to-month,Yes,Electronic check,99.48,94.95,Yes
8479-HCGLK,Male,0,No,Yes,0,Yes,No,DSL,Yes,No,No,No,No,Yes,Month-to-month,No,Mailed check,49.67,43.39,Yes
8480-AFCHF,Male,0,Yes,Yes,2,Yes,No,No,No internet service,No internet service,No internet service,No internet service,No internet service,No internet service,Month-to-month,No,Bank transfer (automatic),21.48,34.75,No
8481-LBFGE,Female,0,Yes,Yes,0,Yes,No,Fiber optic,No,Yes,No,No,No,Yes,Two year,Yes,Mailed check,77.4,0.0,No
8482-CDDFJ,Female,0,No,No,7,Yes,No,No,No internet service,No internet service,No internet service,No internet service,No internet service,No internet service,Month-to-month,No,Electronic check,24.36,202.33,No
8483-AKDJM,Male,0,Yes,Yes,7,Yes,No,DSL,Yes,No,Yes,Yes,Yes,No,Month-to-month,No,Electronic check,52.91,435.08,No
8484-DJPAI,Male,0,No,Yes,2,Yes,No,DSL,No,No,No,No,No,Yes,Two year,Yes,Credit card (automatic),41.83,117.52,No
8485-DGLNC,Male,0,No,Yes,21,Yes,No,Fiber optic,No,No,No,No,No,Yes,Month-to-month,Yes,Mailed check,84.34,1824.99,Yes
8486-JLCNH,Female,0,Yes,No,72,Yes,No,No,No internet service,No internet service,No internet service,No internet service,No internet service,No internet service,Month-to-month,No,Electronic check,35.0,2499.31,Yes
8487-HKLAJ,Female,1,No,No,46,Yes,No,Fiber optic,Yes,No,Yes,No,No,Yes,Month-to-month,Yes,Mailed check,89.04,4099.51,No
8488-BPHAO,Male,0,Yes,Yes,5,Yes,Yes,No,No internet service,No internet service,No internet service,No internet service,No internet service,No internet service,Month-to-month,No,Electronic check,21.93,115.58,No
8489-LHHPB,Male,0,No,No,29,Yes,No,Fiber optic,No,No,No,No,No,No,Month-to-month,Yes,Mailed check,80.83,2394.75,No
8490-DFLKI,Male,0,No,Yes,55,No,No phone service,No,No internet service,No internet service,No internet service,No internet service,No internet service,No internet service,Month-to-month,Yes,Bank transfer (automatic),18.0,953.15,No
8491-OPHLO,Male,0,No,No,47,Yes,No,DSL,No,Yes,No,No,No,Yes,Month-to-month,No,Bank transfer (automatic),67.27,3148.29,No
8492-HGNMI,Female,1,Yes,Yes,43,Yes,No,Fiber optic,No,No,No,Yes,No,No,Month-to-month,No,Bank transfer (automatic),83.33,3636.53,No
8493-OBCJH,Female,0,Yes,Yes,30,Yes,No,DSL,Yes,No,Yes,Yes,No,Yes,Month-to-month,No,Mailed check,57.37,1738.84,No
8494-NFJIJ,Male,0,No,No,6,Yes,No,DSL,No,No,No,Yes,Yes,No,Month-to-month,Yes,Mailed check,58.84,325.94,No
8495-DPHJC,Female,0,No,No,1,Yes,Yes,Fiber optic,No,No,No,Yes,Yes,No,Month-to-month,No,Credit card (automatic),75.61,169.72,Yes
8496-CHECJ,Female,0,No,No,13,Yes,Yes,DSL,Yes,Yes,Yes,Yes,No,No,Month-to-month,Yes,Electronic check,36.29,421.97,No
8497-KPAOC,Male,0,Yes,No,1,Yes,No,No,No internet service,No internet service,No internet service,No internet service,No internet service,No internet service,Month-to-month,No,Bank transfer (automatic),18.0,18.45,No
8498-LIELJ,Male,0,No,Yes,72,Yes,Yes,Fiber optic,No,No,No,No,Yes,No,Two year,No,Credit card (automatic),73.38,5343.45,No
8499-OBGOB,Male,0,No,Yes,8,Yes,No,Fiber optic,Yes,Yes,No,No,Yes,Yes,One year,Yes,Electronic check,95.94,849.83,No
8500-DLGDG,Male,0,Yes,No,63,Yes,Yes,No,No internet service,No internet service,No internet service,No internet service,No internet service,No internet service,Two year,Yes,Electronic check,18.0,1171.79,No
8501-PGPAF,Female,1,No,No,29,Yes,No,No,No internet service,No internet service,No internet service,No internet service,No internet service,No internet service,Two year,No,Mailed check,18.0,528.5,No
8502-IBNCJ,Male,0,Yes,No,10,Yes,No,No,No internet service,No internet service,No internet service,No internet service,No internet service,No internet service,One year,Yes,Electronic check,24.18,288.48,No
8503-EIDAD,Male,1,Yes,No,2,Yes,No,Fiber optic,No,No,Yes,No,Yes,Yes,One year,No,Credit card (automatic),80.16,142.01,No
8504-FENMA,Male,1,Yes,No,5,Yes,No,Fiber optic,Yes,Yes,Yes,No,No,Yes,One year,Yes,Electronic check,92.12,389.46,No
8505-DFMOJ,Male,0,No,No,22,Yes,No,DSL,No,Yes,No,No,Yes,No,One year,Yes,Electronic check,73.2,1629.51,No
8506-JNDON,Female,0,No,No,35,Yes,Yes,DSL,Yes,No,Yes,Yes,Yes,Yes,Two year,Yes,Credit card (automatic),65.04,2269.26,No
8507-IEHIJ,Male,0,No,No,72,Yes,No,Fiber optic,Yes,No,No,Yes,Yes,No,Month-to-month,No,Electronic check,91.57,6588.94,No
8508-EFAKP,Male,0,Yes,Yes,2,Yes,No,Fiber optic,No,Yes,No,No,Yes,No,Month-to-month,Yes,Credit card (automatic),79.9,112.75,Yes
8509-LOGDK,Female,0,Yes,Yes,3,Yes,Yes,Fiber optic,No,Yes,No,No,Yes,No,Month-to-month,Yes,Electronic check,83.24,249.87,Yes
8510-BELCF,Male,0,No,Yes,0,Yes,No,Fiber optic,No,No,Yes,No,No,No,Two year,No,Credit card (automatic),85.93,15.62,No
8511-HGPCH,Male,0,No,No,6,Yes,No,DSL,Yes,No,No,No,No,No,Month-to-month,Yes,Electronic check,65.04,485.47,Yes
8512-BJIDA,Male,0,No,No,34,Yes,Yes,Fiber optic,Yes,Yes,Yes,Yes,No,No,Two year,Yes,Electronic check,85.39,2865.85,Yes
8513-HGKMP,Female,0,Yes,No,4,Yes,No,Fiber optic,No,No,Yes,No,Yes,No,Month-to-month,No,Mailed check,83.28,360.53,No
8514-EJMEG,Male,0,No,No,15,Yes,Yes,Fiber optic,No,Yes,No,No,No,Yes,Month-to-month,Yes,Mailed check,97.21,1436.42,No
8515-EHKMF,Male,0,No,No,11,Yes,No,Fiber optic,No,No,Yes,Yes,No,Yes,Month-to-month,No,Electronic check,93.37,900.9,No
8516-MEIKP,Male,0,No,Yes,7,Yes,Yes,DSL,No,No,No,No,No,No,One year,Yes,Electronic check,42.75,264.35,No
8517-BAHLC,Female,1,No,No,19,Yes,No,No,No internet service,No internet service,No internet service,No internet service,No internet service,No internet service,Two year,Yes,Bank transfer (automatic),25.03,564.58,No
8518-NKLLL,Male,0,No,No,13,Yes,No,DSL,No,Yes,No,No,No,Yes,Month-to-month,Yes,Credit card (automatic),51.16,628.4,No
8519-GJMKH,Male,0,No,No,8,Yes,No,Fiber optic,Yes,No,No,Yes,No,No,One year,Yes,Credit card (automatic),107.11,865.06,No
8520-OPMMF,Male,0,No,Yes,23,Yes,Yes,No,No internet service,No internet service,No internet service,No internet service,No internet service,No internet service,Month-to-month,No,Bank transfer (automatic),18.85,540.66,No
8521-LJNIG,Female,0,No,Yes,6,Yes,No,DSL,No,No,No,No,No,No,One year,No,Electronic check,57.85,398.08,No
8522-OJEHO,Female,0,Yes,No,20,Yes,No,Fiber optic,Yes,No,No,Yes,No,No,Month-to-month,Yes,Mailed check,93.48,1882.99,No
8523-BGODI,Male,0,No,No,63,Yes,Yes,Fiber optic,No,No,No,Yes,No,No,Two year,Yes,Electronic check,96.68,6095.74,No
8524-LAGFH,Male,1,No,No,26,No,No phone service,DSL,No,Yes,No,Yes,No,Yes,Two year,No,Electronic check,59.96,1628.34,No
8525-EOAAI,Female,0,Yes,No,10,Yes,No,Fiber optic,No,No,Yes,No,Yes,No,Month-to-month,Yes,Bank transfer (automatic),89.87,895.26,Yes
8526-OJFJE,Male,0,No,No,27,Yes,No,Fiber optic,No,No,Yes,No,No,No,Month-to-month,No,Credit card (automatic),93.72,2567.99,Yes
8527-OAFFC,Female,0,No,Yes,33,Yes,No,DSL,No,No,No,No,No,No,Two year,Yes,Credit card (automatic),55.56,1790.4,No
8528-MPHNO,Female,0,Yes,No,7,Yes,No,Fiber optic,No,No,No,No,Yes,No,Month-to-month,No,Credit card (automatic),84.26,565.71,Yes
8529-AAFJM,Female,0,No,No,24,Yes,No,DSL,Yes,No,Yes,Yes,No,No,Month-to-month,Yes,Bank transfer (automatic),61.61,1513.8,No
8530-AFAPN,Male,0,Yes,Yes,11,Yes,Yes,No,No internet service,No internet service,No internet service,No internet service,No internet service,No internet service,Month-to-month,Yes,Credit card (automatic),25.91,230.25,Yes
8531-MFCNN,Female,1,No,Yes,34,Yes,No,Fiber optic,No,Yes,No,No,Yes,Yes,Month-to-month,No,Mailed check,86.26,2880.82,Yes
8532-OHMOF,Female,0,No,No,7,Yes,Yes,DSL,No,No,Yes,No,No,Yes,One year,Yes,Credit card (automatic),59.66,428.44,No
8533-MKMAO,Male,0,No,No,55,Yes,Yes,No,No internet service,No internet service,No internet service,No internet service,No internet service,No internet service,Month-to-month,Yes,Electronic check,30.45,1614.45,No
8534-EHCLF,Male,0,No,No,17,Yes,Yes,Fiber optic,No,No,No,Yes,Yes,No,Two year,Yes,Electronic check,83.51,1415.85,No
8535-EFJAG,Male,1,No,Yes,8,Yes,No,DSL,No,No,No,No,Yes,No,One year,Yes,Bank transfer (automatic),42.02,263.45,No
8536-IBJOE,Female,0,No,No,10,Yes,No,DSL,No,No,No,No,Yes,Yes,One year,Yes,Electronic check,51.59,488.94,Yes
8537-JDFFK,Female,0,Yes,No,8,Yes,No,Fiber optic,No,No,Yes,No,No,No,Month-to-month,Yes,Electronic check,91.47,788.21,Yes
8538-PBBDA,Male,1,No,No,3,Yes,Yes,DSL,Yes,No,No,No,Yes,Yes,Month-to-month,No,Electronic check,53.91,159.97,Yes
8539-INNMG,Female,0,Yes,Yes,1,Yes,Yes,DSL,No,Yes,Yes,No,Yes,Yes,One year,No,Bank transfer (automatic),53.88,0.0,No
8540-PLGOC,Male,0,No,No,7,No,No phone service,Fiber optic,No,No,No,No,Yes,Yes,One year,No,Credit card (automatic),80.25,561.53,No
8541-OKOLC,Male,1,No,Yes,12,Yes,No,No,No internet service,No internet service,No internet service,No internet service,No internet service,No internet service,Month-to-month,Yes,Electronic check,23.86,328.6,No
8542-ACCDD,Male,0,No,No,8,Yes,Yes,Fiber optic,No,No,No,Yes,No,Yes,Month-to-month,Yes,Credit card (automatic),90.86,746.14,No
8543-CPJPL,Male,0,No,Yes,0,Yes,No,Fiber optic,Yes,No,Yes,No,Yes,Yes,Month-to-month,No,Credit card (automatic),83.08,49.37,No
8544-HHMMA,Male,0,Yes,Yes,17,No,No phone service,No,No internet service,No internet service,No internet service,No internet service,No internet service,No internet service,One year,Yes,Electronic check,24.9,420.63,No
8545-GKBAC,Female,0,Yes,No,3,Yes,Yes,DSL,Yes,No,Yes,No,No,No,One year,No,Bank transfer (automatic),66.77,180.75,No
8546-PDMFJ,Female,0,No,No,4,Yes,No,DSL,No,Yes,No,No,No,Yes,One year,Yes,Credit card (automatic),49.15,210.42,No
8547-PNEPO,Male,0,No,Yes,2,Yes,Yes,No,No internet service,No internet service,No internet service,No internet service,No internet service,No internet service,Two year,No,Credit card (automatic),18.61,69.84,No
8548-ONDHK,Female,0,Yes,Yes,14,Yes,No,Fiber optic,No,Yes,No,Yes,Yes,Yes,One year,No,Mailed check,85.91,1194.09,No
8549-PLPND,Female,0,Yes,No,1,No,No phone service,DSL,No,No,No,No,Yes,No,Month-to-month,Yes,Electronic check,53.48,86.4,Yes
8550-MJLPM,Male,0,No,Yes,5,Yes,Yes,Fiber optic,Yes,Yes,No,No,No,Yes,One year,Yes,Credit card (automatic),82.1,405.07,Yes
8551-BOCFH,Female,1,Yes,Yes,12,Yes,No,No,No internet service,No internet service,No internet service,No internet service,No internet service,No internet service,One year,No,Mailed check,24.57,248.39,No
8552-HOKOI,Female,0,No,Yes,3,Yes,No,DSL,No,No,No,No,Yes,Yes,Month-to-month,Yes,Electronic check,54.29,153.93,Yes
8553-GMBHG,Male,0,No,No,11,No,No phone service,Fiber optic,No,No,No,No,Yes,Yes,Month-to-month,Yes,Electronic check,94.05,1045.97,Yes
8554-HLCGJ,Female,0,No,Yes,8,Yes,Yes,DSL,Yes,No,No,No,No,Yes,One year,No,Bank transfer (automatic),55.49,442.04,No
8555-MIPCN,Female,0,Yes,No,39,Yes,Yes,Fiber optic,No,No,Yes,Yes,Yes,Yes,One year,No,Electronic check,79.56,3059.3,No
8556-JFBBE,Female,1,Yes,No,31,Yes,Yes,Fiber optic,Yes,No,No,Yes,Yes,Yes,Two year,Yes,Bank transfer (automatic),87.24,2684.34,No
8557-EMGLB,Female,0,No,No,72,Yes,No,DSL,Yes,No,No,Yes,Yes,No,Two year,Yes,Bank transfer (automatic),69.14,4926.73,No
8558-KNMGE,Female,0,No,Yes,15,Yes,No,Fiber optic,No,No,No,Yes,No,No,Month-to-month,Yes,Electronic check,86.99,1313.15,No
8559-NFHJM,Male,0,Yes,No,17,Yes,No,Fiber optic,No,No,No,No,Yes,Yes,One year,Yes,Mailed check,88.14,1536.12,No
8560-NLDMG,Male,0,Yes,No,58,Yes,Yes,DSL,No,No,Yes,No,Yes,No,One year,Yes,Credit card (automatic),66.14,3853.29,No
8561-FPJBO,Male,0,Yes,No,10,Yes,Yes,Fiber optic,No,Yes,No,No,Yes,No,Month-to-month,Yes,Bank transfer (automatic),77.45,696.09,No
8562-HJPIE,Male,1,No,No,16,Yes,No,Fiber optic,Yes,No,No,No,No,No,Month-to-month,Yes,Bank transfer (automatic),88.6,1424.38,Yes
8563-JDFPH,Male,0,No,Yes,9,Yes,No,Fiber optic,No,Yes,Yes,No,No,Yes,Month-to-month,Yes,Mailed check,83.17,699.84,No
8564-KOCJK,Female,1,Yes,No,15,Yes,No,No,No internet service,No internet service,No internet service,No internet service,No internet service,No internet service,Month-to-month,Yes,Electronic check,18.0,193.51,Yes
8565-KAPDO,Female,0,Yes,Yes,1,Yes,Yes,DSL,Yes,Yes,Yes,No,Yes,No,Two year,No,Bank transfer (automatic),54.9,150.61,No
8566-DAICE,Male,1,No,No,30,Yes,No,DSL,No,No,No,Yes,No,No,Month-to-month,No,Bank transfer (automatic),56.77,1726.96,No
8567-PFHFC,Male,0,No,No,72,Yes,Yes,Fiber optic,Yes,No,No,No,No,No,Month-to-month,No,Electronic check,70.93,5054.35,No
8568-FADFP,Male,1,No,Yes,1,Yes,No,Fiber optic,No,Yes,Yes,No,Yes,No,Month-to-month,No,Electronic check,68.59,75.73,Yes
8569-GKMKJ,Female,0,No,Yes,32,Yes,No,No,No internet service,No internet service,No internet service,No internet service,No internet service,No internet service,One year,Yes,Mailed check,18.0,590.26,No
8570-CILLG,Female,1,No,Yes,5,Yes,Yes,DSL,No,Yes,No,No,No,No,Month-to-month,Yes,Mailed check,58.74,270.27,No
8571-NABAK,Female,0,No,No,4,Yes,Yes,Fiber optic,Yes,No,No,No,No,Yes,Month-to-month,No,Credit card (automatic),84.52,354.64,Yes
8572-IIGJC,Female,0,No,No,23,Yes,Yes,Fiber optic,No,Yes,Yes,No,No,No,Month-to-month,No,Electronic check,98.2,2277.06,No
8573-MOEOD,Female,0,No,No,0,Yes,No,No,No internet service,No internet service,No internet service,No internet service,No internet service,No internet service,Month-to-month,No,Electronic check,19.61,0.0,No
8574-PGNIL,Female,1,Yes,No,12,Yes,Yes,Fiber optic,No,No,Yes,Yes,No,No,Month-to-month,Yes,Credit card (automatic),84.21,902.91,Yes
8575-BMHPO,Male,0,Yes,Yes,0,Yes,No,Fiber optic,No,Yes,Yes,No,No,Yes,One year,Yes,Bank transfer (automatic),86.24,0.0,No
8576-IJNJI,Female,0,No,Yes,16,Yes,No,DSL,No,Yes,No,No,No,No,Month-to-month,No,Mailed check,61.79,953.77,Yes
8577-NJNGO,Male,0,Yes,Yes,12,Yes,Yes,Fiber optic,No,No,No,No,Yes,Yes,Month-to-month,No,Bank transfer (automatic),80.09,989.36,No
8578-IINCD,Male,0,No,No,49,Yes,No,DSL,No,Yes,No,No,Yes,Yes,Month-to-month,Yes,Electronic check,60.16,3007.67,Yes
8579-PBJCK,Female,0,Yes,No,25,Yes,No,No,No internet service,No internet service,No internet service,No internet service,No internet service,No internet service,Two year,Yes,Credit card (automatic),25.01,646.7,No
8580-KEEFM,Female,0,No,No,2,Yes,Yes,DSL,Yes,No,No,No,No,Yes,Month-to-month,Yes,Electronic check,50.62,62.87,No
8581-GGAPN,Female,0,No,No,8,Yes,No,Fiber optic,No,No,Yes,No,No,No,Two year,Yes,Electronic check,93.72,731.4,Yes
8582-PBLIJ,Female,0,No,No,53,Yes,No,DSL,No,No,No,No,No,No,Two year,Yes,Electronic check,61.58,3199.11,Yes
8583-BFKKP,Female,1,Yes,Yes,25,Yes,No,No,No internet service,No internet service,No internet service,No internet service,No internet service,No internet service,Month-to-month,Yes,Bank transfer (automatic),29.78,733.6,No
8584-ACBCE,Female,1,No,Yes,18,Yes,Yes,Fiber optic,No,No,No,No,Yes,Yes,One year,Yes,Electronic check,91.11,1637.04,Yes
8585-KJPFI,Female,0,Yes,Yes,16,No,No phone service,No,No internet service,No internet service,No internet service,No internet service,No internet service,No internet service,Month-to-month,Yes,Electronic check,31.67,602.13,No
8586-LKOOP,Female,0,Yes,No,10,Yes,No,DSL,Yes,No,Yes,No,No,No,One year,No,Electronic check,60.62,577.21,No
8587-JLLMD,Male,0,Yes,No,17,Yes,No,DSL,No,No,Yes,Yes,No,Yes,One year,Yes,Electronic check,42.22,753.29,No
8588-GFBJK,Male,0,No,Yes,29,Yes,No,Fiber optic,No,No,No,No,Yes,No,One year,No,Electronic check,69.74,2035.42,Yes
8589-KKOOH,Female,0,Yes,No,2,Yes,No,Fiber optic,No,No,Yes,Yes,Yes,Yes,Month-to-month,Yes,Mailed check,87.52,115.15,Yes
8590-GOOGN,Male,0,No,No,70,Yes,No,DSL,No,No,Yes,No,No,No,One year,No,Electronic check,65.33,4562.95,No
8591-OHLLM,Female,0,No,Yes,5,Yes,Yes,Fiber optic,No,No,No,No,No,No,One year,No,Mailed check,74.34,322.78,Yes
8592-NKAOM,Male,0,No,No,11,Yes,No,DSL,No,No,No,Yes,No,No,Month-to-month,No,Mailed check,57.6,711.33,Yes
8593-AHDEH,Male,0,No,No,0,Yes,Yes,Fiber optic,No,No,Yes,No,No,No,Two year,No,Bank transfer (automatic),94.25,21.7,No
8594-EJPDL,Female,0,No,Yes,15,Yes,No,Fiber optic,No,No,No,Yes,No,Yes,Month-to-month,Yes,Electronic check,76.83,1096.95,No
8595-FMOLE,Female,0,No,No,9,Yes,Yes,Fiber optic,No,Yes,No,No,Yes,No,Two year,No,Mailed check,83.65,797.76,No
8596-NGPNJ,Female,0,No,Yes,5,Yes,No,Fiber optic,Yes,No,Yes,No,No,No,One year,Yes,Credit card (automatic),88.6,498.45,No
8597-GMDLM,Male,0,Yes,No,72,Yes,Yes,DSL,Yes,No,Yes,Yes,No,No,One year,No,Credit card (automatic),45.21,3321.95,No
8598-EMCOD,Male,0,Yes,No,11,No,No phone service,No,No internet service,No internet service,No internet service,No internet service,No internet service,No internet service,Two year,Yes,Mailed check,29.92,352.22,No
8599-ONDCM,Female,0,Yes,No,10,Yes,No,No,No internet service,No internet service,No internet service,No internet service,No internet service,No internet service,Two year,Yes,Mailed check,21.15,211.88,No
8600-JEPEK,Male,0,Yes,Yes,12,Yes,Yes,Fiber optic,No,No,No,No,No,Yes,Month-to-month,No,Bank transfer (automatic),84.23,1023.02,Yes
8601-GDMDI,Female,0,No,No,2,Yes,Yes,Fiber optic,No,No,No,Yes,No,No,One year,No,Mailed check,72.49,149.09,No
8602-FODBF,Male,0,No,Yes,9,Yes,No,DSL,No,Yes,No,No,Yes,Yes,Month-to-month,Yes,Electronic check,56.64,530.38,No
8603-PPBEF,Female,0,No,Yes,8,Yes,No,Fiber optic,Yes,No,No,Yes,No,No,Month-to-month,No,Mailed check,77.64,570.31,No
8604-DNMCG,Male,0,Yes,No,12,Yes,No,Fiber optic,Yes,Yes,No,No,No,No,Two year,Yes,Credit card (automatic),93.7,1176.85,Yes
8605-BMKNF,Female,0,No,Yes,38,Yes,No,Fiber optic,Yes,Yes,No,Yes,No,No,Month-to-month,Yes,Bank transfer (automatic),87.56,3312.17,No
8606-MDFDD,Female,0,No,Yes,4,Yes,Yes,No,No internet service,No internet service,No internet service,No internet service,No internet service,No internet service,Month-to-month,No,Electronic check,18.0,120.94,No
8607-ODIGC,Female,0,Yes,No,18,Yes,No,DSL,No,No,No,Yes,Yes,No,One year,Yes,Credit card (automatic),46.77,823.48,No
8608-CFFDO,Male,0,No,No,0,Yes,No,DSL,Yes,No,No,No,No,No,Month-to-month,Yes,Mailed check,54.46,32.33,No
8609-OIDIP,Female,0,No,Yes,7,Yes,No,Fiber optic,No,Yes,No,No,Yes,No,Month-to-month,No,Mailed check,89.88,697.89,Yes
8610-DBBED,Male,1,Yes,No,12,Yes,Yes,Fiber optic,Yes,No,No,No,No,No,One year,Yes,Bank transfer (automatic),91.23,1117.0,No
8611-GNKEF,Female,0,No,No,1,No,No phone service,DSL,Yes,Yes,No,No,Yes,No,One year,Yes,Mailed check,42.62,75.3,No
8612-JDMLB,Female,0,Yes,Yes,15,Yes,Yes,Fiber optic,Yes,Yes,No,Yes,Yes,No,Month-to-month,Yes,Electronic check,82.39,1267.97,Yes
8613-MJIJO,Female,0,Yes,No,7,Yes,No,DSL,Yes,No,No,No,Yes,Yes,Month-to-month,No,Mailed check,46.81,301.25,No
8614-GDCJN,Male,0,No,No,72,Yes,No,Fiber optic,Yes,No,No,No,No,No,Two year,No,Electronic check,93.11,6643.77,No
8615-OPCIE,Male,0,No,No,19,Yes,No,Fiber optic,Yes,No,No,Yes,Yes,No,Two year,No,Bank transfer (automatic),84.13,1686.89,No
8616-MOCOE,Male,0,No,Yes,5,Yes,Yes,No,No internet service,No internet service,No internet service,No internet service,No internet service,No internet service,One year,No,Electronic check,18.0,96.3,No
8617-PBKDJ,Female,1,Yes,Yes,2,No,No phone service,Fiber optic,Yes,Yes,No,No,Yes,Yes,Month-to-month,Yes,Bank transfer (automatic),96.96,252.68,No
8618-BBLHA,Male,0,No,No,0,Yes,Yes,No,No internet service,No internet service,No internet service,No internet service,No internet service,No internet service,Month-to-month,Yes,Electronic check,25.52,59.59,No
8619-PPPNG,Female,0,Yes,No,1,Yes,Yes,Fiber optic,Yes,No,Yes,No,Yes,Yes,Two year,Yes,Electronic check,84.57,37.75,No
8620-EOKHA,Female,0,No,No,22,Yes,Yes,No,No internet service,No internet service,No internet service,No internet service,No internet service,No internet service,Month-to-month,No,Electronic check,18.0,333.39,No
8621-KGEDG,Female,0,Yes,No,38,Yes,No,No,No internet service,No internet service,No internet service,No internet service,No internet service,No internet service,Two year,Yes,Credit card (automatic),18.0,699.58,No
8622-JOBLO,Female,1,No,No,3,Yes,No,Fiber optic,No,No,Yes,Yes,No,No,Month-to-month,No,Bank transfer (automatic),82.24,234.65,No
8623-AAKLP,Female,1,No,No,10,Yes,No,Fiber optic,Yes,No,No,No,No,No,Two year,Yes,Bank transfer (automatic),82.78,779.23,No
8624-AOLEJ,Male,0,No,No,8,Yes,No,Fiber optic,No,Yes,Yes,Yes,No,Yes,Month-to-month,Yes,Mailed check,93.99,629.04,No
8625-GBJHD,Male,1,Yes,No,20,Yes,No,Fiber optic,No,No,No,No,Yes,Yes,Month-to-month,Yes,Credit card (automatic),74.85,1526.26,No
8626-LCJKH,Female,0,No,Yes,4,Yes,No,DSL,No,Yes,Yes,Yes,No,No,One year,No,Electronic check,58.02,215.45,No
8627-BKKMC,Female,0,No,No,61,Yes,No,No,No internet service,No internet service,No internet service,No internet service,No internet service,No internet service,Two year,Yes,Bank transfer (automatic),25.38,1649.61,No
8628-LCJKA,Male,1,No,Yes,26,Yes,No,Fiber optic,No,Yes,No,Yes,No,No,One year,No,Credit card (automatic),82.02,2164.24,No
8629-FBAPB,Female,0,No,Yes,62,Yes,Yes,DSL,No,Yes,No,No,Yes,No,Month-to-month,No,Bank transfer (automatic),54.77,3410.14,No
8630-LFNDF,Female,0,Yes,No,6,Yes,Yes,Fiber optic,Yes,No,Yes,No,Yes,No,Two year,Yes,Credit card (automatic),88.48,528.78,No
8631-LIPMJ,Female,0,Yes,No,17,Yes,Yes,No,No internet service,No internet service,No internet service,No internet service,No internet service,No internet service,One year,Yes,Bank transfer (automatic),18.88,266.54,No
8632-LJHAM,Female,1,Yes,Yes,26,Yes,Yes,No,No internet service,No internet service,No internet service,No internet service,No internet service,No internet service,Month-to-month,Yes,Credit card (automatic),36.45,1014.77,No
8633-HIFJO,Male,1,No,No,24,Yes,No,Fiber optic,No,Yes,No,No,No,Yes,Month-to-month,Yes,Electronic check,94.49,2320.44,Yes
8634-EFPMF,Female,1,No,No,0,Yes,No,DSL,No,No,Yes,No,Yes,No,One year,Yes,Electronic check,58.09,10.11,Yes
8635-IDBKK,Male,1,Yes,No,72,Yes,Yes,Fiber optic,No,No,No,No,No,No,Month-to-month,No,Mailed check,84.94,6008.58,No
8636-IPBPJ,Male,0,No,No,52,Yes,Yes,Fiber optic,No,No,No,No,Yes,Yes,Two year,Yes,Credit card (automatic),91.36,4791.44,No
8637-IBLHI,Male,0,Yes,No,2,Yes,No,DSL,No,No,Yes,No,No,Yes,Month-to-month,No,Mailed check,54.51,0.0,Yes
8638-LJIJP,Male,0,Yes,Yes,15,Yes,No,No,No internet service,No internet service,No internet service,No internet service,No internet service,No internet service,One year,No,Bank transfer (automatic),18.0,205.13,No
8639-IBPDG,Female,0,Yes,Yes,7,No,No phone service,DSL,Yes,No,No,No,No,Yes,Month-to-month,Yes,Mailed check,59.42,439.7,No
8640-LBACL,Female,0,No,No,42,Yes,Yes,Fiber optic,No,No,Yes,No,No,Yes,Month-to-month,Yes,Credit card (automatic),81.98,3420.18,No
8641-DHFKB,Female,0,No,No,23,Yes,Yes,DSL,No,Yes,Yes,No,No,No,Month-to-month,Yes,Electronic check,57.43,1370.04,No
8642-OINBM,Male,0,Yes,No,5,Yes,No,No,No internet service,No internet service,No internet service,No internet service,No internet service,No internet service,Month-to-month,Yes,Bank transfer (automatic),18.0,67.19,No
8643-OLELD,Male,1,No,No,0,Yes,No,DSL,No,Yes,Yes,No,Yes,Yes,Month-to-month,No,Bank transfer (automatic),47.35,0.0,Yes
8644-MGHEJ,Male,0,Yes,Yes,6,Yes,Yes,Fiber optic,Yes,No,No,No,Yes,No,Month-to-month,Yes,Mailed check,102.27,559.07,Yes
8645-NNEBH,Female,1,Yes,No,0,Yes,Yes,No,No internet service,No internet service,No internet service,No internet service,No internet service,No internet service,Month-to-month,Yes,Bank transfer (automatic),18.0,0.0,No
8646-NBPJL,Female,1,Yes,Yes,3,Yes,Yes,DSL,No,Yes,No,No,Yes,No,Month-to-month,Yes,Electronic check,58.61,234.6,No
8647-FHFDM,Female,0,Yes,No,20,Yes,No,DSL,No,No,No,Yes,Yes,Yes,Month-to-month,Yes,Credit card (automatic),63.48,1310.94,No
8648-DFNOP,Male,0,No,Yes,27,Yes,No,DSL,Yes,No,No,No,Yes,No,Month-to-month,No,Mailed check,58.37,1571.17,No
8649-MDHIP,Male,0,No,No,12,Yes,No,Fiber optic,No,No,No,No,Yes,No,Two year,No,Credit card (automatic),95.06,1083.58,No
8650-AMDDB,Female,0,Yes,Yes,18,Yes,No,Fiber optic,Yes,Yes,No,No,No,No,Month-to-month,Yes,Electronic check,89.89,1587.9,No
8651-FCGPM,Male,0,Yes,No,3,No,No phone service,Fiber optic,Yes,Yes,No,No,No,Yes,Month-to-month,Yes,Electronic check,66.21,123.61,No
8652-KPKED,Male,0,Yes,No,7,Yes,Yes,DSL,No,No,No,No,Yes,No,Month-to-month,No,Mailed check,44.5,314.39,Yes
8653-EHCNG,Female,0,Yes,Yes,24,Yes,Yes,Fiber optic,No,No,No,No,No,No,Month-to-month,No,Credit card (automatic),86.12,2107.65,Yes
8654-ONFLP,Male,0,No,No,9,Yes,Yes,No,No internet service,No internet service,No internet service,No internet service,No internet service,No internet service,One year,No,Bank transfer (automatic),18.0,121.9,No
8655-AMGNM,Male,0,Yes,No,8,Yes,Yes,No,No internet service,No internet service,No internet service,No internet service,No internet service,No internet service,Month-to-month,No,Mailed check,23.71,117.91,No
8656-GNPOL,Female,0,No,No,4,Yes,No,Fiber optic,No,No,No,Yes,Yes,No,Month-to-month,Yes,Credit card (automatic),100.84,387.57,No
8657-AIFOL,Male,0,Yes,Yes,18,Yes,No,No,No internet service,No internet service,No internet service,No internet service,No internet service,No internet service,One year,Yes,Mailed check,23.83,382.48,No
8658-BEMKD,Male,1,Yes,No,33,Yes,Yes,No,No internet service,No internet service,No internet service,No internet service,No internet service,No internet service,Two year,Yes,Mailed check,21.5,678.88,No
8659-GHPKN,Male,0,No,Yes,12,Yes,No,Fiber optic,Yes,No,Yes,No,No,No,Two year,No,Electronic check,95.79,1189.28,Yes
8660-OKAEO,Male,1,Yes,Yes,2,Yes,Yes,DSL,Yes,No,No,No,No,No,Month-to-month,Yes,Electronic check,66.74,91.72,No
8661-CALCN,Female,0,Yes,No,36,Yes,No,No,No internet service,No internet service,No internet service,No internet service,No internet service,No internet service,One year,No,Mailed check,25.91,932.04,No
8662-FNGPH,Female,0,Yes,Yes,1,Yes,Yes,No,No internet service,No internet service,No internet service,No internet service,No internet service,No internet service,Month-to-month,Yes,Electronic check,18.0,21.8,Yes
8663-MKDCE,Male,0,Yes,No,12,Yes,Yes,DSL,No,No,No,No,No,Yes,One year,No,Mailed check,53.92,654.91,No
8664-IMFOI,Female,0,Yes,No,6,Yes,No,No,No internet service,No internet service,No internet service,No internet service,No internet service,No internet service,Month-to-month,Yes,Credit card (automatic),18.0,74.87,No
8665-OFBME,Female,1,Yes,Yes,55,Yes,No,Fiber optic,No,Yes,No,No,No,No,Month-to-month,Yes,Mailed check,82.13,4526.82,No
8666-LKIHG,Female,1,No,Yes,26,Yes,Yes,DSL,No,No,No,No,No,No,One year,Yes,Mailed check,60.57,1553.66,Yes
8667-ADLGP,Male,0,No,No,16,Yes,Yes,Fiber optic,Yes,No,No,No,No,Yes,One year,No,Electronic check,89.61,1394.42,No
8668-KGOFH,Male,0,No,No,22,Yes,Yes,DSL,No,Yes,No,No,No,No,One year,Yes,Electronic check,55.69,1247.95,No
8669-KMFJP,Female,0,Yes,No,15,Yes,No,Fiber optic,No,Yes,No,No,No,No,Month-to-month,Yes,Electronic check,88.19,1283.37,Yes
8670-CDNCA,Female,0,No,No,3,Yes,Yes,Fiber optic,No,Yes,No,No,No,No,One year,Yes,Mailed check,90.63,315.38,Yes
8671-OJEOA,Female,0,Yes,No,24,Yes,No,Fiber optic,Yes,Yes,No,Yes,No,No,Two year,Yes,Bank transfer (automatic),84.7,2003.02,No
8672-ABMDF,Female,0,Yes,Yes,13,Yes,No,Fiber optic,No,No,No,No,No,Yes,Month-to-month,Yes,Electronic check,86.78,1120.03,Yes
8673-HMPCA,Male,0,Yes,No,20,Yes,Yes,Fiber optic,Yes,No,No,No,Yes,Yes,Month-to-month,Yes,Mailed check,90.28,1717.19,Yes
8674-CLCEK,Female,0,No,Yes,0,Yes,Yes,DSL,No,No,No,No,No,No,Two year,Yes,Mailed check,49.63,0.0,No
8675-LLDMD,Male,1,Yes,No,3,Yes,No,No,No internet service,No internet service,No internet service,No internet service,No internet service,No internet service,Month-to-month,Yes,Bank transfer (automatic),24.88,7.08,Yes
8676-IGDCF,Male,0,Yes,Yes,17,Yes,No,Fiber optic,No,No,No,No,No,No,One year,Yes,Electronic check,68.0,1196.44,Yes
8677-CFKMK,Male,0,Yes,No,12,Yes,No,Fiber optic,No,No,No,No,Yes,Yes,Month-to-month,Yes,Electronic check,86.59,963.83,No
8678-MMLIF,Male,0,Yes,Yes,5,Yes,Yes,Fiber optic,Yes,No,Yes,Yes,No,No,Two year,Yes,Bank transfer (automatic),80.75,448.68,No
8679-LDOEM,Male,0,Yes,No,5,Yes,No,No,No internet service,No internet service,No internet service,No internet service,No internet service,No internet service,Two year,Yes,Mailed check,18.0,128.94,No
8680-FKCHD,Male,0,Yes,No,19,Yes,Yes,DSL,No,Yes,No,No,Yes,Yes,Month-to-month,No,Credit card (automatic),58.56,1070.13,No
8681-HJJPC,Male,0,Yes,No,1,Yes,Yes,DSL,No,No,Yes,Yes,No,No,Month-to-month,No,Electronic check,52.47,2.01,No
8682-JGKML,Female,0,Yes,No,11,No,No phone service,No,No internet service,No internet service,No internet service,No internet service,No internet service,No internet service,Month-to-month,Yes,Bank transfer (automatic),18.0,164.48,No
8683-IDHCP,Male,0,Yes,No,14,Yes,No,Fiber optic,Yes,Yes,Yes,No,No,Yes,Month-to-month,No,Electronic check,90.08,1221.14,No
8684-GCLOO,Female,0,Yes,Yes,7,Yes,No,DSL,No,No,Yes,Yes,Yes,No,Month-to-month,No,Bank transfer (automatic),47.79,332.6,No
8685-GNKJJ,Female,0,Yes,No,34,Yes,No,Fiber optic,No,Yes,No,No,No,No,Two year,Yes,Electronic check,83.66,2817.91,No
8686-KKFBK,Female,0,No,No,1,Yes,No,Fiber optic,No,No,No,No,No,No,Two year,Yes,Electronic check,95.17,96.96,Yes
8687-CPFND,Female,0,Yes,Yes,40,Yes,No,Fiber optic,No,No,No,Yes,No,No,Two year,Yes,Bank transfer (automatic),88.13,3511.29,No
8688-FAJLA,Female,0,Yes,No,25,Yes,Yes,Fiber optic,Yes,No,No,No,No,Yes,Month-to-month,Yes,Mailed check,76.93,1983.79,No
8689-CHHKD,Male,0,Yes,No,11,Yes,Yes,No,No internet service,No internet service,No internet service,No internet service,No internet service,No internet service,Two year,No,Mailed check,23.67,294.34,No
8690-FOHGK,Male,1,Yes,No,51,No,No phone service,No,No internet service,No internet service,No internet service,No internet service,No internet service,No internet service,Month-to-month,Yes,Bank transfer (automatic),30.11,1498.89,No
8691-GMDIL,Female,0,Yes,Yes,24,Yes,No,No,No internet service,No internet service,No internet service,No internet service,No internet service,No internet service,Month-to-month,No,Mailed check,21.61,544.09,No
8692-JFNLK,Female,0,No,No,53,Yes,Yes,Fiber optic,No,Yes,Yes,No,Yes,No,Month-to-month,Yes,Bank transfer (automatic),88.33,4637.99,No
8693-CEENE,Female,0,No,No,12,No,No phone service,DSL,No,No,No,No,No,No,Two year,No,Electronic check,59.89,667.07,Yes
8694-HPIMI,Male,0,Yes,No,12,Yes,No,Fiber optic,No,No,No,Yes,No,No,Month-to-month,Yes,Bank transfer (automatic),85.95,1052.64,No
8695-MFFID,Female,0,No,No,15,Yes,Yes,Fiber optic,No,Yes,Yes,No,Yes,No,Two year,No,Bank transfer (automatic),84.73,1327.36,No
8696-FDKPA,Male,1,Yes,No,1,Yes,No,DSL,No,No,Yes,Yes,Yes,No,One year,No,Mailed check,58.13,90.98,No
8697-GNJKL,Male,0,Yes,No,47,Yes,Yes,Fiber optic,No,No,No,Yes,Yes,No,Month-to-month,No,Electronic check,87.9,4156.58,No
8698-FIGMG,Female,1,No,Yes,22,Yes,No,Fiber optic,No,Yes,No,No,No,Yes,Month-to-month,No,Electronic check,88.68,2018.77,Yes
8699-BLKOI,Male,0,Yes,No,19,No,No phone service,No,No internet service,No internet service,No internet service,No internet service,No internet service,No internet service,Month-to-month,Yes,Electronic check,25.56,503.07,No
8700-JIFMC,Male,0,Yes,No,52,Yes,No,DSL,No,No,Yes,No,No,No,One year,Yes,Electronic check,31.21,1614.85,No
8701-ADNNC,Male,0,No,Yes,72,Yes,Yes,Fiber optic,Yes,No,No,No,Yes,No,One year,Yes,Credit card (automatic),86.89,6261.59,No
8702-NLACP,Female,0,No,No,3,Yes,No,Fiber optic,Yes,No,No,No,No,No,Month-to-month,No,Credit card (automatic),84.31,207.95,No
8703-NNDMM,Female,0,No,Yes,27,Yes,Yes,DSL,No,No,Yes,Yes,Yes,No,Month-to-month,Yes,Mailed check,67.86,1824.75,No
8704-ONHIC,Female,0,No,No,17,Yes,Yes,DSL,No,No,Yes,No,Yes,No,Two year,Yes,Electronic check,53.37,954.68,Yes
8705-FJKOE,Female,0,No,No,12,Yes,No,DSL,Yes,No,Yes,No,No,No,Month-to-month,No,Credit card (automatic),57.4,671.23,Yes
8706-PFDJF,Female,0,Yes,No,72,Yes,No,DSL,No,No,No,No,No,Yes,One year,Yes,Bank transfer (automatic),49.34,3590.29,No
8707-PGIJG,Female,0,Yes,Yes,37,Yes,Yes,DSL,No,No,No,Yes,Yes,No,One year,Yes,Electronic check,61.06,2364.07,No
8708-FABAI,Female,0,No,No,23,Yes,Yes,No,No internet service,No internet service,No internet service,No internet service,No internet service,No internet service,Month-to-month,No,Mailed check,18.0,350.95,No
8709-JJIGP,Female,0,No,No,9,Yes,Yes,DSL,No,No,No,No,No,No,Two year,No,Bank transfer (automatic),54.49,432.72,No
8710-MBFKD,Male,0,Yes,No,21,Yes,Yes,No,No internet service,No internet service,No internet service,No internet service,No internet service,No internet service,One year,Yes,Electronic check,46.98,1067.79,No
8711-AALEL,Female,1,No,No,15,Yes,Yes,No,No internet service,No internet service,No internet service,No internet service,No internet service,No internet service,Month-to-month,No,Electronic check,18.0,382.74,No
8712-BDADK,Male,1,Yes,No,5,Yes,No,Fiber optic,No,No,Yes,No,No,No,Two year,Yes,Mailed check,80.68,363.31,Yes
8713-FJDAG,Male,0,Yes,No,11,Yes,Yes,DSL,No,No,Yes,No,Yes,No,Two year,Yes,Electronic check,47.11,498.38,No
8714-NBIMC,Female,0,Yes,Yes,4,Yes,Yes,Fiber optic,Yes,No,No,No,No,No,Two year,Yes,Electronic check,82.26,377.64,No
8715-HMHCD,Male,1,Yes,No,13,Yes,Yes,DSL,Yes,No,No,No,No,No,Month-to-month,No,Electronic check,43.75,646.29,No
8716-BDKKK,Male,0,No,No,25,Yes,No,DSL,Yes,No,Yes,No,No,No,Two year,No,Credit card (automatic),47.31,1200.58,No
8717-PNIBL,Female,1,Yes,No,0,Yes,No,Fiber optic,No,No,No,No,No,No,Month-to-month,Yes,Bank transfer (automatic),87.96,7.51,Yes
8718-LMPCO,Male,0,No,No,28,Yes,Yes,Fiber optic,No,No,No,Yes,No,No,Month-to-month,No,Mailed check,92.84,2525.83,No
8719-KKODE,Female,0,No,No,0,Yes,No,Fiber optic,Yes,No,No,Yes,Yes,No,Month-to-month,Yes,Mailed check,67.27,0.0,Yes
8720-AGPNJ,Male,0,Yes,No,14,Yes,No,Fiber optic,No,Yes,No,Yes,No,Yes,Month-to-month,No,Bank transfer (automatic),89.04,1212.64,Yes
8721-PGIDN,Male,0,No,No,17,Yes,Yes,No,No internet service,No internet service,No internet service,No internet service,No internet service,No internet service,Two year,Yes,Mailed check,29.82,501.57,No
8722-NFKBL,Female,0,Yes,No,28,Yes,No,DSL,No,No,No,No,No,Yes,Two year,No,Electronic check,47.38,1380.17,No
8723-LNDBJ,Male,0,No,No,28,Yes,Yes,DSL,No,No,No,No,Yes,No,Two year,Yes,Bank transfer (automatic),69.02,1960.67,No
8724-EOGMA,Male,0,Yes,No,10,Yes,No,Fiber optic,No,No,No,No,Yes,Yes,Month-to-month,No,Electronic check,95.55,944.08,No
8725-OJJGJ,Female,0,Yes,No,1,Yes,Yes,No,No internet service,No internet service,No internet service,No internet service,No internet service,No internet service,Two year,Yes,Mailed check,18.0,0.0,No
8726-MFFLH,Female,0,No,No,23,Yes,Yes,No,No internet service,No internet service,No internet service,No internet service,No internet service,No internet service,Month-to-month,Yes,Credit card (automatic),20.69,496.38,No
8727-HFCEB,Male,0,No,Yes,14,No,No phone service,Fiber optic,No,Yes,No,No,Yes,No,Month-to-month,No,Electronic check,93.0,1272.57,Yes
8728-ONENI,Male,0,No,Yes,8,Yes,No,Fiber optic,Yes,Yes,No,No,Yes,Yes,One year,No,Bank transfer (automatic),92.18,785.65,Yes
8729-JAJEL,Female,0,No,Yes,5,Yes,Yes,Fiber optic,No,No,No,No,No,No,Month-to-month,No,Electronic check,83.22,421.62,Yes
8730-FNKGI,Male,0,No,No,2,Yes,No,DSL,No,No,Yes,No,Yes,No,Month-to-month,Yes,Credit card (automatic),49.19,154.51,Yes
8731-FELGM,Female,0,Yes,No,6,Yes,Yes,Fiber optic,No,Yes,No,No,Yes,No,Two year,Yes,Bank transfer (automatic),93.93,618.75,No
8732-AKNEO,Female,0,No,Yes,12,Yes,No,Fiber optic,No,No,No,No,No,Yes,One year,No,Credit card (automatic),85.2,1072.7,Yes
8733-BDGEL,Female,0,Yes,No,12,Yes,No,Fiber optic,No,No,No,No,No,Yes,Two year,Yes,Bank transfer (automatic),76.96,960.87,Yes
8734-FBCGK,Male,0,Yes,No,17,Yes,No,No,No internet service,No internet service,No internet service,No internet service,No internet service,No internet service,One year,No,Electronic check,18.0,267.9,No
8735-BLFEJ,Male,0,Yes,No,9,Yes,Yes,No,No internet service,No internet service,No internet service,No internet service,No internet service,No internet service,Month-to-month,Yes,Credit card (automatic),18.0,132.46,No
8736-ALKOJ,Male,0,Yes,No,50,Yes,Yes,DSL,No,Yes,No,No,Yes,No,Month-to-month,No,Bank transfer (automatic),56.32,2802.07,No
8737-KDKBD,Female,0,Yes,No,13,Yes,Yes,No,No internet service,No internet service,No internet service,No internet service,No internet service,No internet service,Two year,Yes,Bank transfer (automatic),29.62,370.81,No
8738-ABMHF,Male,0,Yes,Yes,11,Yes,Yes,DSL,No,No,No,No,No,Yes,Month-to-month,No,Mailed check,44.16,473.39,Yes
8739-BLOFJ,Female,0,Yes,Yes,0,Yes,Yes,DSL,No,No,No,No,Yes,No,One year,No,Electronic check,52.16,34.32,Yes
8740-IGIEG,Male,0,No,No,18,Yes,Yes,No,No internet service,No internet service,No internet service,No internet service,No internet service,No internet service,Month-to-month,No,Mailed check,20.01,435.96,No
8741-KPONG,Female,0,No,No,18,Yes,Yes,Fiber optic,No,No,Yes,No,Yes,No,One year,No,Mailed check,99.11,1746.8,No
8742-LPLCG,Female,0,No,Yes,17,Yes,Yes,No,No internet service,No internet service,No internet service,No internet service,No internet service,No internet service,Month-to-month,Yes,Credit card (automatic),18.0,339.81,No
8743-AIJMF,Male,0,Yes,Yes,43,Yes,No,DSL,No,No,Yes,Yes,No,No,Month-to-month,No,Electronic check,55.33,2416.29,No
8744-PEGEJ,Female,0,No,No,28,Yes,No,No,No internet service,No internet service,No internet service,No internet service,No internet service,No internet service,One year,No,Mailed check,18.0,473.75,No
8745-EPKJK,Male,0,Yes,No,40,Yes,Yes,No,No internet service,No internet service,No internet service,No internet service,No internet service,No internet service,Month-to-month,No,Credit card (automatic),18.0,688.2,No
8746-GJOGM,Male,0,No,No,1,Yes,No,Fiber optic,Yes,No,No,Yes,No,Yes,One year,No,Electronic check,88.95,116.65,No
8747-KOCCJ,Male,0,Yes,Yes,7,Yes,No,Fiber optic,Yes,No,No,Yes,Yes,No,Two year,Yes,Electronic check,94.51,624.91,Yes
8748-LMOCF,Male,0,No,No,7,No,No phone service,No,No internet service,No internet service,No internet service,No internet service,No internet service,No internet service,One year,No,Electronic check,18.0,179.15,No
8749-LOFMM,Male,0,Yes,No,21,Yes,Yes,Fiber optic,No,Yes,No,No,Yes,No,Month-to-month,No,Bank transfer (automatic),77.24,1617.48,Yes
8750-CCHHG,Female,1,No,No,11,Yes,No,Fiber optic,No,No,Yes,No,Yes,Yes,One year,Yes,Electronic check,71.51,839.3,Yes
8751-JDODC,Male,0,No,No,30,Yes,No,Fiber optic,Yes,Yes,No,Yes,No,Yes,Two year,No,Credit card (automatic),83.91,2615.54,No
8752-ECMHG,Female,0,No,No,9,Yes,No,Fiber optic,No,No,No,No,No,Yes,One year,Yes,Bank transfer (automatic),85.74,788.19,Yes
8753-PMCPI,Male,0,Yes,No,5,Yes,No,No,No internet service,No internet service,No internet service,No internet service,No internet service,No internet service,One year,Yes,Mailed check,25.64,138.84,No
8754-LNMEI,Female,1,Yes,No,6,Yes,No,DSL,No,No,Yes,No,No,No,Two year,Yes,Credit card (automatic),54.8,266.8,No
8755-GOGFB,Female,1,No,Yes,4,No,No phone service,Fiber optic,Yes,No,No,No,No,No,Two year,No,Electronic check,85.27,370.62,Yes
8756-IFHAE,Male,0,Yes,No,4,Yes,Yes,Fiber optic,Yes,No,Yes,No,Yes,No,Month-to-month,Yes,Mailed check,97.28,364.67,Yes
8757-LAJKP,Female,0,No,No,4,Yes,Yes,Fiber optic,No,Yes,Yes,No,No,No,Two year,Yes,Mailed check,91.42,308.5,No
8758-NHHAI,Male,0,Yes,No,0,Yes,Yes,DSL,No,No,Yes,No,Yes,No,Month-to-month,Yes,Electronic check,38.59,0.0,No
8759-BLIAL,Male,0,No,No,25,Yes,No,Fiber optic,No,No,Yes,No,Yes,No,Two year,Yes,Credit card (automatic),91.0,2326.88,Yes
8760-JNPNI,Male,0,No,No,10,Yes,Yes,No,No internet service,No internet service,No internet service,No internet service,No internet service,No internet service,Month-to-month,No,Bank transfer (automatic),18.0,131.19,No
8761-DIGKF,Female,0,No,No,0,Yes,No,Fiber optic,No,Yes,No,No,No,No,Month-to-month,Yes,Credit card (automatic),82.77,68.05,Yes
8762-OEKIB,Female,0,Yes,Yes,9,Yes,No,DSL,No,No,No,No,Yes,No,Two year,No,Credit card (automatic),54.23,571.89,No
8763-NMKNL,Female,0,Yes,No,47,No,No phone service,Fiber optic,No,Yes,No,No,No,Yes,Month-to-month,Yes,Mailed check,78.51,3767.27,Yes
8764-BKLOI,Female,0,No,No,14,Yes,No,Fiber optic,No,No,No,No,Yes,No,Month-to-month,Yes,Credit card (automatic),90.13,1230.57,Yes
8765-LCHKP,Male,0,No,Yes,72,Yes,Yes,Fiber optic,Yes,Yes,No,No,No,Yes,One year,Yes,Bank transfer (automatic),71.53,5191.35,No
8766-OIHPD,Male,0,Yes,No,15,Yes,No,Fiber optic,Yes,No,No,No,Yes,No,One year,No,Credit card (automatic),92.71,1437.28,Yes
8767-LADNI,Female,0,Yes,Yes,65,Yes,Yes,DSL,No,No,No,No,No,No,Month-to-month,Yes,Electronic check,65.41,4219.13,No
8768-BPCJH,Female,0,No,No,4,Yes,No,Fiber optic,Yes,No,No,No,No,No,Month-to-month,Yes,Electronic check,87.73,394.27,Yes
8769-FPHPG,Male,0,No,No,6,Yes,No,Fiber optic,Yes,No,No,No,Yes,No,Month-to-month,No,Electronic check,89.46,523.92,Yes
8770-NMMEI,Female,0,No,Yes,24,Yes,No,Fiber optic,No,No,Yes,No,Yes,No,Month-to-month,Yes,Electronic check,71.93,1759.28,Yes
8771-DFBOB,Male,0,No,No,72,Yes,No,DSL,No,Yes,Yes,No,Yes,Yes,Month-to-month,Yes,Mailed check,45.09,3291.52,No
8772-BJGMB,Female,0,No,No,34,Yes,No,DSL,No,No,Yes,No,Yes,Yes,Month-to-month,Yes,Electronic check,55.65,1828.88,No
8773-OOLOM,Female,1,Yes,Yes,16,Yes,No,No,No internet service,No internet service,No internet service,No internet service,No internet service,No internet service,Month-to-month,Yes,Electronic check,18.0,333.56,No
8774-BOIGK,Female,1,Yes,No,1,No,No phone service,Fiber optic,No,No,No,No,No,Yes,One year,Yes,Electronic check,75.63,72.24,Yes
8775-CCGEJ,Male,0,Yes,No,9,Yes,No,DSL,No,Yes,No,Yes,No,No,Two year,Yes,Mailed check,64.21,588.0,No
8776-NNFML,Male,0,No,Yes,1,Yes,Yes,DSL,No,No,No,No,Yes,No,One year,No,Electronic check,51.79,66.66,No
8777-HIACK,Female,0,Yes,No,7,Yes,No,DSL,Yes,Yes,No,Yes,Yes,No,Month-to-month,No,Mailed check,63.04,437.18,No
8778-GFGHF,Female,1,Yes,Yes,5,Yes,No,Fiber optic,Yes,Yes,No,No,No,No,One year,No,Electronic check,73.95,286.38,No
8779-CBLGL,Female,0,Yes,Yes,9,Yes,Yes,Fiber optic,No,No,Yes,No,No,No,Two year,Yes,Mailed check,76.37,697.12,No
8780-LLKAC,Female,0,Yes,Yes,36,Yes,No,DSL,Yes,Yes,Yes,No,No,Yes,Month-to-month,Yes,Electronic check,60.72,2137.57,No
8781-LKDMN,Female,0,No,Yes,3,Yes,No,Fiber optic,No,No,No,No,Yes,Yes,Month-to-month,Yes,Electronic check,84.79,351.84,Yes
8782-AEJCB,Female,0,No,No,7,Yes,No,DSL,No,Yes,Yes,No,No,Yes,Two year,Yes,Electronic check,63.37,406.99,Yes
8783-OCHPF,Female,0,No,No,6,Yes,No,DSL,No,No,Yes,No,No,No,One year,Yes,Credit card (automatic),56.7,433.04,No
8784-MNGLF,Female,0,Yes,Yes,7,Yes,No,No,No internet service,No internet service,No internet service,No internet service,No internet service,No internet service,Two year,No,Bank transfer (automatic),33.3,277.35,No
8785-FPLPC,Male,0,No,Yes,8,Yes,No,Fiber optic,No,No,No,No,Yes,No,One year,No,Credit card (automatic),94.19,761.74,No
8786-LMNHL,Male,0,Yes,Yes,5,Yes,No,No,No internet service,No internet service,No internet service,No internet service,No internet service,No internet service,Month-to-month,No,Mailed check,24.07,93.0,No
8787-GGFEJ,Male,1,No,No,57,No,No phone service,DSL,Yes,No,No,No,Yes,No,Month-to-month,Yes,Electronic check,46.72,2674.02,No
8788-HEIIA,Male,1,Yes,No,10,Yes,Yes,DSL,No,Yes,No,No,No,No,One year,Yes,Credit card (automatic),47.0,471.55,No
8789-FGCPG,Female,0,Yes,No,2,Yes,No,Fiber optic,No,Yes,Yes,No,Yes,Yes,Month-to-month,Yes,Mailed check,71.24,132.92,Yes
8790-KKGPN,Male,0,Yes,Yes,12,Yes,Yes,Fiber optic,No,No,No,Yes,Yes,No,Month-to-month,No,Electronic check,90.7,1056.69,No
8791-MKBGO,Male,0,No,No,4,Yes,No,Fiber optic,Yes,No,No,No,No,Yes,Month-to-month,No,Credit card (automatic),82.95,317.1,Yes
8792-AEIGG,Female,1,No,No,4,Yes,No,Fiber optic,No,No,No,No,Yes,No,Two year,Yes,Electronic check,70.46,337.35,No
8793-KMLBH,Male,0,Yes,No,6,Yes,No,DSL,No,No,Yes,No,No,No,Two year,Yes,Bank transfer (automatic),53.22,294.74,No
8794-COHCJ,Male,0,Yes,No,2,Yes,Yes,Fiber optic,No,Yes,No,Yes,No,No,Month-to-month,Yes,Electronic check,84.33,260.3,Yes
8795-GBPDK,Male,0,No,No,25,Yes,No,No,No internet service,No internet service,No internet service,No internet service,No internet service,No internet service,One year,No,Electronic check,18.4,553.7,Yes
8796-FKIEM,Male,0,Yes,No,31,Yes,No,Fiber optic,No,No,Yes,No,Yes,No,Month-to-month,Yes,Mailed check,84.08,2607.85,No
8797-IOEJH,Male,0,Yes,Yes,10,Yes,No,DSL,No,Yes,No,Yes,Yes,Yes,Month-to-month,Yes,Electronic check,67.63,682.08,No
8798-PMMAG,Female,0,Yes,No,23,Yes,No,Fiber optic,No,Yes,Yes,Yes,Yes,Yes,Month-to-month,Yes,Credit card (automatic),84.03,1855.74,No
8799-DEFEL,Female,0,No,No,9,Yes,No,Fiber optic,No,No,No,No,Yes,No,One year,Yes,Bank transfer (automatic),73.06,609.15,No
8800-ALIBI,Female,0,Yes,Yes,3,Yes,Yes,DSL,No,No,No,No,No,No,Month-to-month,No,Electronic check,52.87,184.51,Yes
8801-JBIFK,Male,0,No,No,10,Yes,Yes,Fiber optic,No,No,Yes,No,No,Yes,Month-to-month,Yes,Bank transfer (automatic),89.2,861.76,Yes
8802-IMFFM,Male,0,Yes,No,16,Yes,No,No,No internet service,No internet service,No internet service,No internet service,No internet service,No internet service,Month-to-month,Yes,Bank transfer (automatic),18.0,169.24,No
8803-KNBHC,Male,1,Yes,No,0,Yes,Yes,Fiber optic,No,Yes,No,Yes,No,No,Month-to-month,Yes,Bank transfer (automatic),88.19,0.0,Yes
8804-GECAH,Female,1,Yes,No,21,Yes,Yes,DSL,Yes,No,Yes,No,No,No,Two year,Yes,Mailed check,55.2,1165.86,No
8805-CBPAD,Male,0,No,No,27,No,No phone service,Fiber optic,No,No,No,No,No,No,Month-to-month,No,Credit card (automatic),93.64,2656.61,Yes
8806-MHMCN,Male,1,Yes,No,39,No,No phone service,DSL,No,No,No,No,No,No,Month-to-month,Yes,Credit card (automatic),60.98,2345.23,Yes
8807-ADIMA,Male,0,No,No,2,Yes,No,DSL,No,Yes,No,Yes,Yes,Yes,Month-to-month,Yes,Electronic check,51.36,87.95,Yes
8808-LNKBI,Male,0,Yes,No,0,Yes,Yes,DSL,No,No,No,Yes,No,No,Month-to-month,No,Credit card (automatic),51.92,20.81,No
8809-PBMCG,Female,0,Yes,No,1,Yes,Yes,DSL,No,Yes,No,No,No,No,One year,Yes,Bank transfer (automatic),47.51,94.98,No
8810-CIPFC,Female,0,No,Yes,51,Yes,No,No,No internet service,No internet service,No internet service,No internet service,No internet service,No internet service,Month-to-month,No,Credit card (automatic),20.84,1052.83,No
8811-IAJCA,Male,0,No,No,29,Yes,Yes,Fiber optic,Yes,No,No,No,No,Yes,Month-to-month,Yes,Mailed check,84.25,2473.79,No
8812-BPLHG,Female,0,Yes,Yes,36,Yes,Yes,Fiber optic,Yes,No,Yes,No,Yes,Yes,Month-to-month,Yes,Bank transfer (automatic),70.94,2543.71,Yes
8813-BBIMM,Female,0,No,No,14,Yes,No,No,No internet service,No internet service,No internet service,No internet service,No internet service,No internet service,Month-to-month,Yes,Electronic check,18.0,308.16,No
8814-FEJFP,Female,0,No,Yes,14,No,No phone service,Fiber optic,No,Yes,No,No,No,No,Month-to-month,Yes,Bank transfer (automatic),86.69,1256.65,Yes
8815-IPKGO,Male,0,Yes,Yes,7,Yes,Yes,Fiber optic,No,No,No,No,Yes,No,Two year,Yes,Bank transfer (automatic),78.34,609.79,Yes
8816-JJNID,Female,1,Yes,No,36,Yes,Yes,DSL,No,Yes,Yes,No,Yes,No,Month-to-month,Yes,Mailed check,64.87,2372.93,No
8817-BLHDM,Female,0,Yes,No,35,Yes,No,Fiber optic,No,No,No,No,No,Yes,One year,No,Bank transfer (automatic),86.63,3036.15,Yes
8818-IOODO,Male,0,Yes,No,9,Yes,No,Fiber optic,Yes,Yes,No,No,Yes,No,Two year,Yes,Mailed check,77.78,766.56,No
8819-HIMIJ,Female,0,No,No,7,Yes,Yes,DSL,Yes,Yes,No,No,No,Yes,Month-to-month,No,Bank transfer (automatic),55.09,306.04,No
8820-DAPOC,Female,1,Yes,No,26,Yes,No,DSL,No,No,No,No,No,No,One year,No,Credit card (automatic),55.36,1348.95,Yes
8821-IDEGE,Female,0,Yes,No,0,Yes,Yes,DSL,No,Yes,No,No,No,Yes,One year,Yes,Credit card (automatic),58.62,78.65,No
8822-DOBOB,Male,0,Yes,No,39,Yes,Yes,Fiber optic,Yes,Yes,Yes,No,No,No,One year,Yes,Electronic check,81.08,3202.98,No
8823-MMDJM,Male,0,No,Yes,11,Yes,Yes,DSL,Yes,No,No,Yes,No,Yes,Two year,Yes,Credit card (automatic),56.19,564.76,No
8824-JMOIH,Female,0,No,No,11,Yes,Yes,Fiber optic,No,No,Yes,No,Yes,Yes,Month-to-month,Yes,Bank transfer (automatic),76.84,882.26,Yes
8825-CPONP,Male,0,Yes,No,22,Yes,Yes,DSL,Yes,No,No,No,No,No,Month-to-month,No,Electronic check,46.93,1111.37,No
8826-INEKC,Male,0,Yes,No,20,Yes,No,Fiber optic,No,No,Yes,No,No,No,Month-to-month,Yes,Electronic check,86.73,1853.0,No
8827-EMJMD,Male,0,Yes,No,6,Yes,Yes,Fiber optic,No,No,Yes,No,No,No,Month-to-month,Yes,Credit card (automatic),73.68,420.1,Yes
8828-HMLEJ,Female,0,No,No,57,Yes,No,Fiber optic,No,No,Yes,No,Yes,No,Month-to-month,No,Bank transfer (automatic),82.43,4633.89,No
8829-LHIDG,Female,0,Yes,Yes,72,Yes,No,DSL,Yes,Yes,No,No,Yes,No,Two year,No,Electronic check,74.35,5396.65,No
8830-BFHLG,Male,0,No,No,14,Yes,No,DSL,Yes,No,No,No,Yes,No,Month-to-month,Yes,Mailed check,61.87,876.37,No
8831-GHPGE,Female,0,Yes,No,16,No,No phone service,DSL,Yes,No,No,No,Yes,No,Month-to-month,Yes,Mailed check,61.94,928.6,No
8832-GMNJC,Male,1,No,Yes,16,Yes,No,Fiber optic,Yes,No,Yes,No,No,Yes,Month-to-month,Yes,Credit card (automatic),99.85,1558.44,Yes
8833-EGOIO,Male,0,No,No,13,Yes,Yes,DSL,Yes,Yes,No,No,No,No,Month-to-month,Yes,Mailed check,49.45,653.46,No
8834-BDLGA,Female,0,No,Yes,58,Yes,No,Fiber optic,No,No,No,No,Yes,Yes,Month-to-month,Yes,Mailed check,87.26,5020.68,No
8835-MBIMJ,Male,0,Yes,Yes,5,Yes,No,DSL,Yes,No,No,Yes,Yes,No,Two year,No,Credit card (automatic),63.37,277.5,No
8836-GLJGF,Male,0,No,No,2,Yes,No,No,No internet service,No internet service,No internet service,No internet service,No internet service,No internet service,Two year,Yes,Mailed check,18.0,67.77,No
8837-CJCBK,Male,0,Yes,No,53,Yes,No,Fiber optic,No,Yes,Yes,Yes,No,No,Month-to-month,No,Electronic check,85.76,4563.8,No
8838-FDPEC,Male,0,Yes,No,4,Yes,Yes,DSL,No,Yes,No,No,Yes,Yes,Month-to-month,No,Bank transfer (automatic),50.52,206.72,Yes
8839-FKLCN,Female,0,No,No,27,Yes,No,DSL,No,No,Yes,Yes,No,Yes,One year,Yes,Credit card (automatic),58.96,1635.19,Yes
8840-ONPPH,Male,0,No,No,4,Yes,No,DSL,No,Yes,No,No,No,Yes,Two year,Yes,Electronic check,52.54,291.59,No
8841-IDOIL,Female,0,No,No,64,Yes,Yes,No,No internet service,No internet service,No internet service,No internet service,No internet service,No internet service,Two year,Yes,Credit card (automatic),31.95,2054.0,No
8842-GCGNA,Male,1,Yes,No,31,Yes,Yes,DSL,No,No,No,No,No,Yes,One year,No,Mailed check,49.26,1361.36,No
8843-CFDGN,Female,0,No,No,50,Yes,Yes,No,No internet service,No internet service,No internet service,No internet service,No internet service,No internet service,Month-to-month,Yes,Electronic check,27.92,1387.4,No
8844-CAIPO,Male,0,Yes,Yes,60,Yes,No,Fiber optic,No,No,Yes,No,No,Yes,One year,Yes,Electronic check,94.88,5764.09,No
8845-FHCHB,Male,0,Yes,No,1,No,No phone service,No,No internet service,No internet service,No internet service,No internet service,No internet service,No internet service,Month-to-month,Yes,Electronic check,18.67,84.91,No
8846-LPDCJ,Female,1,No,No,11,Yes,No,No,No internet service,No internet service,No internet service,No internet service,No internet service,No internet service,One year,No,Electronic check,18.0,199.17,No
8847-AOMMG,Female,0,Yes,No,20,Yes,No,No,No internet service,No internet service,No internet service,No internet service,No internet service,No internet service,One year,No,Electronic check,18.0,329.38,No
8848-KJBDI,Male,0,No,No,32,Yes,No,DSL,Yes,No,No,Yes,No,No,One year,No,Electronic check,70.06,2213.25,No
8849-FHBGF,Male,0,Yes,No,5,No,No phone service,No,No internet service,No internet service,No internet service,No internet service,No internet service,No internet service,One year,Yes,Bank transfer (automatic),27.99,160.47,No
8850-MNIGA,Male,0,Yes,No,49,Yes,Yes,DSL,No,No,Yes,No,No,Yes,One year,Yes,Bank transfer (automatic),58.48,2771.93,No
8851-NHKJO,Male,0,No,Yes,4,Yes,Yes,DSL,Yes,No,No,No,No,No,One year,Yes,Bank transfer (automatic),45.32,240.49,Yes
8852-CNBLC,Male,0,No,Yes,40,Yes,No,Fiber optic,No,No,No,Yes,No,Yes,Month-to-month,No,Electronic check,96.74,3894.83,No
8853-KFMNC,Female,1,Yes,Yes,14,Yes,No,Fiber optic,No,No,Yes,No,No,No,Two year,No,Electronic check,84.26,1120.9,No
8854-JPEFH,Female,0,Yes,Yes,14,Yes,Yes,Fiber optic,No,Yes,Yes,Yes,No,No,One year,Yes,Mailed check,84.93,1158.98,No
8855-GNKHC,Male,0,No,Yes,9,Yes,No,No,No internet service,No internet service,No internet service,No internet service,No internet service,No internet service,One year,Yes,Mailed check,37.44,276.5,No
8856-DPPFK,Female,0,Yes,No,2,Yes,Yes,No,No internet service,No internet service,No internet service,No internet service,No internet service,No internet service,Month-to-month,Yes,Bank transfer (automatic),22.32,28.49,No
8857-GIMAM,Female,0,Yes,No,8,Yes,Yes,Fiber optic,No,Yes,No,Yes,Yes,Yes,Two year,Yes,Mailed check,93.33,733.77,No
8858-OHHFD,Male,0,No,No,11,Yes,No,Fiber optic,Yes,No,Yes,Yes,No,No,Month-to-month,Yes,Credit card (automatic),73.86,805.63,Yes
8859-CKCFM,Female,0,Yes,No,13,Yes,Yes,DSL,No,No,No,Yes,No,No,One year,No,Electronic check,53.86,721.73,Yes
8860-HGKAK,Male,0,No,No,26,No,No phone service,Fiber optic,No,Yes,Yes,No,No,No,Two year,Yes,Mailed check,81.37,2107.48,No
8861-PFGLG,Female,0,No,Yes,8,Yes,No,Fiber optic,No,No,No,Yes,Yes,Yes,Two year,No,Mailed check,81.97,601.95,No
8862-IKKJE,Female,0,No,No,10,Yes,No,Fiber optic,No,No,No,No,No,No,One year,Yes,Electronic check,85.66,854.53,No
8863-ABODE,Female,0,Yes,No,47,Yes,Yes,No,No internet service,No internet service,No internet service,No internet service,No internet service,No internet service,Month-to-month,No,Bank transfer (automatic),23.39,1069.95,No
8864-IKOAC,Female,0,No,No,27,Yes,Yes,DSL,No,No,No,No,Yes,No,Two year,No,Electronic check,55.78,1467.74,No
8865-PEPPC,Female,0,Yes,No,0,Yes,No,No,No internet service,No internet service,No internet service,No internet service,No internet service,No internet service,Two year,No,Bank transfer (automatic),19.04,0.0,No
8866-DONCD,Male,0,Yes,Yes,33,Yes,No,Fiber optic,No,No,No,Yes,No,Yes,Month-to-month,Yes,Electronic check,82.47,2759.15,No
8867-NOPMM,Female,1,Yes,No,72,Yes,Yes,DSL,No,No,No,No,Yes,Yes,Month-to-month,No,Credit card (automatic),62.2,4471.66,No
8868-OOALH,Male,1,Yes,No,56,Yes,Yes,Fiber optic,No,Yes,Yes,No,Yes,Yes,Month-to-month,No,Electronic check,93.07,5267.43,Yes
8869-DGBBF,Female,0,Yes,No,36,Yes,No,Fiber optic,No,No,No,Yes,Yes,Yes,Month-to-month,Yes,Mailed check,81.81,2959.58,No
8870-NBOOF,Female,0,No,Yes,19,Yes,Yes,Fiber optic,No,Yes,Yes,Yes,Yes,No,Month-to-month,Yes,Electronic check,103.37,1987.31,No
8871-KOBDG,Female,0,Yes,Yes,6,Yes,No,DSL,No,No,No,No,Yes,No,Month-to-month,No,Electronic check,32.68,162.34,No
8872-HOCNO,Male,0,Yes,Yes,21,No,No phone service,Fiber optic,No,No,Yes,No,No,No,Two year,No,Bank transfer (automatic),89.05,1797.29,Yes
8873-MIBHH,Female,0,No,Yes,23,Yes,No,DSL,No,Yes,No,No,Yes,No,Month-to-month,Yes,Bank transfer (automatic),41.37,903.11,No
8874-PMPPN,Female,0,Yes,Yes,6,Yes,Yes,No,No internet service,No internet service,No internet service,No internet service,No internet service,No internet service,Two year,Yes,Bank transfer (automatic),28.12,207.23,No
8875-DAMAB,Male,0,No,Yes,5,No,No phone service,No,No internet service,No internet service,No internet service,No internet service,No internet service,No internet service,Two year,Yes,Mailed check,34.46,206.74,No
8876-NOLNI,Male,0,No,No,10,Yes,No,Fiber optic,No,No,No,No,Yes,No,Two year,Yes,Credit card (automatic),89.87,989.9,No
8877-MBBFG,Male,0,No,No,20,Yes,Yes,DSL,Yes,No,Yes,Yes,Yes,Yes,Month-to-month,No,Electronic check,70.05,1465.01,No
8878-MGOPM,Female,1,Yes,No,6,Yes,Yes,Fiber optic,Yes,No,No,No,Yes,No,Month-to-month,Yes,Electronic check,87.04,468.13,Yes
8879-IFNHK,Female,0,No,No,16,No,No phone service,Fiber optic,Yes,No,Yes,No,No,No,Month-to-month,Yes,Credit card (automatic),98.37,1661.28,No
8880-FBAEN,Female,1,No,No,45,Yes,Yes,No,No internet service,No internet service,No internet service,No internet service,No internet service,No internet service,Two year,Yes,Credit card (automatic),18.0,824.16,No
8881-IHNMD,Female,1,No,No,6,Yes,No,DSL,No,No,Yes,Yes,No,No,Month-to-month,No,Bank transfer (automatic),50.4,233.33,No
8882-EMEFC,Male,0,Yes,Yes,67,Yes,No,Fiber optic,No,No,Yes,No,No,No,Month-to-month,No,Electronic check,85.98,5732.78,No
8883-EPBJP,Male,0,No,No,12,Yes,No,Fiber optic,No,No,No,No,No,Yes,Month-to-month,Yes,Electronic check,102.49,1165.0,Yes
8884-AKAPJ,Female,0,No,No,2,Yes,No,DSL,Yes,No,No,No,Yes,No,Month-to-month,No,Mailed check,62.4,169.94,Yes
8885-GBDEG,Male,0,Yes,No,1,Yes,Yes,DSL,Yes,No,Yes,No,No,No,Two year,No,Bank transfer (automatic),39.44,87.6,No
8886-BNFAG,Male,0,No,Yes,8,Yes,No,Fiber optic,No,No,No,Yes,No,No,One year,Yes,Electronic check,93.58,702.56,No
8887-IEEDP,Male,0,No,No,5,Yes,No,DSL,No,No,Yes,No,Yes,No,One year,Yes,Bank transfer (automatic),64.83,325.97,No
8888-PCIEH,Female,0,No,No,37,Yes,Yes,No,No internet service,No internet service,No internet service,No internet service,No internet service,No internet service,Month-to-month,Yes,Electronic check,18.0,718.42,Yes
8889-IEJIB,Male,0,Yes,Yes,26,Yes,No,No,No internet service,No internet service,No internet service,No internet service,No internet service,No internet service,Two year,Yes,Credit card (automatic),24.91,757.35,No
8890-IKDFP,Female,0,No,Yes,43,Yes,No,Fiber optic,Yes,No,No,No,No,Yes,Month-to-month,Yes,Mailed check,87.68,3839.09,No
8891-FFBGM,Female,0,Yes,No,17,Yes,No,Fiber optic,No,Yes,No,No,Yes,Yes,Two year,No,Credit card (automatic),81.48,1387.64,No
8892-FKNAB,Female,0,No,No,11,Yes,No,DSL,No,No,No,No,Yes,Yes,Month-to-month,No,Bank transfer (automatic),52.34,667.76,No
8893-GAOAA,Male,0,Yes,No,6,Yes,No,No,No internet service,No internet service,No internet service,No internet service,No internet service,No internet service,One year,Yes,Mailed check,18.0,136.44,No
8894-HDDMB,Male,0,Yes,Yes,17,Yes,Yes,Fiber optic,No,No,No,No,No,Yes,Month-to-month,Yes,Electronic check,81.41,1357.34,No
8895-KKKPA,Male,0,Yes,No,19,Yes,Yes,Fiber optic,Yes,Yes,Yes,No,Yes,No,Month-to-month,Yes,Mailed check,82.96,1506.55,No
8896-LJIGD,Male,0,No,Yes,9,Yes,No,No,No internet service,No internet service,No internet service,No internet service,No internet service,No internet service,Month-to-month,Yes,Electronic check,18.0,205.12,No
8897-LFNPB,Female,0,No,Yes,55,Yes,Yes,DSL,No,No,No,Yes,No,Yes,Month-to-month,Yes,Credit card (automatic),53.72,2903.87,No
8898-GBJHH,Female,0,Yes,No,20,Yes,No,Fiber optic,Yes,No,No,Yes,No,No,Month-to-month,Yes,Electronic check,100.5,1982.64,No
8899-AMHBF,Female,0,Yes,Yes,36,Yes,No,Fiber optic,No,No,Yes,No,Yes,Yes,One year,Yes,Credit card (automatic),88.02,3153.54,No
8900-MAEKG,Male,0,Yes,Yes,19,Yes,No,DSL,Yes,No,No,Yes,No,No,Month-to-month,Yes,Electronic check,62.4,1221.9,Yes
8901-MJAOB,Male,0,No,No,7,Yes,Yes,DSL,No,No,No,No,No,No,Month-to-month,Yes,Electronic check,60.44,405.18,No
8902-GFCNJ,Male,0,Yes,Yes,26,Yes,No,Fiber optic,Yes,Yes,No,No,Yes,Yes,Month-to-month,Yes,Electronic check,85.42,2134.86,Yes
8903-BJDCG,Female,0,Yes,Yes,5,Yes,Yes,Fiber optic,No,Yes,No,No,No,Yes,Month-to-month,No,Bank transfer (automatic),98.46,492.73,No
8904-HBJGH,Female,0,No,No,18,Yes,Yes,DSL,Yes,Yes,Yes,No,No,No,Month-to-month,Yes,Mailed check,68.18,1237.0,No
8905-FFJAD,Male,0,Yes,No,10,Yes,No,No,No internet service,No internet service,No internet service,No internet service,No internet service,No internet service,Month-to-month,Yes,Electronic check,27.52,279.44,No
8906-NADBK,Female,0,Yes,No,3,Yes,No,DSL,No,Yes,No,Yes,Yes,No,Month-to-month,Yes,Electronic check,57.1,155.76,No
8907-MEJNI,Female,0,Yes,No,10,Yes,Yes,Fiber optic,No,Yes,No,Yes,No,No,Month-to-month,Yes,Mailed check,84.99,809.92,No
8908-KOLJC,Male,0,No,No,7,Yes,No,DSL,No,No,No,No,Yes,No,One year,Yes,Electronic check,59.26,419.41,Yes
8909-HCFPD,Male,0,No,No,2,Yes,Yes,DSL,No,Yes,No,No,No,No,Month-to-month,Yes,Credit card (automatic),41.81,49.74,Yes
8910-HKFHA,Female,1,No,No,34,Yes,No,Fiber optic,No,Yes,No,Yes,No,No,Two year,Yes,Bank transfer (automatic),85.83,2916.63,No
8911-FAAHP,Male,1,Yes,No,13,Yes,No,Fiber optic,No,Yes,No,No,Yes,Yes,Two year,Yes,Electronic check,94.0,1107.7,Yes
8912-OGCFO,Female,0,No,No,8,Yes,No,Fiber optic,No,No,Yes,No,Yes,No,One year,No,Electronic check,74.01,633.97,No
8913-IGLCN,Male,0,Yes,No,14,Yes,Yes,Fiber optic,Yes,No,No,No,No,Yes,Month-to-month,No,Electronic check,73.3,1017.74,Yes
8914-NMFKD,Female,1,No,No,28,Yes,Yes,DSL,Yes,No,No,No,Yes,Yes,One year,Yes,Bank transfer (automatic),50.12,1293.23,No
8915-NMCIJ,Male,0,No,No,0,Yes,Yes,Fiber optic,Yes,No,No,Yes,No,No,One year,Yes,Credit card (automatic),78.73,89.67,Yes
8916-BAONP,Male,0,No,No,15,Yes,Yes,Fiber optic,Yes,No,No,Yes,No,Yes,Month-to-month,Yes,Bank transfer (automatic),90.84,1385.51,No
8917-BGJAF,Male,0,Yes,No,13,Yes,No,DSL,No,No,No,No,No,No,Month-to-month,Yes,Bank transfer (automatic),58.38,696.04,Yes
8918-NGION,Female,0,No,Yes,44,Yes,No,No,No internet service,No internet service,No internet service,No internet service,No internet service,No internet service,Month-to-month,Yes,Electronic check,32.05,1381.68,No
8919-HFCHG,Female,0,No,Yes,16,Yes,No,Fiber optic,No,No,Yes,No,No,No,Month-to-month,Yes,Credit card (automatic),75.9,1132.66,Yes
8920-CILBC,Male,1,Yes,No,2,Yes,Yes,DSL,No,No,No,No,No,No,One year,Yes,Electronic check,55.97,80.92,No
8921-BMADE,Female,0,No,No,9,Yes,No,Fiber optic,Yes,No,Yes,Yes,No,No,Two year,No,Credit card (automatic),98.97,888.32,No
8922-MFEAC,Female,0,No,No,19,Yes,No,No,No internet service,No internet service,No internet service,No internet service,No internet service,No internet service,Month-to-month,Yes,Electronic check,32.73,623.01,No
8923-AKEEP,Male,0,No,No,0,Yes,No,Fiber optic,No,Yes,No,No,No,No,Month-to-month,Yes,Electronic check,72.47,0.0,Yes
8924-LKMFH,Male,0,No,No,43,Yes,Yes,Fiber optic,No,Yes,Yes,No,Yes,No,Month-to-month,No,Mailed check,70.19,3002.63,No
8925-JPLAD,Male,0,Yes,Yes,1,Yes,Yes,Fiber optic,Yes,Yes,Yes,No,Yes,No,Month-to-month,Yes,Electronic check,90.24,110.82,Yes
8926-JPKAI,Female,0,No,No,0,Yes,No,Fiber optic,No,Yes,No,No,No,Yes,Month-to-month,No,Mailed check,76.34,7.25,No
8927-KGGLE,Male,1,No,No,0,No,No phone service,Fiber optic,No,No,No,No,No,No,Month-to-month,Yes,Mailed check,80.3,92.17,No
8928-GLOBN,Female,0,Yes,No,23,Yes,Yes,Fiber optic,No,No,Yes,No,No,No,Month-to-month,No,Bank transfer (automatic),90.5,2005.36,Yes
8929-MDNNP,Female,0,Yes,No,12,No,No phone service,Fiber optic,No,No,Yes,Yes,No,No,One year,Yes,Bank transfer (automatic),85.85,1024.15,Yes
8930-GPCBJ,Female,0,Yes,No,2,Yes,No,DSL,No,No,Yes,Yes,Yes,Yes,One year,No,Electronic check,65.21,193.88,No
8931-BMAEL,Male,0,Yes,No,38,Yes,Yes,DSL,No,No,Yes,No,No,Yes,Two year,Yes,Electronic check,45.52,1857.59,No
8932-FFPID,Male,0,No,No,4,Yes,No,No,No internet service,No internet service,No internet service,No internet service,No internet service,No internet service,One year,Yes,Bank transfer (automatic),21.52,38.7,No
8933-AFOEJ,Female,0,Yes,No,7,No,No phone service,No,No internet service,No internet service,No internet service,No internet service,No internet service,No internet service,Month-to-month,No,Mailed check,18.0,142.36,No
8934-FCBFM,Female,0,Yes,No,3,Yes,No,No,No internet service,No internet service,No internet service,No internet service,No internet service,No internet service,One year,No,Mailed check,24.74,79.38,No
8935-AGGJM,Male,0,Yes,No,52,Yes,Yes,Fiber optic,Yes,Yes,No,No,Yes,Yes,Month-to-month,No,Credit card (automatic),87.87,4472.13,Yes
8936-GOLKJ,Male,0,No,No,28,Yes,No,DSL,Yes,No,No,Yes,No,Yes,One year,Yes,Mailed check,58.4,1609.43,No
8937-AODMG,Male,0,Yes,No,25,Yes,No,Fiber optic,No,No,No,Yes,No,No,Month-to-month,No,Electronic check,95.8,2443.08,Yes
8938-PKIEM,Male,0,Yes,No,0,Yes,Yes,Fiber optic,No,No,No,No,Yes,No,Month-to-month,Yes,Bank transfer (automatic),91.9,0.0,No
8939-BGJAP,Male,1,Yes,No,14,Yes,No,DSL,No,Yes,Yes,No,No,Yes,Month-to-month,Yes,Credit card (automatic),67.27,1002.79,No
8940-GFGPN,Male,0,No,No,17,Yes,Yes,No,No internet service,No internet service,No internet service,No internet service,No internet service,No internet service,Month-to-month,Yes,Mailed check,19.12,319.69,No
8941-MJCOC,Male,0,Yes,No,9,Yes,No,Fiber optic,No,No,Yes,No,No,Yes,Month-to-month,Yes,Bank transfer (automatic),92.28,816.39,Yes
8942-GMBAI,Male,0,No,Yes,7,Yes,No,Fiber optic,No,No,Yes,No,No,No,Month-to-month,Yes,Mailed check,81.27,609.06,Yes
8943-IGGCJ,Male,0,Yes,Yes,38,Yes,No,No,No internet service,No internet service,No internet service,No internet service,No internet service,No internet service,Two year,Yes,Mailed check,18.0,756.06,No
8944-POBKG,Female,0,Yes,Yes,0,No,No phone service,No,No internet service,No internet service,No internet service,No internet service,No internet service,No internet service,Month-to-month,Yes,Electronic check,18.0,164.28,Yes
8945-IAMND,Male,0,Yes,Yes,19,Yes,No,Fiber optic,No,No,No,No,No,Yes,Month-to-month,Yes,Electronic check,104.18,1956.9,Yes
8946-PFGJG,Male,0,Yes,No,10,No,No phone service,DSL,Yes,No,No,No,Yes,No,Two year,No,Mailed check,48.22,492.59,No
8947-JBNDE,Female,0,Yes,No,21,Yes,Yes,No,No internet service,No internet service,No internet service,No internet service,No internet service,No internet service,Month-to-month,Yes,Mailed check,28.97,584.59,No
8948-NLAAJ,Male,0,Yes,No,4,Yes,No,DSL,No,Yes,Yes,Yes,No,Yes,Two year,Yes,Credit card (automatic),60.44,266.81,No
8949-COOJC,Male,0,Yes,Yes,5,Yes,Yes,Fiber optic,Yes,No,No,Yes,No,No,Two year,Yes,Electronic check,88.49,559.52,No
8950-PLHPI,Female,0,No,No,17,Yes,No,No,No internet service,No internet service,No internet service,No internet service,No internet service,No internet service,Two year,Yes,Electronic check,22.68,340.45,No
8951-PONKL,Male,0,Yes,No,72,Yes,No,DSL,Yes,No,No,No,Yes,Yes,Month-to-month,No,Electronic check,55.66,3969.08,No
8952-APNKB,Female,0,No,No,72,Yes,Yes,Fiber optic,No,No,No,Yes,Yes,No,Month-to-month,Yes,Bank transfer (automatic),81.55,5869.33,No
8953-JBODB,Female,1,No,No,5,Yes,No,Fiber optic,Yes,No,No,No,Yes,Yes,One year,Yes,Bank transfer (automatic),98.18,447.29,Yes
8954-GMOIG,Male,0,No,Yes,2,Yes,Yes,Fiber optic,No,No,No,No,No,No,Month-to-month,No,Bank transfer (automatic),77.8,51.84,Yes
8955-LFPOJ,Female,0,Yes,Yes,17,Yes,Yes,No,No internet service,No internet service,No internet service,No internet service,No internet service,No internet service,Month-to-month,No,Electronic check,22.37,402.64,No
8956-AKJIE,Female,0,No,No,10,Yes,No,No,No internet service,No internet service,No internet service,No internet service,No internet service,No internet service,Month-to-month,No,Mailed check,21.98,219.31,No
8957-PKEFI,Female,0,Yes,No,28,Yes,Yes,DSL,No,No,No,No,No,No,One year,No,Bank transfer (automatic),60.41,1784.74,No
8958-MHHNH,Female,0,Yes,No,15,Yes,No,DSL,Yes,No,Yes,No,No,Yes,Month-to-month,No,Bank transfer (automatic),63.71,889.88,Yes
8959-AAHEI,Male,0,Yes,No,14,Yes,Yes,No,No internet service,No internet service,No internet service,No internet service,No internet service,No internet service,One year,No,Mailed check,18.0,238.02,No
8960-BPILN,Female,0,No,Yes,20,Yes,Yes,Fiber optic,Yes,No,Yes,Yes,No,Yes,Month-to-month,Yes,Electronic check,85.41,1688.74,No
8961-HIDAA,Female,0,Yes,No,2,Yes,No,DSL,No,Yes,No,No,No,Yes,One year,No,Credit card (automatic),49.29,96.54,No
8962-EBPNH,Male,0,No,No,22,Yes,Yes,Fiber optic,Yes,No,No,No,Yes,No,Month-to-month,Yes,Mailed check,91.94,1986.1,Yes
8963-JKEEB,Female,0,Yes,No,13,Yes,No,DSL,No,Yes,No,No,No,Yes,Month-to-month,No,Credit card (automatic),63.26,863.67,No
8964-GMHJM,Male,1,No,No,34,Yes,No,DSL,Yes,No,Yes,No,Yes,Yes,Month-to-month,Yes,Mailed check,51.64,1755.94,No
8965-ABJPD,Female,0,No,Yes,2,Yes,No,Fiber optic,No,No,Yes,Yes,No,Yes,Month-to-month,Yes,Electronic check,90.04,127.51,Yes
8966-EMBAI,Male,0,No,No,7,Yes,No,Fiber optic,Yes,No,Yes,No,Yes,No,Month-to-month,Yes,Electronic check,87.46,647.69,Yes
8967-NAMOD,Female,0,No,No,60,Yes,Yes,DSL,No,No,No,Yes,No,Yes,Month-to-month,No,Mailed check,54.89,3270.95,Yes
8968-BKDHH,Male,0,No,Yes,16,Yes,No,Fiber optic,Yes,No,No,No,Yes,No,Two year,Yes,Bank transfer (automatic),94.89,1529.2,Yes
8969-OKLIM,Female,0,No,Yes,52,Yes,No,No,No internet service,No internet service,No internet service,No internet service,No internet service,No internet service,One year,No,Bank transfer (automatic),36.84,1940.26,No
8970-OKOLE,Male,0,Yes,No,23,Yes,No,Fiber optic,Yes,No,No,Yes,Yes,No,Two year,Yes,Electronic check,74.98,1685.0,No
8971-GCJDJ,Male,0,Yes,No,52,Yes,Yes,Fiber optic,No,Yes,No,No,Yes,No,Two year,Yes,Electronic check,87.46,4560.63,No
8972-IJJNL,Male,0,No,No,7,Yes,No,Fiber optic,No,No,Yes,No,No,No,Month-to-month,Yes,Electronic check,75.51,452.76,Yes
8973-ABPEC,Male,0,Yes,Yes,1,No,No phone service,Fiber optic,No,Yes,No,No,Yes,No,Month-to-month,Yes,Credit card (automatic),76.25,0.0,No
8974-BAJCA,Male,0,No,No,32,Yes,Yes,Fiber optic,No,Yes,Yes,No,No,Yes,Two year,Yes,Electronic check,83.25,2690.18,No
8975-LALAH,Female,0,Yes,Yes,32,Yes,No,DSL,No,No,No,No,No,No,One year,Yes,Mailed check,50.46,1617.32,No
8976-OCKAG,Female,0,No,Yes,19,No,No phone service,DSL,No,No,Yes,Yes,No,No,Two year,Yes,Mailed check,41.9,840.9,No
8977-JCHDD,Male,0,Yes,No,17,Yes,Yes,Fiber optic,No,No,Yes,No,No,No,One year,No,Mailed check,95.94,1518.5,No
8978-EFGNN,Male,0,Yes,No,49,Yes,Yes,DSL,No,No,No,No,No,No,Two year,Yes,Credit card (automatic),55.39,2761.82,No
8979-DPHMF,Female,0,Yes,No,3,Yes,Yes,Fiber optic,Yes,Yes,No,Yes,Yes,Yes,Two year,No,Electronic check,83.53,235.43,No
8980-NAAIJ,Female,0,No,Yes,19,Yes,Yes,DSL,No,Yes,No,No,No,Yes,One year,Yes,Electronic check,54.76,1020.29,No
8981-FPPJH,Male,0,Yes,No,1,Yes,Yes,DSL,No,Yes,Yes,No,No,No,One year,No,Electronic check,62.56,154.35,No
8982-MGLFP,Female,0,No,No,3,Yes,No,Fiber optic,Yes,No,No,No,No,Yes,Month-to-month,No,Mailed check,80.04,228.63,No
8983-DPGIN,Male,1,No,No,11,Yes,No,No,No internet service,No internet service,No internet service,No internet service,No internet service,No internet service,Two year,No,Mailed check,18.48,179.65,No
8984-KJJNG,Male,1,No,No,34,Yes,Yes,Fiber optic,No,No,Yes,No,No,Yes,Two year,Yes,Mailed check,68.91,2322.68,No
8985-AJIMD,Male,1,Yes,Yes,26,Yes,Yes,DSL,Yes,No,No,Yes,Yes,Yes,Month-to-month,No,Credit card (automatic),54.32,1358.03,No
8986-OCDDM,Female,0,Yes,Yes,72,Yes,No,No,No internet service,No internet service,No internet service,No internet service,No internet service,No internet service,Month-to-month,Yes,Credit card (automatic),18.0,1298.98,No
8987-JKBNL,Male,0,Yes,No,0,Yes,No,Fiber optic,No,Yes,No,No,No,No,One year,No,Credit card (automatic),90.09,90.36,Yes
8988-NALJL,Female,0,Yes,No,9,Yes,No,DSL,No,No,Yes,No,No,No,Month-to-month,No,Bank transfer (automatic),49.61,349.78,Yes
8989-AMNHN,Female,0,No,No,3,No,No phone service,Fiber optic,Yes,Yes,No,No,No,Yes,Month-to-month,No,Electronic check,83.53,297.58,No
8990-BLJEL,Female,0,No,No,0,Yes,No,DSL,Yes,No,No,Yes,Yes,Yes,Month-to-month,Yes,Electronic check,46.04,0.0,No
8991-PDHBJ,Female,0,Yes,No,6,Yes,No,Fiber optic,No,No,No,Yes,Yes,No,Two year,Yes,Bank transfer (automatic),83.55,448.84,Yes
8992-IGOMG,Male,0,No,No,5,Yes,No,No,No internet service,No internet service,No internet service,No internet service,No internet service,No internet service,Month-to-month,Yes,Bank transfer (automatic),31.67,177.53,No
8993-ANPLB,Male,0,No,No,10,Yes,No,Fiber optic,Yes,No,Yes,No,No,No,Month-to-month,No,Bank transfer (automatic),82.06,823.88,Yes
8994-DDKNC,Female,0,No,Yes,3,Yes,Yes,Fiber optic,No,No,No,Yes,Yes,Yes,Two year,Yes,Bank transfer (automatic),78.96,217.45,No
8995-GLHBP,Male,0,No,No,13,Yes,No,DSL,Yes,No,No,Yes,Yes,Yes,Month-to-month,Yes,Credit card (automatic),49.1,658.08,No
8996-DNPCB,Female,0,No,No,50,Yes,No,DSL,No,No,No,No,No,No,Month-to-month,Yes,Bank transfer (automatic),57.55,2882.54,No
8997-LMNFM,Male,0,Yes,Yes,27,Yes,Yes,No,No internet service,No internet service,No internet service,No internet service,No internet service,No internet service,Two year,Yes,Electronic check,34.51,957.07,No
8998-PDFBL,Male,0,No,No,36,Yes,No,Fiber optic,No,Yes,Yes,Yes,No,No,One year,Yes,Electronic check,80.34,2901.49,No
8999-DKFNE,Male,0,No,No,32,Yes,No,Fiber optic,No,Yes,No,No,Yes,No,Month-to-month,No,Mailed check,84.18,2611.92,No
9000-CHGPP,Male,1,No,No,9,Yes,No,Fiber optic,Yes,No,Yes,Yes,Yes,No,Two year,Yes,Bank transfer (automatic),65.47,509.62,Yes
9001-CFDKE,Male,0,Yes,Yes,24,Yes,No,DSL,Yes,No,No,No,Yes,No,Two year,Yes,Electronic check,48.65,1145.88,No
9002-KEPGK,Male,0,Yes,No,28,No,No phone service,No,No internet service,No internet service,No internet service,No internet service,No internet service,No internet service,Two year,Yes,Electronic check,19.71,522.41,No
9003-EKOPC,Female,0,Yes,Yes,4,Yes,Yes,DSL,No,No,No,Yes,Yes,No,Month-to-month,No,Credit card (automatic),58.99,243.72,No
9004-JEGEE,Male,0,Yes,No,39,Yes,Yes,Fiber optic,No,Yes,No,Yes,No,Yes,Month-to-month,No,Mailed check,73.58,2826.03,Yes
9005-IOCMF,Male,1,No,Yes,12,Yes,Yes,No,No internet service,No internet service,No internet service,No internet service,No internet service,No internet service,One year,No,Electronic check,32.18,362.2,Yes
9006-AJEHE,Male,0,No,No,0,Yes,Yes,Fiber optic,No,Yes,No,No,No,Yes,Month-to-month,No,Electronic check,79.5,29.01,Yes
9007-IKFHJ,Female,0,Yes,No,20,Yes,Yes,No,No internet service,No internet service,No internet service,No internet service,No internet service,No internet service,Month-to-month,No,Credit card (automatic),28.21,496.73,No
9008-HMCGN,Male,1,Yes,No,22,Yes,Yes,Fiber optic,No,No,No,No,No,No,Month-to-month,Yes,Credit card (automatic),67.11,1490.58,Yes
9009-GNJLF,Male,0,No,Yes,16,Yes,Yes,Fiber optic,No,No,No,No,Yes,Yes,One year,No,Bank transfer (automatic),73.94,1114.98,No
9010-LGNBI,Male,1,Yes,No,4,Yes,Yes,No,No internet service,No internet service,No internet service,No internet service,No internet service,No internet service,Month-to-month,Yes,Mailed check,35.87,125.33,Yes
9011-JJAAC,Female,0,Yes,No,13,Yes,Yes,No,No internet service,No internet service,No internet service,No internet service,No internet service,No internet service,Month-to-month,Yes,Credit card (automatic),18.0,225.21,No
9012-NOCAL,Male,0,No,No,10,Yes,Yes,Fiber optic,No,Yes,No,Yes,No,Yes,Two year,Yes,Electronic check,81.06,769.39,No
9013-GDJMB,Female,0,Yes,No,72,Yes,No,Fiber optic,No,No,No,No,No,Yes,Month-to-month,Yes,Mailed check,95.44,6913.39,No
9014-JEFID,Female,1,Yes,No,34,Yes,No,Fiber optic,Yes,Yes,Yes,Yes,No,Yes,Month-to-month,Yes,Electronic check,80.23,2820.15,Yes
9015-BECBL,Male,1,Yes,No,28,Yes,Yes,DSL,Yes,Yes,No,Yes,Yes,No,One year,No,Mailed check,56.41,1426.58,No
9016-AJBFH,Male,0,No,No,3,Yes,No,DSL,Yes,No,Yes,No,No,Yes,Month-to-month,Yes,Mailed check,49.95,200.6,No
9017-MCKOI,Female,0,No,No,8,Yes,No,DSL,Yes,No,No,No,Yes,No,One year,No,Credit card (automatic),50.73,458.93,Yes
9018-OLIBH,Female,0,Yes,No,9,Yes,No,No,No internet service,No internet service,No internet service,No internet service,No internet service,No internet service,Month-to-month,No,Mailed check,18.0,162.7,Yes
9019-JKLED,Male,1,Yes,No,13,Yes,No,Fiber optic,Yes,Yes,Yes,No,No,No,Month-to-month,Yes,Credit card (automatic),83.72,1086.62,No
9020-JEDPH,Male,0,No,No,0,Yes,No,No,No internet service,No internet service,No internet service,No internet service,No internet service,No internet service,One year,Yes,Bank transfer (automatic),28.36,0.0,Yes
9021-DMJLM,Female,0,No,Yes,17,Yes,Yes,Fiber optic,No,Yes,Yes,No,Yes,No,Two year,No,Electronic check,90.6,1543.3,No
9022-NPFBE,Female,0,No,No,8,Yes,Yes,Fiber optic,No,No,No,No,Yes,Yes,Month-to-month,Yes,Credit card (automatic),92.47,792.67,Yes
9023-FELBN,Female,0,No,No,16,No,No phone service,DSL,No,No,Yes,No,Yes,No,One year,No,Bank transfer (automatic),53.13,814.42,No
9024-GDHGG,Female,0,No,Yes,0,Yes,No,Fiber optic,Yes,No,No,Yes,No,No,Month-to-month,Yes,Bank transfer (automatic),92.93,0.0,Yes
9025-IAJFF,Male,0,No,No,7,Yes,Yes,No,No internet service,No internet service,No internet service,No internet service,No internet service,No internet service,Month-to-month,Yes,Electronic check,21.8,212.54,Yes
9026-FMLFL,Female,1,No,Yes,29,Yes,No,No,No internet service,No internet service,No internet service,No internet service,No internet service,No internet service,Month-to-month,No,Bank transfer (automatic),18.0,550.24,No
9027-JGNJF,Male,0,No,No,13,Yes,No,Fiber optic,Yes,No,No,No,No,No,Two year,No,Electronic check,81.33,1058.56,No
9028-ACBFH,Female,0,No,No,31,Yes,Yes,Fiber optic,No,No,No,No,Yes,No,Month-to-month,Yes,Electronic check,66.73,2127.45,Yes
9029-CJHHE,Female,0,Yes,No,24,Yes,No,Fiber optic,Yes,Yes,No,No,Yes,No,Month-to-month,No,Electronic check,90.61,2146.98,No
9030-HFEIN,Male,0,No,No,38,Yes,No,DSL,No,No,No,No,No,Yes,One year,Yes,Mailed check,49.49,1916.92,No
9031-GHAKB,Male,1,No,No,0,No,No phone service,DSL,No,No,No,No,Yes,No,Month-to-month,No,Credit card (automatic),52.46,69.9,No
9032-HLIDP,Male,0,No,No,6,Yes,Yes,Fiber optic,No,No,Yes,No,Yes,No,Month-to-month,Yes,Bank transfer (automatic),102.6,632.85,No
9033-LPJKJ,Male,0,Yes,No,15,Yes,No,DSL,No,No,No,No,Yes,Yes,Month-to-month,No,Electronic check,51.45,726.85,Yes
9034-NIDJP,Female,0,No,No,56,Yes,Yes,No,No internet service,No internet service,No internet service,No internet service,No internet service,No internet service,Two year,Yes,Credit card (automatic),22.97,1227.78,No
9035-JJIKG,Male,0,No,No,22,Yes,No,Fiber optic,Yes,Yes,Yes,No,Yes,Yes,Month-to-month,No,Mailed check,87.38,1894.09,No
9036-BIDHN,Male,1,Yes,No,12,Yes,Yes,DSL,No,No,No,No,No,Yes,Two year,No,Electronic check,51.88,654.27,No
9037-GMOPG,Male,0,No,No,2,Yes,No,No,No internet service,No internet service,No internet service,No internet service,No internet service,No internet service,Month-to-month,No,Electronic check,18.0,62.68,No
9038-HAEBB,Female,1,No,No,13,Yes,Yes,Fiber optic,No,Yes,No,No,Yes,No,Month-to-month,No,Bank transfer (automatic),97.66,1268.34,Yes
9039-OAEBD,Female,0,Yes,No,11,No,No phone service,DSL,No,No,Yes,Yes,Yes,No,Two year,No,Bank transfer (automatic),65.38,729.34,No
9040-CCBMF,Male,0,Yes,No,30,Yes,No,No,No internet service,No internet service,No internet service,No internet service,No internet service,No internet service,One year,No,Electronic check,20.43,657.2,No
9041-BNNHH,Female,0,No,Yes,10,Yes,Yes,Fiber optic,No,Yes,No,No,No,Yes,Month-to-month,No,Electronic check,93.75,912.0,No
9042-MNLEJ,Female,0,No,No,7,Yes,Yes,Fiber optic,No,No,No,No,No,No,Month-to-month,Yes,Electronic check,68.18,367.17,Yes
9043-GDAKB,Male,0,Yes,No,1,Yes,Yes,No,No internet service,No internet service,No internet service,No internet service,No internet service,No internet service,Month-to-month,No,Credit card (automatic),25.37,134.0,No
9044-JJDAO,Female,0,Yes,No,0,No,No phone service,DSL,No,No,Yes,No,Yes,Yes,One year,Yes,Credit card (automatic),56.45,51.8,No
9045-MHIDJ,Male,0,Yes,No,11,Yes,Yes,No,No internet service,No internet service,No internet service,No internet service,No internet service,No internet service,One year,No,Bank transfer (automatic),34.15,412.8,No
9046-CBENC,Male,0,Yes,No,8,Yes,Yes,Fiber optic,Yes,No,No,Yes,Yes,No,Month-to-month,No,Electronic check,78.41,708.84,No
9047-JGKFP,Male,0,Yes,No,16,Yes,No,DSL,No,Yes,No,No,No,Yes,Two year,No,Mailed check,49.91,837.08,No
9048-ALHBE,Female,0,No,No,24,Yes,Yes,Fiber optic,No,No,No,No,No,No,Month-to-month,No,Credit card (automatic),80.63,1910.34,No
9049-IHBIP,Male,0,No,Yes,0,Yes,No,No,No internet service,No internet service,No internet service,No internet service,No internet service,No internet service,Month-to-month,Yes,Credit card (automatic),20.83,86.35,Yes
9050-EJNFM,Female,0,No,Yes,13,Yes,No,No,No internet service,No internet service,No internet service,No internet service,No internet service,No internet service,Month-to-month,No,Credit card (automatic),19.02,169.69,No
9051-CMCJH,Female,0,Yes,No,39,Yes,No,Fiber optic,No,No,Yes,No,Yes,Yes,Two year,Yes,Bank transfer (automatic),87.82,3373.88,No
9052-KJJOL,Female,0,No,Yes,12,Yes,Yes,DSL,No,No,No,No,Yes,No,Month-to-month,Yes,Mailed check,46.62,572.02,No
9053-BKLLB,Female,0,Yes,Yes,14,Yes,No,DSL,Yes,No,No,No,No,No,One year,No,Credit card (automatic),49.05,726.57,No
9054-MEFLB,Male,0,No,No,13,Yes,No,Fiber optic,No,No,Yes,No,Yes,Yes,Two year,No,Credit card (automatic),89.77,1157.41,No
9055-OEGJJ,Male,0,No,Yes,9,Yes,Yes,Fiber optic,No,No,No,No,Yes,Yes,One year,No,Electronic check,95.03,862.16,Yes
9056-HLPGH,Female,0,No,Yes,2,Yes,No,No,No internet service,No internet service,No internet service,No internet service,No internet service,No internet service,One year,No,Bank transfer (automatic),26.96,39.0,No
9057-NLIPO,Male,1,Yes,No,2,No,No phone service,Fiber optic,No,Yes,No,No,No,No,Month-to-month,Yes,Credit card (automatic),69.78,116.23,No
9058-EMEKJ,Female,0,No,No,3,Yes,Yes,DSL,No,Yes,Yes,No,No,No,One year,Yes,Credit card (automatic),55.2,165.44,No
9059-DMIEN,Female,0,No,No,31,Yes,No,DSL,Yes,No,No,No,No,No,Month-to-month,Yes,Bank transfer (automatic),60.99,1770.2,No
9060-BOJHO,Male,0,No,No,6,Yes,No,DSL,No,Yes,No,No,Yes,No,Two year,Yes,Mailed check,45.03,249.63,No
9061-GHLPC,Female,0,No,No,59,Yes,No,DSL,Yes,Yes,No,No,No,No,Month-to-month,Yes,Bank transfer (automatic),57.75,3347.93,No
9062-OOPDE,Male,0,No,Yes,33,No,No phone service,Fiber optic,No,Yes,Yes,Yes,Yes,No,Month-to-month,No,Mailed check,73.27,2445.13,No
9063-FADKL,Female,0,Yes,No,23,Yes,No,DSL,No,Yes,No,No,No,No,Month-to-month,Yes,Electronic check,54.34,1308.95,No
9064-JMEGM,Female,0,No,No,25,Yes,Yes,No,No internet service,No internet service,No internet service,No internet service,No internet service,No internet service,Month-to-month,No,Electronic check,34.57,778.52,No
9065-EPMMA,Female,0,Yes,No,0,Yes,No,Fiber optic,No,No,No,Yes,No,No,Month-to-month,Yes,Mailed check,80.11,0.0,No
9066-KGHMG,Female,0,Yes,No,16,Yes,Yes,No,No internet service,No internet service,No internet service,No internet service,No internet service,No internet service,Two year,No,Mailed check,26.0,464.1,No
9067-KPNMO,Male,0,Yes,No,56,Yes,No,Fiber optic,No,No,No,Yes,No,No,Two year,Yes,Mailed check,83.91,4684.36,No
9068-DHPOE,Female,0,No,No,0,Yes,No,Fiber optic,No,No,No,No,Yes,No,One year,No,Electronic check,92.53,89.19,Yes
9069-JILLJ,Female,0,Yes,No,6,Yes,Yes,Fiber optic,No,No,No,No,Yes,No,Month-to-month,Yes,Bank transfer (automatic),100.55,747.79,Yes
9070-EPPAL,Male,0,No,No,1,Yes,Yes,No,No internet service,No internet service,No internet service,No internet service,No internet service,No internet service,Month-to-month,No,Bank transfer (automatic),18.0,74.89,Yes
9071-ILEFD,Female,0,No,No,16,Yes,No,No,No internet service,No internet service,No internet service,No internet service,No internet service,No internet service,Two year,No,Credit card (automatic),18.0,260.73,No
9072-FLHCE,Female,0,No,No,2,Yes,No,Fiber optic,No,No,No,No,No,No,Month-to-month,No,Bank transfer (automatic),83.5,126.01,Yes
9073-BNBMG,Female,1,No,No,13,Yes,Yes,Fiber optic,No,No,Yes,No,Yes,No,One year,Yes,Bank transfer (automatic),92.27,1184.02,No
9074-JMPJN,Female,0,No,Yes,25,Yes,No,DSL,No,No,No,Yes,No,Yes,Month-to-month,No,Electronic check,52.93,1393.65,No
9075-KJFDE,Female,0,Yes,No,3,Yes,No,Fiber optic,No,No,Yes,Yes,No,No,Two year,No,Electronic check,106.52,282.31,No
9076-AGHIH,Female,0,Yes,Yes,28,Yes,No,No,No internet service,No internet service,No internet service,No internet service,No internet service,No internet service,Month-to-month,No,Electronic check,18.0,491.05,No
9077-EPCJK,Male,0,No,Yes,1,Yes,No,DSL,No,Yes,No,No,No,Yes,Month-to-month,Yes,Credit card (automatic),58.82,68.63,No
9078-IOFOE,Female,1,No,No,3,Yes,No,Fiber optic,Yes,No,No,Yes,No,Yes,One year,No,Mailed check,84.7,188.75,No
9079-MCFCJ,Male,0,Yes,No,6,No,No phone service,Fiber optic,No,No,No,Yes,No,No,Month-to-month,Yes,Mailed check,86.24,538.88,Yes
9080-LFDOB,Female,0,No,No,31,Yes,Yes,No,No internet service,No internet service,No internet service,No internet service,No internet service,No internet service,One year,Yes,Bank transfer (automatic),23.46,726.39,No
9081-PHDIG,Male,0,No,No,37,No,No phone service,DSL,Yes,Yes,No,Yes,Yes,Yes,Month-to-month,No,Electronic check,62.86,2299.46,No
9082-LBDEC,Male,0,No,Yes,4,Yes,Yes,DSL,No,No,No,Yes,Yes,No,Month-to-month,No,Electronic check,47.66,160.95,Yes
9083-IMEBK,Male,0,No,No,2,Yes,Yes,DSL,Yes,No,No,No,No,No,Month-to-month,Yes,Electronic check,43.38,43.04,No
9084-CNOIG,Male,0,No,No,37,Yes,No,DSL,No,Yes,Yes,No,No,No,Month-to-month,Yes,Electronic check,34.52,1357.12,Yes
9085-BINDM,Female,0,Yes,No,20,Yes,Yes,Fiber optic,No,No,No,No,No,Yes,Two year,No,Electronic check,78.86,1562.94,Yes
9086-IOMBO,Female,0,Yes,No,3,Yes,No,DSL,Yes,No,No,No,No,Yes,Two year,No,Credit card (automatic),70.24,204.26,No
9087-LJPLD,Female,0,No,No,16,Yes,Yes,Fiber optic,No,Yes,No,No,Yes,No,One year,No,Mailed check,75.76,1257.93,No
9088-EBJAG,Male,0,Yes,No,41,Yes,Yes,No,No internet service,No internet service,No internet service,No internet service,No internet service,No internet service,Two year,No,Bank transfer (automatic),18.0,756.86,No
9089-PJAPK,Male,0,Yes,No,1,Yes,No,DSL,Yes,Yes,Yes,No,Yes,No,Month-to-month,Yes,Bank transfer (automatic),63.28,61.53,No
9090-KHCNJ,Male,0,No,Yes,1,Yes,No,DSL,No,Yes,No,No,Yes,No,Month-to-month,Yes,Mailed check,43.42,62.26,Yes
9091-FGJAN,Male,0,Yes,No,6,Yes,No,No,No internet service,No internet service,No internet service,No internet service,No internet service,No internet service,One year,Yes,Credit card (automatic),18.0,48.3,No
9092-FGFDA,Male,0,Yes,No,21,Yes,No,Fiber optic,No,Yes,No,No,No,No,Month-to-month,Yes,Credit card (automatic),83.59,1780.9,Yes
9093-KIDGG,Male,0,Yes,No,3,Yes,No,DSL,No,No,Yes,No,Yes,No,Month-to-month,Yes,Bank transfer (automatic),45.55,98.65,Yes
9094-BAHHG,Male,0,Yes,No,33,Yes,No,DSL,Yes,Yes,No,No,Yes,No,One year,Yes,Electronic check,50.86,1732.31,No
9095-NOOOO,Female,0,Yes,No,27,Yes,Yes,No,No internet service,No internet service,No internet service,No internet service,No internet service,No internet service,One year,Yes,Credit card (automatic),35.09,956.68,No
9096-HPCKB,Male,1,No,No,16,Yes,Yes,DSL,No,No,Yes,Yes,No,No,Month-to-month,No,Electronic check,62.46,1008.99,No
9097-GHALJ,Female,0,No,No,2,Yes,No,Fiber optic,No,Yes,Yes,Yes,No,No,Two year,Yes,Bank transfer (automatic),91.0,195.0,Yes
9098-PIOMO,Female,0,Yes,No,72,Yes,No,DSL,Yes,No,No,No,Yes,Yes,Two year,Yes,Mailed check,40.83,2901.92,No
9099-KDPPN,Male,0,Yes,No,13,Yes,Yes,Fiber optic,Yes,Yes,No,No,Yes,No,Month-to-month,Yes,Electronic check,88.44,1154.41,Yes
9100-LNDCF,Male,0,Yes,Yes,12,Yes,Yes,No,No internet service,No internet service,No internet service,No internet service,No internet service,No internet service,One year,Yes,Credit card (automatic),32.25,449.58,No
9101-AFBIB,Male,0,No,No,72,No,No phone service,DSL,Yes,No,Yes,Yes,No,No,Month-to-month,No,Credit card (automatic),51.12,3634.28,No
9102-GLALG,Male,0,Yes,Yes,39,No,No phone service,DSL,No,Yes,No,No,No,No,Two year,Yes,Credit card (automatic),52.73,2091.91,No
9103-EHDOL,Female,0,No,Yes,12,Yes,No,Fiber optic,Yes,No,No,No,Yes,Yes,Month-to-month,Yes,Electronic check,66.09,860.7,No
9104-OJGFE,Male,0,Yes,No,10,Yes,No,Fiber optic,Yes,Yes,Yes,No,No,No,Two year,No,Electronic check,98.13,1062.66,No
9105-DOGLP,Female,0,No,No,2,Yes,No,DSL,No,No,No,Yes,No,Yes,Two year,Yes,Credit card (automatic),64.95,147.03,No
9106-EEOAB,Male,0,Yes,No,52,Yes,No,Fiber optic,No,No,No,No,Yes,Yes,One year,No,Electronic check,83.57,4336.39,No
9107-EMCNM,Female,0,Yes,Yes,37,Yes,No,Fiber optic,No,No,No,No,No,Yes,Two year,Yes,Bank transfer (automatic),86.4,3282.76,No
9108-BNNDD,Female,0,Yes,No,7,Yes,No,DSL,No,No,No,No,No,No,Month-to-month,Yes,Mailed check,57.26,370.48,Yes
9109-DDCML,Female,0,No,No,27,Yes,Yes,Fiber optic,Yes,Yes,No,No,No,No,Two year,Yes,Electronic check,90.11,2436.92,No
9110-GILED,Female,0,Yes,No,28,Yes,No,No,No internet service,No internet service,No internet service,No internet service,No internet service,No internet service,One year,Yes,Credit card (automatic),20.12,571.51,No
9111-KBBEG,Female,0,Yes,No,5,Yes,Yes,DSL,Yes,No,No,Yes,Yes,No,Month-to-month,Yes,Electronic check,56.65,291.76,No
9112-JPJIM,Male,0,No,No,19,Yes,Yes,Fiber optic,Yes,Yes,No,Yes,Yes,No,Month-to-month,Yes,Bank transfer (automatic),75.62,1378.06,No
9113-GEJJJ,Male,0,Yes,Yes,5,Yes,No,DSL,Yes,No,Yes,No,No,No,Month-to-month,Yes,Electronic check,58.88,304.1,No
9114-FKLPC,Male,1,Yes,No,31,Yes,No,DSL,No,Yes,No,No,No,No,Two year,No,Mailed check,65.78,2025.28,No
9115-EHALA,Female,0,No,No,3,Yes,Yes,DSL,Yes,No,No,No,No,Yes,Two year,Yes,Electronic check,51.33,132.44,No
9116-GNENE,Male,1,No,No,22,Yes,No,Fiber optic,Yes,No,Yes,No,Yes,Yes,Two year,Yes,Bank transfer (automatic),87.35,1915.71,No
9117-AIAEJ,Female,0,No,No,7,Yes,No,DSL,No,No,Yes,Yes,No,No,Month-to-month,No,Credit card (automatic),53.95,369.94,No
9118-INODM,Female,0,Yes,No,0,Yes,No,Fiber optic,No,No,No,No,No,No,Month-to-month,Yes,Credit card (automatic),78.67,0.0,Yes
9119-HFKOC,Male,1,Yes,No,2,Yes,No,No,No internet service,No internet service,No internet service,No internet service,No internet service,No internet service,One year,Yes,Bank transfer (automatic),25.78,119.76,No
9120-DBAMN,Female,0,Yes,No,21,Yes,No,DSL,Yes,No,No,Yes,Yes,No,One year,No,Bank transfer (automatic),54.51,1115.76,No
9121-HANMK,Male,1,No,Yes,5,Yes,No,Fiber optic,No,No,Yes,No,Yes,No,Month-to-month,Yes,Credit card (automatic),85.77,417.17,Yes
9122-ADJLJ,Female,0,No,Yes,19,Yes,No,DSL,Yes,Yes,Yes,No,No,Yes,One year,No,Mailed check,73.21,1384.65,No
9123-OFIAG,Male,1,No,No,10,Yes,No,DSL,No,Yes,Yes,Yes,No,Yes,One year,Yes,Mailed check,63.03,562.18,No
9124-JKELO,Female,0,Yes,Yes,23,No,No phone service,DSL,No,No,Yes,No,Yes,No,One year,Yes,Credit card (automatic),43.31,932.5,No
9125-PHNGD,Male,0,No,Yes,13,Yes,No,Fiber optic,No,No,No,No,No,Yes,One year,Yes,Bank transfer (automatic),79.34,999.03,No
9126-DFFIL,Male,1,Yes,No,7,Yes,Yes,DSL,Yes,Yes,Yes,Yes,Yes,Yes,One year,No,Electronic check,50.92,353.93,No
9127-EHEBO,Female,0,Yes,Yes,3,Yes,No,Fiber optic,No,No,No,No,No,No,Month-to-month,Yes,Bank transfer (automatic),79.62,240.1,No
9128-FIMCP,Female,0,No,No,8,Yes,Yes,DSL,No,No,Yes,No,No,No,Two year,Yes,Electronic check,51.08,332.54,No
9129-AAMCJ,Female,0,Yes,No,20,Yes,No,Fiber optic,No,No,No,No,Yes,Yes,Month-to-month,No,Credit card (automatic),92.82,1789.32,No
9130-ECIHC,Male,0,Yes,No,26,Yes,No,Fiber optic,No,No,No,No,No,No,One year,Yes,Bank transfer (automatic),93.72,2435.3,No
9131-IOMFM,Male,1,Yes,No,3,Yes,No,DSL,No,No,No,No,Yes,No,Month-to-month,No,Credit card (automatic),69.56,141.5,Yes
9132-GDDLM,Female,0,No,No,21,Yes,No,Fiber optic,Yes,Yes,No,No,No,No,One year,No,Electronic check,89.8,1806.47,No
9133-BEHGP,Male,0,Yes,No,3,Yes,No,DSL,No,No,No,No,Yes,No,Two year,Yes,Credit card (automatic),64.36,263.15,Yes
9134-GFCEM,Male,0,Yes,No,5,Yes,Yes,DSL,Yes,Yes,Yes,No,No,No,Month-to-month,Yes,Bank transfer (automatic),63.61,351.17,Yes
9135-AGIAM,Female,0,No,No,15,Yes,Yes,No,No internet service,No internet service,No internet service,No internet service,No internet service,No internet service,Two year,No,Credit card (automatic),18.0,238.41,No
9136-BCCHG,Male,0,Yes,No,6,Yes,No,DSL,No,No,No,Yes,Yes,No,Month-to-month,No,Mailed check,49.29,393.67,Yes
9137-FOJJK,Male,0,Yes,No,21,Yes,No,No,No internet service,No internet service,No internet service,No internet service,No internet service,No internet service,Month-to-month,Yes,Electronic check,36.54,759.96,No
9138-DIAKO,Male,0,No,No,62,Yes,Yes,DSL,Yes,Yes,Yes,No,Yes,No,Two year,Yes,Electronic check,65.35,4071.89,No
9139-BONDC,Female,0,No,No,3,Yes,No,Fiber optic,No,No,Yes,Yes,Yes,No,One year,Yes,Electronic check,72.05,223.8,Yes
9140-AEGBE,Male,1,Yes,No,16,Yes,Yes,DSL,Yes,No,No,Yes,Yes,Yes,Month-to-month,No,Mailed check,53.23,878.57,No
9141-FKGAG,Female,0,No,No,51,Yes,No,Fiber optic,No,Yes,Yes,No,No,No,Two year,Yes,Electronic check,98.71,5128.6,No
9142-DHMDF,Male,0,Yes,No,3,Yes,No,Fiber optic,No,Yes,No,No,Yes,Yes,One year,Yes,Mailed check,94.89,253.54,Yes
9143-IENLD,Male,0,No,Yes,9,Yes,No,DSL,Yes,Yes,Yes,No,Yes,No,Month-to-month,Yes,Bank transfer (automatic),51.28,539.28,No
9144-HMIDC,Male,0,Yes,No,2,Yes,Yes,Fiber optic,Yes,Yes,Yes,No,Yes,No,Two year,Yes,Mailed check,88.86,227.93,No
9145-HNEBJ,Male,0,Yes,Yes,20,Yes,No,DSL,Yes,Yes,No,No,No,No,Month-to-month,No,Electronic check,49.49,990.78,No
9146-ICLBA,Male,0,Yes,No,22,Yes,No,No,No internet service,No internet service,No internet service,No internet service,No internet service,No internet service,Month-to-month,No,Mailed check,18.0,427.27,No
9147-NHKCG,Female,0,No,No,21,Yes,No,Fiber optic,Yes,No,No,Yes,Yes,No,Two year,Yes,Credit card (automatic),95.67,2014.46,Yes
9148-AAOPL,Male,0,No,Yes,15,Yes,No,Fiber optic,No,Yes,No,No,Yes,No,One year,Yes,Mailed check,82.05,1283.14,Yes
9149-IOLHL,Male,0,No,No,27,No,No phone service,No,No internet service,No internet service,No internet service,No internet service,No internet service,No internet service,One year,No,Mailed check,25.69,708.83,No
9150-MCFKC,Male,0,No,Yes,0,Yes,Yes,DSL,No,No,No,No,Yes,Yes,Two year,No,Bank transfer (automatic),67.86,58.62,No
9151-MLDAE,Male,0,Yes,No,63,Yes,Yes,DSL,No,No,No,No,Yes,No,Two year,No,Bank transfer (automatic),58.61,3657.52,Yes
9152-AMAJO,Female,0,Yes,No,5,Yes,Yes,DSL,No,Yes,No,Yes,No,Yes,Month-to-month,Yes,Electronic check,53.37,236.87,No
9153-KKPNG,Male,1,No,Yes,2,Yes,Yes,DSL,No,No,No,No,Yes,No,Two year,Yes,Electronic check,76.24,95.34,No
9154-LFBPN,Male,0,No,No,56,Yes,No,DSL,Yes,Yes,No,No,Yes,Yes,Month-to-month,Yes,Mailed check,60.46,3340.62,No
9155-PKLBK,Male,1,No,No,35,Yes,Yes,Fiber optic,No,No,No,No,No,Yes,Month-to-month,No,Mailed check,75.5,2723.89,No
9156-GAMBL,Male,0,Yes,No,28,Yes,No,Fiber optic,No,No,No,No,No,No,Two year,Yes,Electronic check,88.28,2431.6,Yes
9157-HFONB,Female,0,Yes,No,2,Yes,No,DSL,No,No,Yes,Yes,No,Yes,One year,No,Mailed check,67.26,128.64,No
9158-GDBLF,Female,0,Yes,No,32,Yes,Yes,DSL,Yes,No,No,No,No,No,Month-to-month,Yes,Electronic check,58.03,1863.24,No
9159-KOIKI,Male,1,Yes,Yes,18,Yes,No,DSL,No,Yes,Yes,No,Yes,No,One year,Yes,Mailed check,64.72,1259.46,No
9160-NHOCC,Male,0,Yes,No,26,Yes,Yes,DSL,No,No,No,No,Yes,Yes,Month-to-month,Yes,Bank transfer (automatic),55.67,1486.86,No
9161-BENLN,Male,1,Yes,Yes,72,Yes,Yes,Fiber optic,No,Yes,No,No,No,No,Month-to-month,Yes,Mailed check,85.38,6110.35,No
9162-DGDPI,Male,0,No,No,4,Yes,No,Fiber optic,No,No,No,No,No,No,Two year,No,Credit card (automatic),81.9,331.03,No
9163-LLBKN,Male,0,Yes,Yes,14,Yes,Yes,DSL,No,No,No,No,No,Yes,Two year,Yes,Credit card (automatic),41.39,509.45,No
9164-FOGPD,Female,1,Yes,No,27,Yes,No,No,No internet service,No internet service,No internet service,No internet service,No internet service,No internet service,Two year,Yes,Credit card (automatic),19.75,589.54,No
9165-MFGDO,Female,1,No,Yes,11,No,No phone service,Fiber optic,No,No,Yes,No,Yes,No,One year,Yes,Electronic check,92.23,998.24,Yes
9166-HIAGI,Male,0,Yes,No,1,Yes,No,Fiber optic,Yes,Yes,No,No,No,No,Month-to-month,Yes,Mailed check,83.39,6.27,No
9167-OLJEL,Male,0,No,No,2,Yes,Yes,DSL,No,Yes,No,No,Yes,Yes,Two year,Yes,Mailed check,48.06,116.08,No
9168-BJFLL,Male,0,Yes,No,18,Yes,Yes,DSL,No,Yes,No,No,No,No,Month-to-month,Yes,Credit card (automatic),66.84,1291.71,Yes
9169-GBBJO,Female,0,No,No,6,Yes,No,Fiber optic,No,No,Yes,No,No,Yes,Month-to-month,Yes,Mailed check,73.18,404.68,No
9170-NLJAD,Male,0,No,No,2,Yes,Yes,No,No internet service,No internet service,No internet service,No internet service,No internet service,No internet service,Two year,Yes,Electronic check,18.0,10.65,Yes
9171-GNIOC,Male,0,No,Yes,8,Yes,Yes,Fiber optic,Yes,No,No,No,No,No,Two year,No,Mailed check,73.94,578.07,No
9172-LKGGG,Female,0,No,No,4,No,No phone service,DSL,No,Yes,No,No,No,No,One year,Yes,Electronic check,53.95,211.42,No
9173-BFBFM,Female,0,Yes,No,0,Yes,No,DSL,Yes,No,No,No,Yes,No,Month-to-month,No,Credit card (automatic),54.95,0.0,Yes
9174-JCNBL,Male,1,Yes,Yes,3,Yes,No,Fiber optic,No,No,No,Yes,No,No,Month-to-month,No,Mailed check,88.25,297.62,Yes
9175-ONFBE,Male,0,No,No,42,Yes,Yes,Fiber optic,No,No,Yes,Yes,Yes,No,Month-to-month,No,Bank transfer (automatic),103.91,4381.14,Yes
9176-BPCCF,Male,0,No,No,0,Yes,No,DSL,Yes,Yes,Yes,Yes,No,Yes,One year,Yes,Electronic check,44.22,29.79,No
9177-FJCCM,Male,1,No,Yes,29,Yes,No,Fiber optic,No,Yes,Yes,Yes,Yes,No,One year,Yes,Mailed check,75.4,2192.24,No
9178-LMPAG,Female,0,Yes,Yes,28,Yes,Yes,Fiber optic,No,No,No,Yes,Yes,No,Two year,Yes,Mailed check,77.66,2206.45,No
9179-MHBDJ,Female,0,No,No,16,Yes,No,Fiber optic,Yes,No,No,Yes,No,No,One year,Yes,Bank transfer (automatic),94.36,1477.41,No
9180-GHADF,Male,0,No,No,4,Yes,Yes,Fiber optic,No,No,No,Yes,No,No,One year,Yes,Credit card (automatic),79.76,345.18,Yes
9181-CEPJI,Female,0,No,No,42,Yes,No,Fiber optic,No,Yes,No,Yes,No,Yes,Two year,Yes,Bank transfer (automatic),63.86,2706.21,No
9182-KMCEH,Male,0,No,No,12,No,No phone service,DSL,Yes,No,No,Yes,No,No,One year,No,Mailed check,52.9,734.68,No
9183-FDHKC,Female,0,No,Yes,3,No,No phone service,Fiber optic,No,No,No,Yes,Yes,Yes,Two year,Yes,Credit card (automatic),78.99,159.47,No
9184-CDIEH,Male,0,Yes,No,11,Yes,Yes,No,No internet service,No internet service,No internet service,No internet service,No internet service,No internet service,Two year,No,Mailed check,18.0,190.69,No
9185-PFCOH,Male,0,Yes,No,4,No,No phone service,No,No internet service,No internet service,No internet service,No internet service,No internet service,No internet service,Month-to-month,Yes,Mailed check,21.07,93.5,No
9186-LIHMD,Female,1,No,Yes,9,Yes,No,DSL,Yes,No,Yes,Yes,No,No,Two year,No,Bank transfer (automatic),62.98,665.01,No
9187-NNMKF,Female,0,Yes,Yes,13,Yes,No,Fiber optic,No,No,No,Yes,No,No,Month-to-month,No,Mailed check,95.75,1294.39,No
9188-ADHAC,Female,0,No,No,8,Yes,Yes,No,No internet service,No internet service,No internet service,No internet service,No internet service,No internet service,Two year,Yes,Mailed check,18.0,114.61,No
9189-AIBIM,Female,0,Yes,Yes,21,No,No phone service,Fiber optic,Yes,Yes,No,No,No,Yes,One year,No,Electronic check,94.46,2086.23,No
9190-DBDLK,Female,0,Yes,No,54,Yes,No,DSL,No,Yes,No,No,No,No,One year,Yes,Bank transfer (automatic),62.62,3440.04,No
9191-KJFOK,Male,0,Yes,No,8,No,No phone service,No,No internet service,No internet service,No internet service,No internet service,No internet service,No internet service,Month-to-month,No,Electronic check,18.0,252.41,No
9192-GCCLJ,Male,0,Yes,No,8,Yes,No,DSL,No,No,Yes,No,No,No,Month-to-month,Yes,Electronic check,59.63,539.44,No
9193-LHEDG,Female,0,Yes,No,26,Yes,No,DSL,No,Yes,No,No,Yes,No,Month-to-month,No,Electronic check,49.71,1308.48,No
9194-GMIIE,Male,0,Yes,Yes,15,Yes,No,Fiber optic,Yes,No,Yes,No,No,No,Two year,Yes,Bank transfer (automatic),66.99,1105.28,Yes
9195-MLMHJ,Male,0,No,No,11,Yes,No,DSL,No,No,Yes,No,No,Yes,Month-to-month,Yes,Electronic check,53.47,487.15,No
9196-AIHFP,Male,0,No,No,33,Yes,Yes,DSL,Yes,Yes,Yes,No,Yes,Yes,One year,Yes,Credit card (automatic),53.93,1795.76,No
9197-PMCCH,Male,0,No,No,44,Yes,No,Fiber optic,Yes,No,Yes,No,Yes,Yes,Two year,Yes,Bank transfer (automatic),70.37,3067.32,No
9198-EJKNG,Female,0,No,No,17,Yes,Yes,Fiber optic,Yes,Yes,No,No,No,Yes,Month-to-month,Yes,Mailed check,88.61,1504.66,No
9199-EHJJD,Male,0,Yes,No,4,Yes,No,No,No internet service,No internet service,No internet service,No internet service,No internet service,No internet service,Two year,No,Bank transfer (automatic),34.22,138.97,No
9200-BCHOK,Male,0,No,Yes,12,Yes,No,Fiber optic,Yes,No,No,No,No,No,Month-to-month,No,Electronic check,89.56,1011.94,Yes
9201-MGMBF,Male,0,No,No,14,Yes,No,No,No internet service,No internet service,No internet service,No internet service,No internet service,No internet service,Month-to-month,Yes,Credit card (automatic),21.46,352.05,Yes
9202-IOPDI,Male,0,Yes,No,11,Yes,Yes,Fiber optic,Yes,No,Yes,No,No,No,Two year,Yes,Electronic check,95.25,1038.06,No
9203-BBPIL,Female,0,No,No,6,No,No phone service,DSL,Yes,No,No,Yes,No,No,One year,Yes,Electronic check,69.28,470.35,No
9204-GGAMK,Male,0,Yes,No,12,Yes,Yes,Fiber optic,No,No,Yes,Yes,No,Yes,Month-to-month,No,Bank transfer (automatic),73.0,827.5,No
9205-FMGKN,Male,1,No,No,11,Yes,No,Fiber optic,No,Yes,Yes,Yes,No,No,Month-to-month,Yes,Electronic check,76.52,747.34,No
9206-FFBPF,Male,1,Yes,No,4,Yes,Yes,Fiber optic,Yes,Yes,Yes,Yes,Yes,Yes,Two year,No,Mailed check,82.46,268.45,No
9207-DIOLA,Female,0,Yes,Yes,46,Yes,No,DSL,No,Yes,No,No,No,Yes,Month-to-month,No,Credit card (automatic),55.15,2566.1,No
9208-MHEAD,Female,0,Yes,No,43,No,No phone service,Fiber optic,No,Yes,No,No,Yes,Yes,Month-to-month,No,Bank transfer (automatic),70.42,3001.09,No
9209-AFBOE,Male,0,Yes,Yes,28,Yes,No,Fiber optic,No,No,No,No,No,No,Two year,No,Electronic check,91.66,2542.66,No
9210-GBFFE,Male,0,No,No,10,Yes,No,DSL,Yes,Yes,No,Yes,No,No,Two year,No,Credit card (automatic),51.12,538.48,Yes
9211-ENCOP,Female,0,No,No,9,Yes,No,No,No internet service,No internet service,No internet service,No internet service,No internet service,No internet service,Two year,No,Mailed check,22.95,188.03,No
9212-JOJKP,Male,0,Yes,Yes,25,Yes,Yes,Fiber optic,No,No,No,No,Yes,No,Month-to-month,No,Mailed check,81.69,2020.76,No
9213-LBGAP,Female,1,Yes,Yes,18,Yes,No,Fiber optic,Yes,Yes,No,No,Yes,Yes,Month-to-month,Yes,Bank transfer (automatic),98.74,1786.3,No
9214-FFCBL,Male,0,Yes,No,18,Yes,Yes,DSL,No,No,Yes,Yes,Yes,No,One year,Yes,Electronic check,50.54,932.64,No
9215-BNMIP,Male,0,No,Yes,2,Yes,No,Fiber optic,Yes,Yes,No,No,No,Yes,Month-to-month,Yes,Bank transfer (automatic),84.22,126.16,Yes
9216-KEGLE,Female,0,Yes,No,19,Yes,No,No,No internet service,No internet service,No internet service,No internet service,No internet service,No internet service,One year,Yes,Bank transfer (automatic),24.36,486.02,No
9217-GMDHM,Male,0,No,Yes,46,No,No phone service,DSL,No,No,No,Yes,No,No,One year,No,Credit card (automatic),53.42,2507.44,No
9218-KNJMK,Male,0,No,Yes,1,Yes,No,Fiber optic,No,No,No,Yes,No,No,Two year,No,Mailed check,81.45,97.28,No
9219-JPGJO,Male,0,No,No,8,Yes,Yes,Fiber optic,No,No,Yes,No,No,Yes,Month-to-month,Yes,Electronic check,95.84,740.11,No
9220-EKFEG,Female,0,No,No,14,Yes,Yes,Fiber optic,No,No,Yes,No,No,No,Month-to-month,Yes,Mailed check,82.83,1170.95,Yes
9221-LBEOP,Female,0,No,No,23,Yes,No,Fiber optic,No,No,No,No,No,No,Month-to-month,Yes,Bank transfer (automatic),82.66,1987.15,No
9222-JPOCI,Male,0,No,No,1,Yes,No,Fiber optic,No,No,Yes,No,No,No,One year,No,Mailed check,84.95,57.77,No
9223-PMFMJ,Male,0,No,No,41,Yes,Yes,Fiber optic,Yes,No,No,No,Yes,Yes,One year,Yes,Electronic check,87.04,3556.05,No
9224-CGDNC,Male,0,No,No,0,Yes,Yes,Fiber optic,Yes,No,No,No,No,No,Month-to-month,Yes,Mailed check,86.14,0.0,No
9225-HPMDK,Male,0,No,Yes,38,Yes,No,DSL,No,Yes,Yes,No,Yes,Yes,Month-to-month,Yes,Electronic check,41.12,1602.71,No
9226-AFJKK,Female,1,No,Yes,0,Yes,No,No,No internet service,No internet service,No internet service,No internet service,No internet service,No internet service,One year,No,Bank transfer (automatic),29.16,25.37,No
9227-AEGOF,Female,0,No,Yes,3,Yes,No,DSL,No,No,Yes,Yes,Yes,No,Two year,Yes,Credit card (automatic),51.21,205.57,No
9228-NBKDK,Female,0,No,No,32,Yes,Yes,Fiber optic,No,No,No,No,No,No,Two year,No,Electronic check,94.32,3039.42,No
9229-OBKAO,Male,0,No,No,39,Yes,Yes,DSL,Yes,Yes,No,No,Yes,No,One year,Yes,Mailed check,57.83,2282.96,No
9230-CCOLG,Male,1,Yes,No,72,Yes,No,No,No internet service,No internet service,No internet service,No internet service,No internet service,No internet service,Two year,No,Mailed check,21.95,1590.25,No
9231-AIKFD,Female,0,Yes,No,2,Yes,No,No,No internet service,No internet service,No internet service,No internet service,No internet service,No internet service,Month-to-month,Yes,Mailed check,18.0,27.51,No
9232-COCBB,Male,0,No,No,14,Yes,Yes,Fiber optic,No,Yes,No,No,No,Yes,Month-to-month,No,Mailed check,77.89,1059.78,Yes
9233-NLMPJ,Male,0,Yes,No,1,Yes,Yes,DSL,No,No,No,Yes,Yes,Yes,Month-to-month,No,Bank transfer (automatic),48.21,7.29,No
9234-EIBBL,Female,1,Yes,Yes,3,Yes,No,Fiber optic,No,Yes,Yes,No,Yes,Yes,Two year,Yes,Mailed check,82.01,205.34,No
9235-FMOJB,Male,0,Yes,No,3,Yes,Yes,DSL,Yes,No,Yes,No,No,No,One year,Yes,Credit card (automatic),45.3,85.25,No
9236-LDFEA,Female,0,No,No,1,Yes,No,Fiber optic,Yes,Yes,No,Yes,No,No,Month-to-month,Yes,Mailed check,85.6,34.74,No
9237-OFPAC,Male,0,No,No,44,Yes,No,No,No internet service,No internet service,No internet service,No internet service,No internet service,No internet service,Month-to-month,Yes,Electronic check,35.43,1650.18,No
9238-JENJM,Male,0,Yes,No,2,Yes,No,Fiber optic,No,Yes,No,No,No,Yes,Month-to-month,No,Credit card (automatic),77.2,204.03,No
9239-EMJFO,Male,0,Yes,No,19,Yes,No,No,No internet service,No internet service,No internet service,No internet service,No internet service,No internet service,Month-to-month,No,Electronic check,31.85,573.32,No
9240-LJHEN,Male,0,No,No,19,Yes,Yes,DSL,Yes,No,No,No,No,No,Month-to-month,No,Bank transfer (automatic),48.12,892.86,No
9241-OKPAP,Male,0,No,No,4,Yes,Yes,No,No internet service,No internet service,No internet service,No internet service,No internet service,No internet service,Two year,Yes,Mailed check,18.0,0.0,No
9242-ECDOO,Female,1,Yes,No,72,Yes,Yes,DSL,Yes,No,Yes,No,No,No,Month-to-month,Yes,Bank transfer (automatic),43.67,3109.76,No
9243-MHPGK,Female,0,Yes,No,8,Yes,Yes,DSL,Yes,No,No,Yes,No,No,Month-to-month,No,Mailed check,49.19,446.04,Yes
9244-EBFKF,Male,0,No,No,47,Yes,Yes,No,No internet service,No internet service,No internet service,No internet service,No internet service,No internet service,Month-to-month,No,Electronic check,18.0,828.37,No
9245-JJNKF,Male,0,No,No,59,Yes,Yes,Fiber optic,No,No,No,No,Yes,No,Two year,Yes,Mailed check,87.46,5185.7,No
9246-NIKHH,Female,0,No,No,59,Yes,No,No,No internet service,No internet service,No internet service,No internet service,No internet service,No internet service,One year,Yes,Bank transfer (automatic),18.0,1032.39,No
9247-AEGPF,Female,0,No,No,27,Yes,No,No,No internet service,No internet service,No internet service,No internet service,No internet service,No internet service,Month-to-month,Yes,Bank transfer (automatic),32.4,855.73,No
9248-EHCFO,Male,0,No,No,5,Yes,Yes,Fiber optic,No,No,Yes,Yes,No,Yes,Two year,Yes,Credit card (automatic),95.14,507.2,No
9249-EPHDH,Female,0,Yes,Yes,2,Yes,Yes,DSL,No,No,No,No,No,No,Two year,Yes,Bank transfer (automatic),55.69,124.91,No
9250-JNOBI,Female,0,Yes,No,16,Yes,No,Fiber optic,No,Yes,No,Yes,No,Yes,Two year,Yes,Electronic check,87.13,1333.44,No
9251-MPION,Female,1,No,Yes,8,Yes,Yes,DSL,No,No,Yes,No,Yes,No,Month-to-month,Yes,Electronic check,46.32,359.73,No
9252-JJMFP,Male,0,No,No,35,Yes,Yes,DSL,No,No,No,No,No,Yes,Month-to-month,Yes,Bank transfer (automatic),54.26,1822.01,No
9253-DDMFE,Female,1,No,No,27,Yes,Yes,Fiber optic,No,No,Yes,Yes,No,Yes,Two year,Yes,Credit card (automatic),81.6,2306.51,No
9254-FGGIH,Female,1,No,Yes,6,Yes,No,No,No internet service,No internet service,No internet service,No internet service,No internet service,No internet service,Two year,No,Bank transfer (automatic),23.61,147.66,Yes
9255-MPFLP,Female,1,No,No,0,Yes,No,Fiber optic,No,No,No,No,No,Yes,Two year,Yes,Mailed check,90.67,0.0,No
9256-FONEA,Female,0,No,No,5,No,No phone service,DSL,No,No,Yes,No,No,No,One year,No,Credit card (automatic),51.87,321.15,No
9257-IIIOK,Male,0,Yes,No,16,Yes,Yes,No,No internet service,No internet service,No internet service,No internet service,No internet service,No internet service,One year,Yes,Electronic check,31.14,457.49,Yes
9258-HMJMC,Female,1,Yes,No,1,No,No phone service,No,No internet service,No internet service,No internet service,No internet service,No internet service,No internet service,Two year,Yes,Mailed check,29.88,32.97,No
9259-AKLLH,Female,0,No,No,21,Yes,Yes,DSL,Yes,No,No,No,No,Yes,Month-to-month,No,Mailed check,54.33,1160.53,No
9260-GMEJG,Female,0,Yes,No,22,Yes,No,DSL,No,Yes,Yes,No,Yes,No,One year,No,Electronic check,75.68,1667.41,Yes
9261-JDIKJ,Male,0,Yes,No,3,Yes,No,DSL,No,Yes,Yes,No,No,Yes,Two year,No,Bank transfer (automatic),56.37,221.8,No
9262-NBIIE,Male,0,No,No,18,Yes,No,Fiber optic,Yes,Yes,No,No,No,Yes,Month-to-month,No,Electronic check,87.89,1591.26,Yes
9263-KAGJJ,Male,0,No,No,18,Yes,Yes,DSL,No,No,No,No,Yes,Yes,Month-to-month,Yes,Electronic check,58.14,1056.21,Yes
9264-DIFMC,Female,0,Yes,No,13,Yes,Yes,Fiber optic,Yes,Yes,No,No,Yes,No,Month-to-month,No,Mailed check,89.05,1128.12,No
9265-FMJFE,Female,0,No,No,61,Yes,Yes,Fiber optic,No,Yes,No,No,Yes,No,Two year,Yes,Bank transfer (automatic),73.14,4377.12,No
9266-BJJBG,Female,0,Yes,No,2,Yes,No,Fiber optic,No,No,No,No,No,No,Two year,No,Electronic check,84.4,149.67,No
9267-BLFED,Male,0,Yes,No,10,Yes,No,No,No internet service,No internet service,No internet service,No internet service,No internet service,No internet service,One year,Yes,Mailed check,18.0,138.17,No
9268-GHPDA,Female,0,No,No,42,Yes,Yes,Fiber optic,No,Yes,Yes,Yes,No,Yes,Two year,No,Electronic check,84.54,3533.61,No
9269-AAKAE,Female,0,No,No,9,Yes,No,DSL,No,Yes,No,No,No,No,Month-to-month,No,Electronic check,62.99,600.88,Yes
9270-DMNIO,Male,0,Yes,No,11,Yes,No,Fiber optic,No,No,Yes,No,No,Yes,Two year,No,Bank transfer (automatic),93.0,976.81,No
9271-CNGKH,Female,0,Yes,Yes,22,Yes,Yes,No,No internet service,No internet service,No internet service,No internet service,No internet service,No internet service,Month-to-month,Yes,Electronic check,22.69,518.13,No
9272-FPLMJ,Female,0,Yes,No,21,Yes,Yes,DSL,Yes,No,Yes,Yes,Yes,Yes,One year,Yes,Electronic check,59.25,1225.65,No
9273-MAHOJ,Male,0,No,Yes,0,Yes,No,DSL,No,Yes,No,No,Yes,Yes,Month-to-month,No,Credit card (automatic),39.7,0.0,No
9274-CHLDP,Male,0,No,No,12,Yes,No,Fiber optic,No,No,No,No,Yes,Yes,Month-to-month,Yes,Electronic check,81.98,908.64,Yes
9275-HPKAC,Male,0,Yes,No,8,Yes,Yes,DSL,Yes,No,Yes,Yes,No,Yes,Month-to-month,Yes,Credit card (automatic),46.54,320.21,No
9276-FOPOI,Male,0,Yes,No,19,Yes,No,Fiber optic,Yes,Yes,No,No,Yes,No,Month-to-month,Yes,Bank transfer (automatic),72.79,1322.62,No
9277-BKAOJ,Male,0,No,No,16,Yes,No,Fiber optic,No,No,No,Yes,No,No,Two year,Yes,Electronic check,82.9,1356.45,No
9278-CDKEC,Female,0,No,No,21,No,No phone service,No,No internet service,No internet service,No internet service,No internet service,No internet service,No internet service,Month-to-month,No,Mailed check,27.45,618.62,No
9279-MJKBB,Male,0,No,Yes,21,Yes,No,Fiber optic,No,No,Yes,Yes,No,Yes,Month-to-month,No,Credit card (automatic),85.93,1725.91,Yes
9280-GIJBG,Female,0,Yes,No,5,Yes,Yes,DSL,No,Yes,No,No,Yes,No,Two year,Yes,Bank transfer (automatic),44.36,158.41,No
9281-GKGCL,Female,0,No,Yes,5,Yes,Yes,Fiber optic,No,Yes,No,No,Yes,Yes,Month-to-month,No,Bank transfer (automatic),88.86,505.17,Yes
9282-GAJAE,Male,0,Yes,No,9,Yes,No,DSL,No,No,No,Yes,Yes,Yes,Two year,Yes,Bank transfer (automatic),61.27,606.04,No
9283-POBIO,Male,1,Yes,No,5,Yes,No,No,No internet service,No internet service,No internet service,No internet service,No internet service,No internet service,Two year,No,Mailed check,35.01,262.23,No
9284-GPDDB,Female,1,Yes,No,22,Yes,No,Fiber optic,No,No,No,No,No,No,Month-to-month,No,Electronic check,65.96,1532.6,Yes
9285-EDPLM,Female,0,No,No,18,Yes,No,Fiber optic,No,Yes,No,No,No,No,Month-to-month,No,Electronic check,80.3,1427.85,Yes
9286-ALHCP,Female,0,No,No,4,No,No phone service,Fiber optic,No,No,No,Yes,No,No,One year,Yes,Bank transfer (automatic),79.66,362.11,Yes
9287-NFDIG,Male,1,No,No,43,No,No phone service,Fiber optic,Yes,No,No,Yes,No,No,Two year,Yes,Credit card (automatic),92.69,4003.72,No
9288-IPJCA,Female,1,No,No,12,Yes,No,DSL,No,No,Yes,Yes,No,No,Month-to-month,No,Electronic check,44.41,583.62,Yes
9289-EPCFH,Male,0,Yes,Yes,2,Yes,Yes,DSL,No,Yes,No,No,No,No,Month-to-month,Yes,Mailed check,58.29,106.35,No
9290-KMDEE,Female,0,Yes,Yes,4,Yes,Yes,DSL,Yes,No,No,No,No,Yes,Two year,Yes,Credit card (automatic),54.98,297.06,No
9291-DDDDD,Female,0,No,No,15,Yes,Yes,Fiber optic,Yes,No,Yes,No,Yes,No,Month-to-month,Yes,Electronic check,79.22,1103.5,Yes
9292-EBBPI,Female,0,No,No,8,Yes,Yes,Fiber optic,Yes,No,Yes,Yes,No,Yes,Month-to-month,No,Mailed check,81.57,699.27,Yes
9293-BFBED,Male,0,No,Yes,38,Yes,No,Fiber optic,No,Yes,No,Yes,No,Yes,Two year,No,Mailed check,76.7,2849.03,No
9294-PLGOG,Male,0,Yes,No,13,Yes,No,No,No internet service,No internet service,No internet service,No internet service,No internet service,No internet service,Two year,Yes,Electronic check,18.34,246.77,Yes
9295-MFJEA,Female,0,Yes,No,49,Yes,Yes,Fiber optic,No,No,Yes,No,No,No,Month-to-month,No,Mailed check,84.92,4093.07,No
9296-PLOCI,Female,1,Yes,No,2,Yes,Yes,Fiber optic,No,No,No,No,No,No,Month-to-month,No,Electronic check,79.16,108.37,Yes
9297-ONAEB,Female,0,No,No,22,Yes,Yes,No,No internet service,No internet service,No internet service,No internet service,No internet service,No internet service,One year,Yes,Electronic check,18.0,340.77,No
9298-DPNNK,Male,0,No,No,43,Yes,No,Fiber optic,No,Yes,No,No,No,Yes,Month-to-month,Yes,Bank transfer (automatic),94.73,4052.47,No
9299-ACJGJ,Male,0,Yes,No,6,No,No phone service,No,No internet service,No internet service,No internet service,No internet service,No internet service,No internet service,Month-to-month,Yes,Bank transfer (automatic),21.29,163.1,No
9300-OCDBC,Male,0,Yes,Yes,2,Yes,Yes,Fiber optic,No,Yes,No,No,No,No,Two year,Yes,Credit card (automatic),89.47,221.75,Yes
9301-ICKEB,Male,1,Yes,Yes,12,Yes,Yes,DSL,No,Yes,Yes,No,No,Yes,Two year,Yes,Credit card (automatic),53.16,635.25,No
9302-PDLMG,Male,0,Yes,No,65,Yes,No,No,No internet service,No internet service,No internet service,No internet service,No internet service,No internet service,Month-to-month,No,Credit card (automatic),25.99,1756.33,No
9303-NGLCE,Female,0,No,No,20,Yes,No,No,No internet service,No internet service,No internet service,No internet service,No internet service,No internet service,One year,No,Electronic check,18.0,323.13,No
9304-AJJPJ,Female,0,No,No,20,No,No phone service,Fiber optic,Yes,No,Yes,No,No,Yes,Month-to-month,No,Electronic check,83.63,1693.15,No
9305-KAEMJ,Female,0,No,Yes,22,Yes,No,Fiber optic,No,No,No,Yes,No,Yes,Month-to-month,Yes,Electronic check,79.1,1774.14,Yes
9306-IAADD,Male,0,Yes,No,0,Yes,No,Fiber optic,No,No,No,No,No,No,Month-to-month,No,Mailed check,79.22,7.05,Yes
9307-BINIM,Female,0,No,Yes,11,Yes,No,No,No internet service,No internet service,No internet service,No internet service,No internet service,No internet service,Month-to-month,Yes,Electronic check,27.9,352.12,Yes
9308-MBNIO,Male,0,No,No,1,Yes,No,No,No internet service,No internet service,No internet service,No internet service,No internet service,No internet service,One year,No,Bank transfer (automatic),18.0,0.0,No
9309-FHJMO,Male,0,Yes,Yes,7,Yes,No,DSL,No,No,No,No,Yes,No,Two year,No,Bank transfer (automatic),63.87,411.38,No
9310-MDBBI,Female,0,No,No,34,Yes,Yes,Fiber optic,No,No,No,No,No,No,Month-to-month,No,Electronic check,78.66,2624.9,Yes
9311-ALGPK,Female,1,No,Yes,21,Yes,No,Fiber optic,Yes,Yes,Yes,No,No,No,Month-to-month,Yes,Bank transfer (automatic),81.64,1737.1,No
9312-NCCBN,Male,0,Yes,No,72,Yes,Yes,DSL,No,Yes,No,No,No,No,Month-to-month,Yes,Electronic check,55.63,4021.74,No
9313-JPFMJ,Male,1,No,Yes,3,Yes,No,Fiber optic,No,Yes,No,No,Yes,No,One year,No,Mailed check,85.87,246.01,Yes
9314-BJODJ,Female,1,No,Yes,10,Yes,No,DSL,No,No,No,Yes,No,Yes,Month-to-month,Yes,Electronic check,60.48,607.17,No
9315-PIIFM,Male,1,No,Yes,33,Yes,Yes,No,No internet service,No internet service,No internet service,No internet service,No internet service,No internet service,Month-to-month,Yes,Credit card (automatic),18.0,566.12,No
9316-DGNAL,Male,0,Yes,No,4,Yes,No,DSL,Yes,Yes,No,Yes,No,No,Month-to-month,Yes,Credit card (automatic),46.52,257.59,No
9317-DEHLB,Male,0,Yes,No,3,Yes,No,No,No internet service,No internet service,No internet service,No internet service,No internet service,No internet service,Month-to-month,No,Electronic check,22.19,42.49,No
9318-LEFEO,Female,0,Yes,No,11,Yes,No,No,No internet service,No internet service,No internet service,No internet service,No internet service,No internet service,Month-to-month,Yes,Credit card (automatic),18.0,215.32,No
9319-MIJPA,Male,0,No,Yes,9,Yes,Yes,DSL,No,No,No,No,No,Yes,Month-to-month,Yes,Mailed check,51.94,392.36,Yes
9320-NCNBL,Male,0,Yes,Yes,72,Yes,No,Fiber optic,No,No,Yes,No,No,Yes,Two year,Yes,Bank transfer (automatic),73.98,5396.72,No
9321-MCJIM,Male,0,No,No,12,Yes,Yes,Fiber optic,No,Yes,Yes,No,Yes,No,Two year,Yes,Mailed check,86.4,1037.81,No
9322-NIJBN,Male,1,No,No,39,Yes,No,No,No internet service,No internet service,No internet service,No internet service,No internet service,No internet service,Month-to-month,Yes,Bank transfer (automatic),18.0,686.19,No
9323-CNDIC,Male,0,Yes,Yes,43,No,No phone service,No,No internet service,No internet service,No internet service,No internet service,No internet service,No internet service,Month-to-month,No,Electronic check,29.54,1306.39,No
9324-MGLCG,Male,1,No,No,3,Yes,No,Fiber optic,No,No,No,Yes,No,No,Month-to-month,No,Electronic check,73.95,229.72,Yes
9325-GIBMF,Male,0,Yes,No,25,Yes,No,No,No internet service,No internet service,No internet service,No internet service,No internet service,No internet service,Two year,No,Mailed check,18.0,461.09,No
9326-ILPOL,Female,0,Yes,No,6,Yes,Yes,DSL,No,No,No,No,No,No,Month-to-month,Yes,Mailed check,49.34,319.58,No
9327-OBPBM,Female,0,Yes,No,1,Yes,No,Fiber optic,No,No,No,No,Yes,Yes,One year,Yes,Mailed check,91.0,74.78,No
9328-NEJJL,Female,0,No,Yes,41,Yes,Yes,No,No internet service,No internet service,No internet service,No internet service,No internet service,No internet service,Month-to-month,Yes,Credit card (automatic),18.0,733.81,No
9329-JPHKO,Male,0,No,Yes,6,Yes,Yes,DSL,Yes,Yes,No,No,No,Yes,Month-to-month,Yes,Electronic check,40.41,205.98,No
9330-IBENG,Female,0,Yes,No,8,Yes,No,No,No internet service,No internet service,No internet service,No internet service,No internet service,No internet service,Month-to-month,Yes,Credit card (automatic),23.43,265.22,No
9331-OFFGC,Female,0,No,Yes,7,Yes,Yes,Fiber optic,No,No,No,Yes,No,Yes,Month-to-month,Yes,Credit card (automatic),87.51,559.22,Yes
9332-MCJIN,Male,0,No,Yes,4,Yes,Yes,Fiber optic,Yes,Yes,No,No,Yes,No,Month-to-month,No,Electronic check,78.91,251.3,Yes
9333-HEFKL,Female,0,Yes,No,11,Yes,Yes,DSL,No,No,No,Yes,No,Yes,Month-to-month,Yes,Mailed check,60.76,621.23,No
9334-JAJLA,Male,0,Yes,No,11,No,No phone service,DSL,No,No,No,No,No,No,Month-to-month,Yes,Bank transfer (automatic),66.19,794.08,No
9335-DBKGB,Male,0,Yes,No,10,Yes,No,DSL,No,No,No,No,No,Yes,One year,No,Mailed check,49.39,488.32,Yes
9336-JBEDH,Male,0,No,No,49,Yes,Yes,Fiber optic,No,No,Yes,No,No,No,One year,No,Mailed check,82.33,4021.93,No
9337-DNLFE,Female,0,No,No,8,Yes,Yes,No,No internet service,No internet service,No internet service,No internet service,No internet service,No internet service,One year,Yes,Electronic check,18.0,129.05,No
9338-KNBKO,Male,0,Yes,No,0,Yes,No,Fiber optic,Yes,No,No,No,No,Yes,Month-to-month,No,Bank transfer (automatic),84.99,9.23,No
9339-MLNHB,Female,1,Yes,Yes,3,Yes,No,Fiber optic,No,Yes,No,No,No,Yes,Month-to-month,Yes,Mailed check,89.48,255.97,Yes
9340-IOICD,Male,0,Yes,No,25,Yes,Yes,DSL,No,Yes,Yes,No,No,Yes,Two year,Yes,Mailed check,65.8,1591.61,No
9341-HICEK,Male,0,Yes,Yes,17,Yes,No,DSL,No,No,No,No,Yes,No,Month-to-month,Yes,Bank transfer (automatic),52.12,881.0,No
9342-OPHCG,Female,0,No,Yes,60,No,No phone service,No,No internet service,No internet service,No internet service,No internet service,No internet service,No internet service,Two year,Yes,Credit card (automatic),25.27,1516.36,No
9343-KHPJK,Male,1,Yes,No,23,Yes,Yes,DSL,Yes,No,No,No,Yes,Yes,Two year,Yes,Bank transfer (automatic),70.34,1566.29,No
9344-NCPBJ,Female,0,No,No,4,Yes,No,DSL,No,No,No,No,No,Yes,Month-to-month,Yes,Electronic check,57.46,181.86,Yes
9345-MGLIA,Male,0,No,Yes,2,Yes,No,Fiber optic,No,Yes,Yes,No,No,No,Two year,No,Electronic check,72.94,135.08,No
9346-CECAO,Male,1,Yes,No,14,Yes,No,Fiber optic,No,No,No,No,Yes,Yes,One year,Yes,Mailed check,77.5,1085.76,No
9347-PGGJP,Male,0,Yes,No,21,Yes,No,DSL,No,No,Yes,Yes,Yes,No,One year,Yes,Bank transfer (automatic),55.76,1073.37,No
9348-LHEJL,Male,0,Yes,No,3,No,No phone service,No,No internet service,No internet service,No internet service,No internet service,No internet service,No internet service,Two year,No,Mailed check,40.14,91.3,No
9349-EEAJE,Male,0,Yes,No,18,Yes,Yes,Fiber optic,No,Yes,Yes,Yes,No,No,Month-to-month,Yes,Bank transfer (automatic),85.25,1431.33,No
9350-FOMLA,Male,0,No,No,40,Yes,No,DSL,No,Yes,No,Yes,Yes,Yes,One year,Yes,Credit card (automatic),58.22,2375.47,No
9351-KGAKB,Male,0,No,No,26,Yes,No,No,No internet service,No internet service,No internet service,No internet service,No internet service,No internet service,One year,Yes,Electronic check,33.42,895.27,Yes
9352-BENJP,Male,0,No,No,21,Yes,Yes,DSL,No,Yes,No,No,Yes,No,Two year,Yes,Bank transfer (automatic),70.58,1449.78,No
9353-MGAJP,Female,0,Yes,No,31,Yes,No,Fiber optic,No,No,No,No,No,No,One year,Yes,Bank transfer (automatic),99.02,3077.52,No
9354-AAFBA,Female,1,Yes,No,2,No,No phone service,No,No internet service,No internet service,No internet service,No internet service,No internet service,No internet service,Month-to-month,Yes,Credit card (automatic),24.88,2.51,No
9355-FNBFJ,Female,0,Yes,No,4,Yes,No,No,No internet service,No internet service,No internet service,No internet service,No internet service,No internet service,Month-to-month,Yes,Credit card (automatic),18.0,92.52,No
9356-HBKIH,Male,0,No,No,0,Yes,No,Fiber optic,No,No,No,Yes,Yes,No,Two year,No,Electronic check,97.27,0.0,No
9357-LJAGN,Female,0,Yes,No,3,Yes,Yes,DSL,No,No,No,No,No,Yes,Month-to-month,Yes,Mailed check,62.91,284.43,No
9358-MJFNF,Female,0,No,Yes,48,Yes,Yes,Fiber optic,Yes,No,No,Yes,No,No,Month-to-month,No,Electronic check,75.58,3614.07,Yes
9359-FFJGL,Male,0,No,No,5,Yes,Yes,No,No internet service,No internet service,No internet service,No internet service,No internet service,No internet service,Month-to-month,Yes,Electronic check,20.07,83.32,Yes
9360-CNFCG,Female,0,Yes,No,21,No,No phone service,Fiber optic,Yes,Yes,No,No,Yes,No,Month-to-month,Yes,Electronic check,83.85,1751.07,No
9361-PGHBI,Male,0,No,No,23,Yes,No,Fiber optic,Yes,No,Yes,No,No,Yes,Month-to-month,Yes,Credit card (automatic),75.22,1683.59,Yes
9362-MEIJE,Female,0,No,Yes,20,Yes,No,DSL,No,Yes,Yes,No,Yes,No,Month-to-month,No,Electronic check,50.4,913.79,Yes
9363-GKIOD,Female,1,Yes,No,16,No,No phone service,Fiber optic,Yes,No,Yes,No,No,Yes,Month-to-month,No,Electronic check,85.03,1319.85,No
9364-BIMBC,Female,0,Yes,No,13,Yes,Yes,No,No internet service,No internet service,No internet service,No internet service,No internet service,No internet service,Two year,Yes,Bank transfer (automatic),18.0,279.6,No
9365-JBCFC,Female,1,Yes,No,10,Yes,No,Fiber optic,No,No,Yes,No,Yes,No,Month-to-month,No,Bank transfer (automatic),89.74,838.72,Yes
9366-OJHKF,Female,0,No,No,49,Yes,Yes,DSL,No,No,No,Yes,Yes,Yes,One year,No,Bank transfer (automatic),46.87,2261.66,No
9367-GPPAC,Male,0,Yes,Yes,0,Yes,Yes,Fiber optic,No,No,No,No,No,No,Month-to-month,No,Electronic check,81.4,0.0,No
9368-CBGID,Female,0,No,No,1,Yes,Yes,Fiber optic,Yes,Yes,Yes,Yes,Yes,Yes,Two year,No,Mailed check,77.67,156.83,No
9369-LECKI,Male,0,No,Yes,13,Yes,Yes,Fiber optic,No,Yes,Yes,Yes,No,No,One year,Yes,Electronic check,72.25,1012.95,Yes
9370-NDEAK,Female,0,No,No,8,No,No phone service,DSL,No,Yes,Yes,Yes,No,No,Month-to-month,No,Credit card (automatic),51.01,406.88,No
9371-LOMBL,Male,0,Yes,No,10,Yes,No,DSL,No,Yes,Yes,Yes,Yes,No,Month-to-month,No,Credit card (automatic),48.79,486.99,No
9372-MIBEM,Female,1,No,No,72,Yes,No,No,No internet service,No internet service,No internet service,No internet service,No internet service,No internet service,Two year,Yes,Electronic check,26.33,1755.75,No
9373-PPHCF,Female,0,Yes,No,29,Yes,No,Fiber optic,No,No,No,No,No,Yes,One year,No,Bank transfer (automatic),88.18,2521.43,Yes
9374-DKGJN,Female,0,Yes,No,41,Yes,No,No,No internet service,No internet service,No internet service,No internet service,No internet service,No internet service,Two year,Yes,Credit card (automatic),22.58,962.18,No
9375-MCPFO,Female,0,No,No,9,Yes,No,Fiber optic,No,Yes,Yes,Yes,No,No,Month-to-month,Yes,Electronic check,85.83,782.18,Yes
9376-LOJIK,Female,0,Yes,No,5,Yes,Yes,Fiber optic,No,No,No,No,No,No,Two year,Yes,Bank transfer (automatic),79.34,431.57,No
9377-PJAPP,Male,1,No,No,29,Yes,Yes,DSL,No,No,No,No,No,No,Month-to-month,Yes,Electronic check,44.61,1310.2,No
9378-PCBHG,Female,0,Yes,No,32,Yes,No,Fiber optic,No,No,No,No,No,Yes,Month-to-month,No,Electronic check,87.86,2817.2,No
9379-BFOCH,Female,0,No,No,15,Yes,No,DSL,No,No,Yes,No,Yes,No,Month-to-month,Yes,Credit card (automatic),38.79,536.47,Yes
9380-JMCJN,Male,0,No,Yes,45,Yes,No,No,No internet service,No internet service,No internet service,No internet service,No internet service,No internet service,Month-to-month,Yes,Bank transfer (automatic),18.0,826.48,No
9381-PIPAE,Female,0,No,No,68,Yes,Yes,DSL,Yes,Yes,No,Yes,No,No,One year,No,Credit card (automatic),60.49,4193.58,No
9382-CFJBI,Female,0,Yes,Yes,12,Yes,Yes,DSL,Yes,Yes,No,No,No,No,Two year,No,Mailed check,50.96,535.6,No
9383-FGEIA,Female,0,No,No,5,Yes,No,DSL,Yes,No,No,No,No,No,Two year,Yes,Electronic check,63.14,296.88,No
9384-EKJKF,Female,0,No,No,14,Yes,Yes,Fiber optic,No,Yes,Yes,No,No,Yes,One year,Yes,Mailed check,94.95,1278.95,No
9385-GPLDL,Female,0,No,Yes,72,Yes,Yes,No,No internet service,No internet service,No internet service,No internet service,No internet service,No internet service,Month-to-month,Yes,Credit card (automatic),18.9,1444.15,No
9386-MAOKH,Male,0,Yes,No,6,No,No phone service,DSL,No,No,No,Yes,No,No,Two year,Yes,Electronic check,64.58,399.55,No
9387-JDCLG,Female,0,Yes,No,19,Yes,Yes,Fiber optic,No,No,No,No,No,Yes,One year,No,Electronic check,75.31,1403.36,Yes
9388-LBHNF,Male,0,Yes,No,23,Yes,Yes,DSL,No,Yes,Yes,No,No,No,Two year,No,Electronic check,41.06,935.42,No
9389-GNEIE,Female,0,Yes,Yes,4,Yes,No,Fiber optic,Yes,No,Yes,Yes,Yes,Yes,Two year,Yes,Electronic check,82.76,394.03,No
9390-KECKA,Female,1,Yes,No,17,Yes,No,DSL,Yes,No,Yes,No,No,Yes,Month-to-month,Yes,Electronic check,67.52,1149.57,No
9391-BHOAG,Male,0,No,No,7,Yes,No,Fiber optic,Yes,No,Yes,No,Yes,No,Month-to-month,No,Credit card (automatic),82.48,614.09,Yes
9392-NNECL,Female,1,Yes,Yes,38,Yes,Yes,Fiber optic,No,Yes,No,No,No,No,Month-to-month,Yes,Electronic check,94.38,3593.63,No
9393-LOKGI,Female,1,Yes,No,25,Yes,Yes,DSL,Yes,Yes,No,No,No,No,Two year,Yes,Credit card (automatic),61.19,1634.96,Yes
9394-BHIKC,Male,0,No,No,35,Yes,Yes,Fiber optic,No,No,No,No,No,Yes,Two year,No,Mailed check,93.54,3381.49,No
9395-BGEEJ,Female,0,Yes,No,4,Yes,No,Fiber optic,No,Yes,No,Yes,No,No,One year,Yes,Mailed check,79.12,378.02,No
9396-EDMEM,Female,0,No,No,0,Yes,Yes,Fiber optic,Yes,No,Yes,No,No,Yes,Month-to-month,Yes,Mailed check,92.28,0.0,No
9397-DOMFD,Male,0,No,No,38,Yes,Yes,Fiber optic,No,No,No,No,No,Yes,Month-to-month,Yes,Bank transfer (automatic),66.2,2471.5,No
9398-BIBIP,Male,0,No,Yes,9,Yes,No,Fiber optic,No,Yes,No,No,No,Yes,Two year,No,Bank transfer (automatic),87.93,789.93,No
9399-JFIIC,Female,0,No,No,3,Yes,Yes,Fiber optic,No,No,No,No,Yes,Yes,Month-to-month,Yes,Bank transfer (automatic),90.1,277.89,Yes
9400-AACEM,Female,0,No,No,1,No,No phone service,No,No internet service,No internet service,No internet service,No internet service,No internet service,No internet service,One year,Yes,Bank transfer (automatic),19.96,26.92,No
9401-CLPII,Female,0,Yes,No,14,Yes,No,No,No internet service,No internet service,No internet service,No internet service,No internet service,No internet service,Two year,Yes,Electronic check,34.68,493.84,No
9402-CCLNE,Male,1,No,Yes,3,Yes,No,Fiber optic,Yes,No,No,Yes,No,No,Two year,Yes,Mailed check,97.1,350.87,Yes
9403-BFGMI,Male,0,No,No,16,Yes,No,No,No internet service,No internet service,No internet service,No internet service,No internet service,No internet service,One year,Yes,Mailed check,23.79,419.29,No
9404-OFCLE,Female,1,Yes,No,25,Yes,Yes,No,No internet service,No internet service,No internet service,No internet service,No internet service,No internet service,Month-to-month,No,Electronic check,18.0,427.69,No
9405-DOEHH,Female,0,Yes,No,15,No,No phone service,DSL,No,No,Yes,No,No,Yes,One year,Yes,Mailed check,48.13,741.96,No
9406-FAHHB,Female,0,No,No,46,Yes,Yes,No,No internet service,No internet service,No internet service,No internet service,No internet service,No internet service,Month-to-month,No,Mailed check,19.27,985.71,No
9407-DLPBD,Male,0,No,Yes,3,Yes,No,DSL,Yes,No,Yes,Yes,No,Yes,One year,Yes,Mailed check,65.29,285.22,No
9408-LMMJG,Male,1,Yes,No,13,Yes,No,DSL,No,No,No,No,No,Yes,Month-to-month,Yes,Electronic check,53.3,687.5,No
9409-INPPN,Male,0,No,No,3,No,No phone service,No,No internet service,No internet service,No internet service,No internet service,No internet service,No internet service,Two year,Yes,Mailed check,18.0,56.8,No
9410-HPOLI,Female,0,No,No,41,Yes,No,DSL,No,No,No,No,No,No,Two year,Yes,Bank transfer (automatic),62.77,2541.94,No
9411-HBGPB,Female,1,No,Yes,53,Yes,Yes,Fiber optic,No,No,No,No,No,Yes,Two year,No,Mailed check,100.93,5292.14,No
9412-MLKPB,Female,0,No,No,10,Yes,Yes,No,No internet service,No internet service,No internet service,No internet service,No internet service,No internet service,Month-to-month,Yes,Mailed check,18.0,173.15,No
9413-ODAOE,Male,0,No,Yes,7,Yes,Yes,DSL,Yes,No,No,No,No,No,Month-to-month,No,Credit card (automatic),50.26,260.72,No
9414-FPIJH,Female,1,No,No,6,Yes,Yes,DSL,Yes,No,No,No,No,Yes,Month-to-month,No,Credit card (automatic),63.92,331.31,No
9415-BABGD,Male,1,No,Yes,39,Yes,No,Fiber optic,No,No,Yes,Yes,No,Yes,Month-to-month,Yes,Credit card (automatic),86.73,3357.68,Yes
9416-JELGP,Female,0,No,No,22,Yes,Yes,Fiber optic,No,No,No,Yes,No,Yes,Month-to-month,Yes,Electronic check,95.39,2124.48,Yes
9417-CPJBM,Male,0,No,No,42,Yes,No,No,No internet service,No internet service,No internet service,No internet service,No internet service,No internet service,One year,Yes,Bank transfer (automatic),18.0,797.63,No
9418-GENOA,Female,1,Yes,Yes,2,Yes,No,No,No internet service,No internet service,No internet service,No internet service,No internet service,No internet service,Month-to-month,Yes,Electronic check,18.0,68.15,No
9419-AIEAG,Female,1,Yes,Yes,12,Yes,No,DSL,No,Yes,No,Yes,No,No,Month-to-month,No,Mailed check,55.14,671.5,No
9420-IKAJN,Male,0,Yes,No,22,Yes,No,Fiber optic,No,Yes,No,Yes,No,Yes,One year,No,Bank transfer (automatic),81.31,1774.12,No
9421-MDNCE,Female,1,No,No,45,No,No phone service,Fiber optic,No,No,Yes,No,Yes,No,Month-to-month,No,Bank transfer (automatic),83.68,3778.46,Yes
9422-GHMBG,Male,0,No,No,9,Yes,No,Fiber optic,No,Yes,No,No,No,No,Month-to-month,Yes,Mailed check,82.44,731.95,Yes
9423-NNAGH,Female,0,No,Yes,7,Yes,Yes,DSL,No,No,No,No,No,Yes,Month-to-month,Yes,Credit card (automatic),33.52,315.87,No
9424-BIAPM,Female,0,No,No,48,Yes,No,DSL,No,Yes,No,No,Yes,No,One year,No,Bank transfer (automatic),52.58,2479.8,No
9425-FACKF,Female,0,No,Yes,0,Yes,Yes,DSL,No,Yes,No,No,No,Yes,One year,No,Credit card (automatic),53.73,3.04,No
9426-CHEBD,Male,0,Yes,No,13,Yes,No,No,No internet service,No internet service,No internet service,No internet service,No internet service,No internet service,Month-to-month,No,Credit card (automatic),23.46,382.72,No
9427-IDJJH,Female,0,Yes,No,12,Yes,No,No,No internet service,No internet service,No internet service,No internet service,No internet service,No internet service,Month-to-month,Yes,Bank transfer (automatic),19.46,145.88,No
9428-EKKPJ,Male,0,No,No,3,Yes,Yes,DSL,Yes,Yes,No,Yes,No,Yes,Month-to-month,Yes,Mailed check,45.59,51.43,No
9429-MMNOA,Female,0,No,No,10,Yes,Yes,DSL,No,No,Yes,No,No,Yes,Month-to-month,No,Electronic check,45.98,443.89,No
9430-PGPCJ,Female,0,No,No,25,Yes,Yes,Fiber optic,No,No,No,No,Yes,Yes,Month-to-month,Yes,Electronic check,86.46,2253.96,No
9431-PHNLC,Male,1,Yes,Yes,9,Yes,Yes,No,No internet service,No internet service,No internet service,No internet service,No internet service,No internet service,Two year,Yes,Mailed check,18.0,163.98,No
9432-AEBKD,Female,1,Yes,No,7,Yes,No,No,No internet service,No internet service,No internet service,No internet service,No internet service,No internet service,Month-to-month,No,Bank transfer (automatic),18.0,46.27,Yes
9433-PAPIF,Female,0,No,No,30,Yes,Yes,Fiber optic,No,No,No,Yes,No,Yes,Month-to-month,Yes,Electronic check,90.78,2747.63,Yes
9434-HKDIB,Male,1,No,Yes,72,Yes,Yes,DSL,Yes,No,No,No,Yes,No,Month-to-month,Yes,Credit card (automatic),53.73,3897.72,No
9435-ILEMF,Male,0,No,Yes,30,Yes,No,DSL,No,Yes,Yes,No,Yes,Yes,Month-to-month,Yes,Bank transfer (automatic),61.06,1834.89,Yes
9436-CDFGA,Female,0,Yes,Yes,37,Yes,Yes,Fiber optic,No,No,No,Yes,No,No,Month-to-month,No,Mailed check,86.51,3148.51,No
9437-GAEFM,Male,1,Yes,Yes,56,Yes,Yes,No,No internet service,No internet service,No internet service,No internet service,No internet service,No internet service,Month-to-month,Yes,Mailed check,18.0,931.85,No
9438-BOOMJ,Male,0,No,No,32,Yes,Yes,DSL,No,No,No,Yes,No,Yes,Month-to-month,No,Electronic check,45.69,1448.43,No
9439-INJFG,Female,0,Yes,No,72,Yes,Yes,No,No internet service,No internet service,No internet service,No internet service,No internet service,No internet service,Two year,Yes,Electronic check,27.59,2019.62,No
9440-NOJOH,Male,0,Yes,No,27,Yes,Yes,DSL,Yes,No,Yes,No,No,Yes,Two year,No,Electronic check,61.74,1680.13,No
9441-KOMJP,Male,0,No,Yes,21,No,No phone service,Fiber optic,No,Yes,No,Yes,No,No,Two year,No,Credit card (automatic),82.3,1768.58,No
9442-ANHDP,Female,0,No,No,23,No,No phone service,Fiber optic,No,Yes,No,Yes,No,No,Month-to-month,Yes,Mailed check,76.28,1761.51,No
9443-JPHMO,Male,1,No,No,46,Yes,Yes,Fiber optic,Yes,No,No,No,No,No,Month-to-month,No,Electronic check,90.61,4154.2,Yes
9444-FKIKP,Male,0,No,Yes,22,Yes,No,Fiber optic,No,Yes,No,Yes,No,Yes,One year,Yes,Electronic check,71.42,1628.29,No
9445-DBNBE,Female,1,Yes,No,28,Yes,Yes,No,No internet service,No internet service,No internet service,No internet service,No internet service,No internet service,Month-to-month,Yes,Mailed check,18.0,500.75,No
9446-JILCP,Female,1,Yes,No,4,Yes,Yes,DSL,No,No,No,No,Yes,No,Month-to-month,Yes,Bank transfer (automatic),64.96,227.96,Yes
9447-HDFJF,Male,0,Yes,No,48,Yes,Yes,Fiber optic,No,No,No,No,No,Yes,One year,No,Bank transfer (automatic),84.22,3932.7,No
9448-CNELC,Female,0,No,No,11,Yes,Yes,No,No internet service,No internet service,No internet service,No internet service,No internet service,No internet service,Month-to-month,No,Electronic check,18.0,159.76,No
9449-KOKOA,Male,0,Yes,No,3,Yes,Yes,DSL,No,No,No,No,Yes,No,Month-to-month,Yes,Credit card (automatic),48.8,144.29,Yes
9450-PGDNG,Male,0,No,No,32,Yes,No,Fiber optic,Yes,Yes,No,No,Yes,No,Month-to-month,Yes,Mailed check,85.31,2653.32,No
9451-CLOOK,Male,0,Yes,Yes,8,Yes,No,No,No internet service,No internet service,No internet service,No internet service,No internet service,No internet service,Two year,No,Electronic check,29.42,239.0,No
9452-EEOMB,Male,1,No,Yes,4,Yes,No,No,No internet service,No internet service,No internet service,No internet service,No internet service,No internet service,One year,Yes,Mailed check,21.0,165.15,No
9453-KJLBD,Female,0,No,No,5,No,No phone service,No,No internet service,No internet service,No internet service,No internet service,No internet service,No internet service,One year,Yes,Electronic check,24.9,82.41,No
9454-ODDFB,Female,0,No,No,0,Yes,No,DSL,No,No,Yes,No,No,No,Month-to-month,Yes,Mailed check,61.2,0.0,No
9455-FGKJC,Male,0,Yes,No,1,Yes,No,No,No internet service,No internet service,No internet service,No internet service,No internet service,No internet service,Two year,Yes,Bank transfer (automatic),31.75,73.34,No
9456-KLHBK,Female,0,No,Yes,17,Yes,Yes,No,No internet service,No internet service,No internet service,No internet service,No internet service,No internet service,Two year,Yes,Mailed check,18.0,325.64,No
9457-HMKEB,Male,0,Yes,No,40,Yes,No,Fiber optic,Yes,No,No,No,No,Yes,One year,No,Credit card (automatic),92.34,3638.21,No
9458-GNBNF,Male,1,No,No,11,Yes,Yes,DSL,Yes,Yes,Yes,Yes,No,No,Month-to-month,No,Mailed check,63.1,694.88,Yes
9459-JCICK,Female,1,No,No,19,Yes,Yes,Fiber optic,No,Yes,No,Yes,Yes,Yes,Two year,Yes,Credit card (automatic),71.85,1402.82,No
9460-OLLCE,Female,0,Yes,Yes,33,No,No phone service,Fiber optic,No,Yes,No,Yes,No,Yes,One year,No,Bank transfer (automatic),81.91,2654.37,No
9461-GNHLK,Male,0,No,No,8,Yes,No,No,No internet service,No internet service,No internet service,No internet service,No internet service,No internet service,Two year,Yes,Electronic check,24.1,194.23,Yes
9462-GIEJK,Female,0,No,No,21,Yes,No,Fiber optic,No,No,No,No,No,No,One year,Yes,Electronic check,84.47,1717.6,Yes
9463-OCPFE,Male,0,No,No,8,Yes,No,DSL,No,No,No,Yes,Yes,No,Two year,No,Credit card (automatic),59.59,463.72,No
9464-LDLPB,Female,0,No,No,20,No,No phone service,Fiber optic,No,No,Yes,No,No,No,One year,No,Mailed check,90.24,1741.24,No
9465-GMEDL,Female,0,Yes,No,4,Yes,Yes,Fiber optic,Yes,No,No,No,No,Yes,Month-to-month,Yes,Electronic check,84.23,277.49,Yes
9466-NHIIC,Male,0,Yes,Yes,72,Yes,Yes,Fiber optic,No,Yes,No,No,Yes,No,Month-to-month,No,Credit card (automatic),79.91,5828.2,No
9467-CEEJB,Female,0,Yes,No,1,Yes,Yes,Fiber optic,No,Yes,No,Yes,Yes,No,Month-to-month,No,Credit card (automatic),82.92,67.89,No
9468-AHCAP,Female,0,No,No,14,Yes,Yes,Fiber optic,No,No,No,No,Yes,No,Month-to-month,Yes,Credit card (automatic),75.19,1155.28,Yes
9469-AKOBF,Male,0,Yes,Yes,6,Yes,No,DSL,No,No,No,No,No,No,One year,No,Bank transfer (automatic),43.57,235.02,No
9470-FNCLD,Male,0,No,Yes,18,Yes,Yes,DSL,No,Yes,Yes,Yes,Yes,Yes,Month-to-month,No,Electronic check,60.1,1100.99,No
9471-LMBBO,Male,0,No,No,11,Yes,No,Fiber optic,No,Yes,No,No,No,Yes,Month-to-month,Yes,Electronic check,92.14,1057.8,No
9472-GMAPG,Male,0,No,No,7,Yes,No,DSL,No,No,Yes,Yes,Yes,No,Month-to-month,Yes,Bank transfer (automatic),45.42,334.48,No
9473-NLNLN,Male,0,Yes,No,5,Yes,No,Fiber optic,No,No,Yes,No,No,Yes,Month-to-month,No,Mailed check,88.77,410.97,No
9474-APNFC,Male,1,Yes,Yes,4,Yes,No,Fiber optic,No,No,No,No,No,No,Two year,No,Electronic check,87.06,378.34,Yes
9475-HFKBH,Female,0,Yes,No,30,Yes,Yes,Fiber optic,Yes,Yes,No,Yes,No,Yes,Two year,Yes,Bank transfer (automatic),73.18,2106.8,No
9476-EHHFB,Male,0,Yes,No,5,No,No phone service,No,No internet service,No internet service,No internet service,No internet service,No internet service,No internet service,Two year,Yes,Mailed check,35.53,178.4,Yes
9477-HOOKF,Male,1,Yes,No,29,Yes,Yes,DSL,No,Yes,No,No,Yes,No,Month-to-month,No,Bank transfer (automatic),53.04,1576.55,No
9478-FHABL,Male,0,Yes,No,13,Yes,Yes,DSL,Yes,No,Yes,Yes,Yes,Yes,Month-to-month,Yes,Mailed check,58.21,741.29,No
9479-LIKLH,Female,0,No,No,1,Yes,No,DSL,No,Yes,No,No,No,No,Two year,No,Electronic check,57.57,0.0,No
9480-LGGEB,Male,0,Yes,Yes,3,Yes,No,No,No internet service,No internet service,No internet service,No internet service,No internet service,No internet service,Month-to-month,No,Bank transfer (automatic),20.47,49.56,No
9481-KFJCD,Male,0,Yes,No,44,Yes,No,Fiber optic,No,Yes,No,No,No,Yes,One year,No,Bank transfer (automatic),89.09,3959.67,No
9482-MJLKB,Female,0,Yes,No,18,Yes,No,DSL,No,No,No,No,No,No,Two year,Yes,Electronic check,67.18,1119.95,No
9483-NBLHH,Female,0,Yes,Yes,4,Yes,No,DSL,No,No,No,No,Yes,Yes,Month-to-month,No,Credit card (automatic),71.17,290.19,No
9484-JFMEH,Male,0,Yes,No,24,Yes,No,No,No internet service,No internet service,No internet service,No internet service,No internet service,No internet service,Month-to-month,No,Electronic check,21.79,522.65,No
9485-DKDEA,Female,0,Yes,Yes,34,Yes,No,Fiber optic,No,Yes,No,No,No,No,Month-to-month,Yes,Mailed check,87.61,2987.83,No
9486-ABNHG,Female,1,No,No,8,Yes,Yes,Fiber optic,No,No,Yes,No,Yes,Yes,Two year,Yes,Mailed check,100.99,759.72,No
9487-OOJIE,Male,0,Yes,No,16,Yes,Yes,No,No internet service,No internet service,No internet service,No internet service,No internet service,No internet service,Month-to-month,Yes,Electronic check,19.77,400.88,No
9488-BGOHL,Male,0,No,No,6,No,No phone service,No,No internet service,No internet service,No internet service,No internet service,No internet service,No internet service,Month-to-month,Yes,Mailed check,18.0,115.43,No
9489-GNGLO,Male,0,Yes,No,1,Yes,Yes,DSL,No,No,Yes,Yes,Yes,No,Month-to-month,Yes,Bank transfer (automatic),50.9,75.37,No
9490-NEBFD,Female,0,No,No,10,Yes,No,Fiber optic,No,Yes,No,No,No,No,Month-to-month,Yes,Bank transfer (automatic),84.15,860.18,No
9491-JBLPI,Male,0,No,No,27,Yes,Yes,Fiber optic,No,Yes,Yes,Yes,Yes,No,One year,No,Credit card (automatic),80.5,2133.16,Yes
9492-GFLEC,Female,0,No,No,12,Yes,Yes,No,No internet service,No internet service,No internet service,No internet service,No internet service,No internet service,Month-to-month,Yes,Credit card (automatic),30.64,437.24,No
9493-LOOJJ,Male,0,No,No,10,Yes,No,DSL,No,No,No,No,Yes,No,Month-to-month,No,Credit card (automatic),49.75,354.43,No
9494-DCPLK,Female,0,Yes,No,9,Yes,No,Fiber optic,No,No,No,Yes,No,Yes,Month-to-month,No,Bank transfer (automatic),74.65,678.48,Yes
9495-HCGGG,Male,0,Yes,No,12,Yes,No,Fiber optic,No,No,No,Yes,Yes,No,Month-to-month,No,Mailed check,85.11,1068.64,No
9496-MGNBJ,Female,0,Yes,No,7,Yes,Yes,No,No internet service,No internet service,No internet service,No internet service,No internet service,No internet service,Month-to-month,No,Electronic check,26.34,193.15,No
9497-CJIPC,Male,0,Yes,No,18,Yes,No,No,No internet service,No internet service,No internet service,No internet service,No internet service,No internet service,Month-to-month,No,Electronic check,25.89,491.22,Yes
9498-BIPMJ,Male,1,Yes,Yes,1,Yes,Yes,Fiber optic,No,No,Yes,No,Yes,No,Two year,No,Electronic check,82.72,54.36,Yes
9499-IDNLI,Male,0,No,No,32,Yes,No,Fiber optic,No,No,No,Yes,No,No,Month-to-month,No,Bank transfer (automatic),84.29,2701.41,No
9500-CGGOP,Female,0,Yes,Yes,3,Yes,Yes,No,No internet service,No internet service,No internet service,No internet service,No internet service,No internet service,Month-to-month,Yes,Bank transfer (automatic),20.18,71.02,No
9501-KHJOD,Female,0,Yes,No,20,Yes,No,Fiber optic,No,No,No,Yes,Yes,No,Month-to-month,Yes,Electronic check,76.27,1490.72,No
9502-CCOLE,Male,0,Yes,Yes,11,Yes,Yes,No,No internet service,No internet service,No internet service,No internet service,No internet service,No internet service,One year,Yes,Credit card (automatic),18.0,269.54,No
9503-KONAP,Female,0,No,Yes,29,Yes,No,No,No internet service,No internet service,No internet service,No internet service,No internet service,No internet service,Two year,Yes,Mailed check,18.0,608.29,No
9504-JCNFC,Male,0,No,No,34,Yes,No,No,No internet service,No internet service,No internet service,No internet service,No internet service,No internet service,Two year,Yes,Electronic check,18.0,615.47,No
9505-EIBKP,Female,1,No,No,4,Yes,No,DSL,No,Yes,Yes,No,No,Yes,Month-to-month,No,Electronic check,67.54,245.49,Yes
9506-BLFFK,Male,0,Yes,No,22,No,No phone service,DSL,No,Yes,Yes,No,Yes,Yes,Month-to-month,No,Electronic check,50.16,1105.47,No
9507-KHLMK,Female,1,Yes,Yes,4,Yes,No,Fiber optic,No,No,No,No,Yes,No,Month-to-month,Yes,Electronic check,86.41,368.78,No
9508-NBIOB,Female,0,No,No,2,Yes,No,Fiber optic,No,Yes,No,No,No,No,Month-to-month,Yes,Credit card (automatic),87.04,180.56,No
9509-MAJBL,Female,0,Yes,Yes,53,Yes,Yes,DSL,No,No,No,No,Yes,No,Two year,No,Bank transfer (automatic),57.56,3080.87,No
9510-GHEFL,Female,0,No,No,3,Yes,Yes,DSL,No,Yes,No,No,No,Yes,One year,No,Electronic check,62.18,202.63,No
9511-AOFLO,Female,0,Yes,No,5,Yes,Yes,Fiber optic,No,Yes,No,No,Yes,No,Month-to-month,No,Electronic check,78.41,395.52,No
9512-HMCPK,Male,0,Yes,Yes,2,Yes,Yes,No,No internet service,No internet service,No internet service,No internet service,No internet service,No internet service,Two year,Yes,Bank transfer (automatic),23.04,0.0,No
9513-AKDAN,Female,0,No,No,12,Yes,Yes,Fiber optic,No,Yes,No,Yes,No,No,Two year,Yes,Credit card (automatic),87.69,1150.12,No
9514-HPEAN,Female,0,No,No,50,Yes,No,DSL,No,Yes,No,Yes,No,Yes,Two year,Yes,Electronic check,58.68,2887.76,No
9515-HIJBI,Female,1,No,No,6,Yes,Yes,DSL,No,Yes,Yes,No,No,No,Month-to-month,Yes,Mailed check,54.47,317.09,No
9516-HGCBG,Female,0,Yes,Yes,15,Yes,No,DSL,No,Yes,No,No,No,No,Month-to-month,No,Credit card (automatic),57.58,807.56,No
9517-OEFDB,Male,0,No,No,10,Yes,No,No,No internet service,No internet service,No internet service,No internet service,No internet service,No internet service,Month-to-month,Yes,Bank transfer (automatic),24.83,261.38,No
9518-ICLNG,Female,0,Yes,No,8,Yes,No,No,No internet service,No internet service,No internet service,No internet service,No internet service,No internet service,Month-to-month,Yes,Credit card (automatic),24.22,289.38,No
9519-NHBNF,Female,0,Yes,No,16,No,No phone service,Fiber optic,Yes,Yes,No,No,No,Yes,Month-to-month,No,Electronic check,86.22,1384.86,No
9520-KPHGK,Male,0,Yes,No,16,Yes,No,Fiber optic,No,No,No,No,No,Yes,Two year,Yes,Bank transfer (automatic),103.04,1595.94,No
9521-CANFH,Male,1,No,Yes,8,Yes,No,No,No internet service,No internet service,No internet service,No internet service,No internet service,No internet service,Month-to-month,Yes,Electronic check,18.0,186.65,No
9522-FEKLH,Female,0,No,No,38,Yes,No,DSL,Yes,No,No,No,No,No,One year,No,Bank transfer (automatic),51.87,2032.17,No
9523-BPOLO,Male,0,Yes,Yes,1,Yes,Yes,Fiber optic,No,No,Yes,No,No,No,Two year,No,Electronic check,85.45,54.59,Yes
9524-AAOND,Female,0,No,No,1,Yes,No,Fiber optic,No,Yes,No,Yes,Yes,No,Month-to-month,No,Bank transfer (automatic),80.3,138.15,No
9525-FPMIA,Female,0,Yes,No,72,Yes,Yes,No,No internet service,No internet service,No internet service,No internet service,No internet service,No internet service,Month-to-month,No,Electronic check,18.0,1319.94,No
9526-LAMME,Male,0,Yes,No,27,No,No phone service,Fiber optic,Yes,No,No,Yes,No,No,One year,No,Bank transfer (automatic),74.36,2075.56,No
9527-JEEJF,Female,0,No,No,32,Yes,Yes,Fiber optic,No,No,Yes,Yes,No,No,One year,Yes,Bank transfer (automatic),78.12,2484.44,No
9528-HCIMA,Male,0,No,No,18,Yes,Yes,No,No internet service,No internet service,No internet service,No internet service,No internet service,No internet service,Two year,Yes,Credit card (automatic),18.0,407.51,No
9529-DIONH,Male,0,No,Yes,10,No,No phone service,Fiber optic,No,No,Yes,Yes,No,No,Two year,Yes,Bank transfer (automatic),83.25,861.83,No
9530-JIAIC,Female,0,No,No,19,Yes,No,No,No internet service,No internet service,No internet service,No internet service,No internet service,No internet service,Two year,No,Mailed check,20.18,418.14,No
9531-KLJIA,Female,0,Yes,No,1,No,No phone service,Fiber optic,Yes,No,No,No,Yes,No,One year,Yes,Bank transfer (automatic),75.34,38.96,Yes
9532-AIKNF,Male,0,No,No,28,Yes,No,DSL,No,No,Yes,No,No,No,Month-to-month,No,Electronic check,47.57,1320.73,No
9533-DGEJN,Female,0,No,Yes,15,Yes,No,DSL,No,Yes,No,No,No,Yes,Two year,No,Bank transfer (automatic),55.17,865.9,Yes
9534-GHHAH,Male,1,Yes,No,62,Yes,Yes,No,No internet service,No internet service,No internet service,No internet service,No internet service,No internet service,Two year,Yes,Bank transfer (automatic),22.25,1400.32,No
9535-FDMNL,Male,0,No,No,20,Yes,No,DSL,No,No,No,No,No,Yes,Month-to-month,Yes,Mailed check,55.5,1136.63,No
9536-HCMDO,Male,1,No,Yes,3,Yes,No,Fiber optic,No,No,No,Yes,No,Yes,Month-to-month,No,Credit card (automatic),76.06,320.26,Yes
9537-FKGDD,Male,0,Yes,No,12,Yes,No,Fiber optic,Yes,No,No,Yes,No,Yes,Month-to-month,No,Mailed check,82.14,929.63,No
9538-PGFMK,Female,0,No,No,1,Yes,Yes,Fiber optic,Yes,No,Yes,No,No,No,Two year,No,Electronic check,85.07,92.22,No
9539-HAJMP,Female,0,Yes,Yes,27,Yes,No,Fiber optic,No,No,No,No,No,Yes,Month-to-month,No,Electronic check,86.4,2305.42,No
9540-KGLGP,Female,0,No,Yes,13,Yes,No,DSL,Yes,No,No,No,Yes,No,One year,Yes,Electronic check,58.99,743.18,No
9541-KGGJN,Female,0,Yes,No,9,No,No phone service,DSL,Yes,No,No,No,No,No,Two year,No,Electronic check,52.28,508.65,No
9542-PJHII,Female,0,No,No,69,Yes,Yes,DSL,No,Yes,No,No,Yes,Yes,Two year,No,Electronic check,53.42,3563.54,No
9543-BMMGG,Female,0,No,No,56,Yes,No,DSL,Yes,Yes,No,No,Yes,No,One year,No,Mailed check,53.12,2883.09,No
9544-DIHLA,Male,1,Yes,No,61,Yes,No,DSL,No,No,Yes,No,Yes,Yes,Two year,Yes,Bank transfer (automatic),57.38,3500.78,No
9545-BMOMB,Female,0,Yes,Yes,4,Yes,No,Fiber optic,Yes,No,Yes,No,No,Yes,Month-to-month,No,Electronic check,86.49,366.22,No
9546-LLKOO,Male,0,No,Yes,26,Yes,No,DSL,No,No,No,No,No,No,Month-to-month,No,Mailed check,49.12,1213.95,No
9547-HOADJ,Male,0,No,No,58,Yes,No,DSL,No,No,Yes,No,No,No,Month-to-month,Yes,Electronic check,54.04,3101.83,No
9548-LEIGH,Male,0,No,Yes,16,Yes,No,Fiber optic,No,No,Yes,Yes,No,Yes,Month-to-month,No,Credit card (automatic),95.59,1515.67,No
9549-PPNKI,Female,1,Yes,No,4,Yes,Yes,DSL,No,No,Yes,Yes,Yes,No,Month-to-month,Yes,Credit card (automatic),60.0,306.53,No
9550-MGEMO,Male,0,Yes,No,34,Yes,No,No,No internet service,No internet service,No internet service,No internet service,No internet service,No internet service,Month-to-month,Yes,Mailed check,18.0,634.17,No
9551-EPJKF,Female,1,No,No,42,Yes,No,Fiber optic,No,No,No,Yes,No,No,One year,Yes,Bank transfer (automatic),89.67,3758.0,No
9552-EMLKI,Male,1,No,Yes,24,Yes,Yes,No,No internet service,No internet service,No internet service,No internet service,No internet service,No internet service,Month-to-month,No,Bank transfer (automatic),18.0,410.28,No
9553-CCOGG,Female,0,Yes,No,6,Yes,Yes,DSL,No,Yes,No,Yes,Yes,No,One year,Yes,Mailed check,70.99,456.39,No
9554-FPCNM,Female,0,No,No,4,Yes,Yes,DSL,Yes,No,Yes,Yes,Yes,No,Month-to-month,No,Electronic check,63.67,207.05,No
9555-GEGBF,Female,0,Yes,Yes,19,Yes,Yes,Fiber optic,Yes,Yes,Yes,No,Yes,No,Month-to-month,No,Bank transfer (automatic),87.72,1662.37,No
9556-NHADK,Female,0,Yes,Yes,13,Yes,No,DSL,Yes,No,No,Yes,Yes,No,Month-to-month,Yes,Mailed check,60.46,791.13,Yes
9557-ANAJL,Female,0,No,No,22,Yes,No,Fiber optic,No,No,Yes,Yes,No,No,Month-to-month,Yes,Credit card (automatic),99.59,2181.82,No
9558-PNNKP,Male,0,Yes,No,2,Yes,Yes,Fiber optic,No,Yes,No,No,Yes,Yes,Month-to-month,Yes,Credit card (automatic),87.2,192.34,Yes
9559-HGLJM,Female,0,Yes,No,2,Yes,No,Fiber optic,Yes,Yes,No,Yes,Yes,Yes,Month-to-month,No,Electronic check,73.07,114.62,Yes
9560-APKNM,Female,0,No,No,9,Yes,No,No,No internet service,No internet service,No internet service,No internet service,No internet service,No internet service,One year,Yes,Mailed check,22.61,264.24,No
9561-BDPAP,Male,0,No,No,5,Yes,Yes,DSL,No,No,Yes,No,No,Yes,Month-to-month,Yes,Mailed check,57.3,357.46,No
9562-CHHHF,Female,0,No,No,19,Yes,Yes,Fiber optic,No,Yes,No,Yes,No,Yes,Month-to-month,Yes,Credit card (automatic),87.83,1781.63,No
9563-FEMID,Female,0,No,No,9,Yes,No,Fiber optic,No,No,No,No,Yes,No,Month-to-month,Yes,Bank transfer (automatic),79.11,792.72,Yes
9564-JOLLL,Female,1,No,No,23,No,No phone service,Fiber optic,No,Yes,No,No,No,No,Two year,No,Bank transfer (automatic),90.02,2094.94,Yes
9565-GAOIG,Female,0,Yes,Yes,29,Yes,Yes,DSL,No,No,No,No,No,No,Month-to-month,Yes,Bank transfer (automatic),59.43,1739.27,Yes
9566-JPLPI,Female,0,Yes,No,4,Yes,Yes,Fiber optic,Yes,No,No,No,Yes,No,Month-to-month,Yes,Mailed check,75.3,369.91,Yes
9567-GBOPF,Male,0,No,No,50,Yes,Yes,Fiber optic,No,No,No,No,Yes,No,Month-to-month,Yes,Credit card (automatic),80.3,4040.87,No
9568-JLKDC,Female,0,Yes,Yes,30,Yes,No,No,No internet service,No internet service,No internet service,No internet service,No internet service,No internet service,Two year,Yes,Electronic check,20.51,513.43,No
9569-BFHFI,Male,1,No,Yes,19,Yes,Yes,Fiber optic,Yes,No,Yes,No,No,Yes,Month-to-month,No,Electronic check,84.64,1622.89,Yes
9570-NEBPH,Female,0,No,Yes,47,Yes,Yes,DSL,No,No,No,Yes,Yes,Yes,Month-to-month,No,Mailed check,43.99,2038.98,No
9571-IPNJD,Male,1,Yes,No,6,Yes,No,Fiber optic,Yes,No,No,Yes,No,Yes,One year,No,Electronic check,85.79,452.08,No
9572-FOKJH,Male,0,No,Yes,10,Yes,Yes,No,No internet service,No internet service,No internet service,No internet service,No internet service,No internet service,One year,Yes,Mailed check,18.79,244.43,No
9573-ILELF,Male,1,No,No,1,Yes,No,Fiber optic,No,No,No,No,No,Yes,Month-to-month,Yes,Electronic check,78.85,14.43,Yes
9574-KDEGI,Female,0,Yes,No,12,Yes,No,Fiber optic,No,No,Yes,Yes,No,No,Month-to-month,No,Mailed check,82.07,971.73,Yes
9575-JKMPF,Female,1,Yes,No,14,Yes,Yes,Fiber optic,Yes,Yes,Yes,No,No,No,Two year,Yes,Electronic check,77.66,1119.53,No
9576-NFPHK,Male,1,No,No,19,No,No phone service,Fiber optic,Yes,No,Yes,Yes,No,No,Month-to-month,Yes,Electronic check,86.02,1624.99,Yes
9577-DCNGE,Female,0,Yes,No,1,No,No phone service,DSL,No,No,No,Yes,Yes,Yes,Month-to-month,Yes,Mailed check,46.17,0.0,No
9578-BBKFH,Female,1,Yes,No,0,Yes,No,Fiber optic,No,No,Yes,No,Yes,Yes,Month-to-month,Yes,Credit card (automatic),85.59,0.0,Yes
9579-AOKFL,Male,0,Yes,No,10,Yes,No,Fiber optic,Yes,No,No,No,No,No,Two year,No,Bank transfer (automatic),88.54,886.58,Yes
9580-BBGJA,Female,0,Yes,No,4,Yes,No,DSL,Yes,No,No,No,Yes,Yes,Month-to-month,Yes,Electronic check,46.71,100.12,No
9581-FNGNH,Male,0,No,Yes,28,No,No phone service,Fiber optic,No,No,No,No,No,Yes,Month-to-month,Yes,Mailed check,77.51,2124.52,Yes
9582-GFIMC,Female,1,No,Yes,22,Yes,No,DSL,Yes,No,No,Yes,Yes,Yes,Month-to-month,No,Credit card (automatic),61.93,1359.66,No
9583-KFDBA,Male,0,No,No,7,Yes,No,DSL,Yes,No,Yes,No,No,Yes,Month-to-month,No,Mailed check,58.15,393.14,No
9584-LPLNA,Female,0,No,No,0,Yes,No,Fiber optic,No,Yes,Yes,No,Yes,No,Two year,Yes,Mailed check,97.68,0.0,Yes
9585-KJCDP,Female,0,No,Yes,4,Yes,No,No,No internet service,No internet service,No internet service,No internet service,No internet service,No internet service,Month-to-month,Yes,Credit card (automatic),21.02,66.06,Yes
9586-BMLKK,Male,1,Yes,Yes,23,Yes,Yes,Fiber optic,No,Yes,No,No,No,Yes,Month-to-month,Yes,Electronic check,86.24,2068.11,No
9587-NKADO,Male,0,Yes,No,72,Yes,Yes,No,No internet service,No internet service,No internet service,No internet service,No internet service,No internet service,Month-to-month,Yes,Bank transfer (automatic),25.14,1827.88,No
9588-GPJKF,Female,0,No,No,7,Yes,Yes,Fiber optic,No,No,No,Yes,Yes,Yes,One year,Yes,Electronic check,77.45,504.83,Yes
9589-FKINO,Male,0,Yes,No,32,Yes,No,DSL,No,Yes,Yes,No,No,No,Month-to-month,Yes,Credit card (automatic),53.48,1713.0,No
9590-BDEAH,Male,0,No,Yes,40,Yes,Yes,Fiber optic,No,No,Yes,No,No,Yes,One year,Yes,Electronic check,91.62,3656.45,No
9591-HFLEH,Male,0,Yes,No,0,Yes,Yes,DSL,No,No,No,Yes,Yes,No,Month-to-month,No,Credit card (automatic),58.6,0.0,Yes
9592-CCBEC,Male,0,No,No,49,Yes,No,Fiber optic,No,No,No,No,No,No,One year,Yes,Bank transfer (automatic),74.9,3663.12,Yes
9593-PCOFP,Male,0,No,Yes,12,Yes,No,Fiber optic,No,No,Yes,Yes,No,No,Month-to-month,No,Electronic check,82.26,1004.72,No
9594-HPBDP,Female,1,Yes,No,66,Yes,No,Fiber optic,Yes,No,No,Yes,Yes,No,Month-to-month,Yes,Bank transfer (automatic),91.58,6017.58,No
9595-KGPAA,Male,0,Yes,No,15,Yes,Yes,Fiber optic,Yes,Yes,No,No,No,No,Month-to-month,No,Credit card (automatic),87.74,1274.69,No
9596-LMJGN,Male,0,Yes,No,5,Yes,No,No,No internet service,No internet service,No internet service,No internet service,No internet service,No internet service,Month-to-month,No,Electronic check,24.75,77.58,Yes
9597-GAADE,Male,0,No,No,72,Yes,No,No,No internet service,No internet service,No internet service,No internet service,No internet service,No internet service,Two year,No,Credit card (automatic),18.0,1234.92,No
9598-EDHGI,Male,0,Yes,No,5,Yes,No,DSL,Yes,No,No,No,No,Yes,Month-to-month,Yes,Mailed check,61.71,306.31,No
9599-GOJAM,Female,0,No,No,42,Yes,No,DSL,No,Yes,No,No,No,No,Two year,Yes,Electronic check,49.15,2059.83,No
9600-NGAGJ,Male,0,Yes,Yes,3,Yes,No,No,No internet service,No internet service,No internet service,No internet service,No internet service,No internet service,Month-to-month,No,Electronic check,18.0,71.49,No
9601-HKILC,Female,1,Yes,No,22,Yes,No,Fiber optic,Yes,No,Yes,No,No,Yes,Month-to-month,Yes,Credit card (automatic),76.62,1647.32,No
9602-ODDLI,Female,0,Yes,Yes,10,Yes,No,Fiber optic,No,No,No,No,No,No,Month-to-month,No,Credit card (automatic),80.17,796.86,No
9603-MGCJE,Male,0,No,Yes,71,Yes,No,DSL,No,No,No,Yes,Yes,No,Month-to-month,No,Credit card (automatic),48.02,3478.8,No
9604-GHPAL,Male,0,Yes,No,4,Yes,Yes,Fiber optic,No,No,Yes,No,No,No,Month-to-month,No,Mailed check,89.05,369.62,Yes
9605-BGKOM,Female,0,No,Yes,10,Yes,Yes,DSL,No,No,No,Yes,Yes,No,Month-to-month,No,Credit card (automatic),68.97,629.98,No
9606-PNMOB,Female,0,No,No,20,Yes,No,No,No internet service,No internet service,No internet service,No internet service,No internet service,No internet service,Two year,No,Mailed check,33.39,653.77,No
9607-GOIKB,Female,1,Yes,No,72,Yes,Yes,DSL,No,Yes,Yes,No,Yes,No,One year,Yes,Electronic check,45.74,3291.62,No
9608-GDKMB,Male,0,Yes,No,7,Yes,No,Fiber optic,No,No,Yes,No,No,No,Month-to-month,Yes,Mailed check,82.94,575.43,Yes
9609-MPGME,Female,0,No,Yes,10,Yes,Yes,DSL,No,Yes,No,No,No,No,Two year,Yes,Credit card (automatic),35.19,311.5,No
9610-AELLC,Male,0,Yes,Yes,12,Yes,No,Fiber optic,No,No,No,No,No,No,Month-to-month,Yes,Bank transfer (automatic),87.53,1045.08,No
9611-GFHME,Female,0,Yes,No,5,Yes,No,No,No internet service,No internet service,No internet service,No internet service,No internet service,No internet service,Two year,Yes,Electronic check,18.0,98.39,No
9612-BINKH,Female,0,No,No,34,Yes,No,DSL,No,Yes,Yes,Yes,Yes,Yes,Month-to-month,No,Bank transfer (automatic),63.34,2178.78,No
9613-FMJGI,Male,0,Yes,Yes,1,Yes,Yes,DSL,Yes,No,No,Yes,Yes,No,Month-to-month,No,Mailed check,56.92,159.06,No
9614-GCFKM,Male,0,Yes,No,24,Yes,Yes,Fiber optic,No,No,No,Yes,Yes,Yes,Two year,No,Electronic check,71.88,1755.41,No
9615-KGBCD,Female,0,No,No,15,Yes,Yes,Fiber optic,No,Yes,No,No,No,Yes,Month-to-month,Yes,Electronic check,80.39,1224.24,No
9616-JFAIE,Male,0,Yes,Yes,5,Yes,No,No,No internet service,No internet service,No internet service,No internet service,No internet service,No internet service,One year,No,Electronic check,23.4,89.61,No
9617-MLNGI,Male,0,No,No,13,Yes,No,DSL,No,No,Yes,No,No,No,Two year,Yes,Electronic check,50.83,703.27,No
9618-IAOAC,Female,1,Yes,No,35,Yes,No,No,No internet service,No internet service,No internet service,No internet service,No internet service,No internet service,Two year,Yes,Bank transfer (automatic),24.26,812.59,No
9619-FBJLK,Male,1,No,No,11,No,No phone service,Fiber optic,Yes,No,No,No,No,Yes,Two year,No,Electronic check,71.67,775.87,Yes
9620-AAMED,Male,0,No,Yes,2,Yes,No,DSL,Yes,Yes,No,Yes,Yes,Yes,Month-to-month,No,Mailed check,51.14,164.83,No
9621-ADCBI,Female,1,Yes,No,0,Yes,Yes,DSL,Yes,No,No,Yes,No,No,One year,Yes,Bank transfer (automatic),63.38,0.0,No
9622-NOKAG,Female,0,No,No,30,Yes,No,No,No internet service,No internet service,No internet service,No internet service,No internet service,No internet service,Month-to-month,Yes,Mailed check,18.0,528.59,No
9623-NMDEJ,Male,1,No,No,8,Yes,Yes,No,No internet service,No internet service,No internet service,No internet service,No internet service,No internet service,Two year,Yes,Electronic check,18.3,106.86,No
9624-EAFMI,Male,0,Yes,No,53,Yes,Yes,DSL,No,No,No,No,Yes,Yes,Month-to-month,Yes,Mailed check,64.83,3443.98,No
9625-BGFED,Male,0,No,Yes,19,Yes,Yes,No,No internet service,No internet service,No internet service,No internet service,No internet service,No internet service,Month-to-month,No,Mailed check,18.0,300.32,No
9626-DFDEM,Female,0,Yes,No,11,Yes,Yes,DSL,Yes,No,No,Yes,Yes,Yes,Two year,No,Mailed check,57.47,606.12,No
9627-FEGIJ,Female,0,No,No,16,Yes,No,DSL,No,No,No,No,Yes,No,Two year,Yes,Mailed check,62.02,1009.38,Yes
9628-GGDAN,Male,0,No,No,12,Yes,Yes,Fiber optic,No,No,Yes,No,No,Yes,Two year,Yes,Mailed check,73.45,914.19,Yes
9629-HDAEN,Male,0,Yes,Yes,47,No,No phone service,No,No internet service,No internet service,No internet service,No internet service,No internet service,No internet service,Month-to-month,Yes,Electronic check,18.73,918.98,No
9630-PNPHD,Male,0,Yes,Yes,12,Yes,No,Fiber optic,Yes,No,No,No,Yes,Yes,Month-to-month,No,Bank transfer (automatic),95.95,1184.87,No
9631-MLHHC,Female,0,Yes,No,2,Yes,Yes,No,No internet service,No internet service,No internet service,No internet service,No internet service,No internet service,Two year,No,Electronic check,18.4,0.0,No
9632-ICABO,Female,0,No,Yes,18,Yes,No,No,No internet service,No internet service,No internet service,No internet service,No internet service,No internet service,Month-to-month,No,Mailed check,27.87,529.82,No
9633-FLJBF,Male,1,Yes,No,19,Yes,No,DSL,No,No,No,No,No,No,Two year,Yes,Bank transfer (automatic),50.03,945.53,No
9634-NAKMA,Male,0,No,No,28,Yes,No,DSL,Yes,No,No,Yes,Yes,Yes,One year,Yes,Bank transfer (automatic),54.08,1549.76,Yes
9635-EJMKI,Male,0,Yes,No,54,Yes,No,DSL,No,Yes,No,No,No,Yes,Two year,No,Mailed check,72.67,3855.96,No
9636-PNHCO,Male,0,No,Yes,11,Yes,Yes,Fiber optic,No,No,Yes,Yes,Yes,Yes,One year,Yes,Bank transfer (automatic),92.26,970.4,Yes
9637-COANC,Female,1,No,No,8,Yes,No,Fiber optic,Yes,No,Yes,No,Yes,Yes,Two year,Yes,Bank transfer (automatic),91.61,696.73,No
9638-PONLL,Male,0,No,No,13,Yes,Yes,DSL,No,Yes,Yes,No,No,No,Month-to-month,Yes,Mailed check,59.88,882.16,Yes
9639-LMKAH,Male,1,No,No,46,Yes,No,Fiber optic,Yes,No,Yes,Yes,No,Yes,Two year,Yes,Credit card (automatic),83.84,3882.52,No
9640-AEIGD,Female,0,Yes,No,72,Yes,No,Fiber optic,No,No,No,Yes,Yes,No,Month-to-month,No,Electronic check,88.24,6321.91,No
9641-PKIIB,Male,0,Yes,Yes,70,Yes,Yes,Fiber optic,No,No,Yes,Yes,No,Yes,Month-to-month,Yes,Mailed check,81.51,5688.36,No
9642-JJKLF,Male,0,No,No,5,Yes,No,Fiber optic,No,Yes,Yes,No,No,Yes,Month-to-month,No,Bank transfer (automatic),70.85,299.18,No
9643-DHLKG,Male,0,Yes,No,13,Yes,No,DSL,No,No,Yes,No,No,No,One year,Yes,Credit card (automatic),58.43,730.36,No
9644-GKJIM,Male,0,No,No,6,Yes,No,Fiber optic,Yes,Yes,No,No,No,No,One year,Yes,Electronic check,106.6,643.92,No
9645-EFAFB,Male,0,No,No,9,Yes,No,DSL,No,No,Yes,No,No,No,Month-to-month,No,Mailed check,41.37,350.61,No
9646-FIHIM,Male,0,No,Yes,0,Yes,No,Fiber optic,Yes,No,Yes,No,Yes,Yes,One year,No,Electronic check,73.7,10.26,No
9647-OJHCH,Female,0,Yes,No,3,Yes,No,Fiber optic,No,No,No,No,No,No,Two year,Yes,Mailed check,77.1,228.07,Yes
9648-PFMFF,Male,0,Yes,No,10,Yes,Yes,Fiber optic,No,No,Yes,No,Yes,Yes,One year,No,Electronic check,94.75,923.56,No
9649-CJALN,Female,0,No,Yes,9,Yes,Yes,DSL,No,Yes,No,No,No,No,Month-to-month,No,Credit card (automatic),53.37,380.67,No
9650-DJLFK,Female,0,Yes,No,6,Yes,No,Fiber optic,No,No,No,Yes,No,No,One year,No,Electronic check,81.42,470.85,No
9651-LJBGG,Female,0,No,No,5,Yes,Yes,No,No internet service,No internet service,No internet service,No internet service,No internet service,No internet service,Two year,Yes,Electronic check,21.82,70.66,No
9652-KDDOA,Female,0,No,No,27,Yes,No,Fiber optic,No,No,No,No,Yes,No,Two year,Yes,Mailed check,84.17,2263.72,No
9653-MBIJH,Male,0,Yes,No,6,Yes,Yes,No,No internet service,No internet service,No internet service,No internet service,No internet service,No internet service,Month-to-month,No,Mailed check,24.05,213.61,No
9654-HIPOG,Male,0,Yes,No,24,Yes,Yes,DSL,No,No,No,No,No,No,Month-to-month,No,Electronic check,56.36,1386.64,No
9655-MIJLB,Male,0,No,No,9,No,No phone service,DSL,No,No,No,No,Yes,No,Month-to-month,Yes,Electronic check,34.79,284.78,Yes
9656-FOCKO,Male,1,No,No,32,Yes,Yes,Fiber optic,Yes,No,Yes,Yes,No,Yes,Month-to-month,Yes,Credit card (automatic),89.5,2838.38,No
9657-FCHOK,Female,0,No,No,3,Yes,Yes,Fiber optic,No,Yes,No,Yes,No,No,Month-to-month,No,Mailed check,77.42,230.52,No
9658-OMDLJ,Female,0,No,No,3,Yes,No,DSL,Yes,No,No,No,No,Yes,Month-to-month,Yes,Electronic check,46.93,113.88,No
9659-FOIBB,Female,0,No,No,22,Yes,Yes,Fiber optic,No,No,No,No,Yes,No,One year,Yes,Electronic check,83.08,1883.32,No
9660-GOBBD,Male,0,No,Yes,49,Yes,Yes,Fiber optic,No,No,No,Yes,Yes,No,Month-to-month,No,Electronic check,70.41,3498.93,No
9661-IHBHD,Female,0,Yes,Yes,3,Yes,Yes,Fiber optic,Yes,No,No,Yes,Yes,No,Month-to-month,No,Mailed check,86.84,209.66,No
9662-BKJGF,Male,0,No,No,1,Yes,No,DSL,No,Yes,Yes,No,No,No,Month-to-month,Yes,Credit card (automatic),58.93,131.1,No
9663-NJEKA,Female,0,Yes,No,54,Yes,No,No,No internet service,No internet service,No internet service,No internet service,No internet service,No internet service,Month-to-month,No,Credit card (automatic),28.77,1593.34,No
9664-BHACB,Male,0,No,No,2,No,No phone service,Fiber optic,Yes,No,No,Yes,Yes,No,Two year,Yes,Mailed check,84.03,157.37,No
9665-EDMGE,Female,0,No,No,5,Yes,No,Fiber optic,No,No,Yes,Yes,Yes,Yes,Month-to-month,Yes,Bank transfer (automatic),77.8,420.43,Yes
9666-HDOLF,Female,0,Yes,Yes,53,Yes,No,No,No internet service,No internet service,No internet service,No internet service,No internet service,No internet service,One year,No,Bank transfer (automatic),18.0,935.23,No
9667-DBANN,Male,0,Yes,No,32,Yes,Yes,DSL,No,No,Yes,Yes,No,Yes,Month-to-month,Yes,Mailed check,59.45,1880.22,No
9668-AHNDE,Female,0,No,Yes,8,Yes,Yes,Fiber optic,No,No,No,No,No,Yes,One year,Yes,Mailed check,81.26,605.63,No
9669-KHLOG,Female,0,Yes,Yes,61,Yes,Yes,No,No internet service,No internet service,No internet service,No internet service,No internet service,No internet service,Month-to-month,Yes,Electronic check,18.0,1192.41,No
9670-MPHMH,Male,0,No,Yes,16,Yes,No,Fiber optic,Yes,Yes,No,No,No,No,Month-to-month,Yes,Electronic check,81.85,1248.78,Yes
9671-FJBPF,Female,0,Yes,No,1,Yes,No,Fiber optic,No,Yes,No,Yes,Yes,No,One year,Yes,Electronic check,93.82,63.34,Yes
9672-NAAKC,Female,0,No,Yes,24,Yes,No,No,No internet service,No internet service,No internet service,No internet service,No internet service,No internet service,Month-to-month,No,Credit card (automatic),30.4,750.15,No
9673-CKMEA,Female,0,Yes,Yes,15,Yes,Yes,DSL,No,No,Yes,No,No,No,Month-to-month,Yes,Mailed check,48.06,637.29,No
9674-JFGJL,Female,0,No,No,17,Yes,Yes,DSL,No,Yes,No,No,No,No,One year,Yes,Electronic check,49.3,772.93,No
9675-MKCDJ,Male,0,Yes,Yes,72,Yes,No,Fiber optic,No,No,No,Yes,No,Yes,Month-to-month,No,Electronic check,82.74,5934.74,No
9676-KJNLO,Male,0,Yes,Yes,3,Yes,Yes,Fiber optic,Yes,Yes,Yes,Yes,No,No,One year,Yes,Mailed check,80.47,149.6,No
9677-JNPPJ,Female,0,Yes,No,21,Yes,No,DSL,No,No,Yes,No,No,Yes,Month-to-month,No,Bank transfer (automatic),64.91,1384.01,No
9678-PJCAH,Male,0,No,No,12,Yes,Yes,DSL,Yes,No,No,Yes,Yes,Yes,Month-to-month,Yes,Credit card (automatic),55.04,744.11,No
9679-MJJBA,Female,0,Yes,Yes,6,Yes,Yes,No,No internet service,No internet service,No internet service,No internet service,No internet service,No internet service,Month-to-month,No,Credit card (automatic),22.62,311.69,No
9680-NHGGD,Male,0,No,Yes,23,Yes,Yes,Fiber optic,Yes,Yes,No,No,No,No,Month-to-month,Yes,Credit card (automatic),77.66,1831.4,No
9681-KIFBN,Female,0,Yes,No,22,Yes,No,DSL,No,No,Yes,No,Yes,No,Month-to-month,No,Mailed check,52.62,1180.66,No
9682-AAIDE,Female,0,No,No,38,Yes,No,No,No internet service,No internet service,No internet service,No internet service,No internet service,No internet service,Month-to-month,No,Credit card (automatic),18.0,771.96,No
9683-CDLHM,Male,0,Yes,Yes,42,Yes,Yes,Fiber optic,No,No,No,No,Yes,Yes,One year,Yes,Mailed check,87.89,3692.56,No
9684-DIIPF,Female,0,No,Yes,16,Yes,Yes,Fiber optic,No,No,No,Yes,No,Yes,Two year,No,Electronic check,86.24,1473.11,No
9685-BLJKG,Female,0,Yes,No,7,Yes,No,Fiber optic,No,No,No,No,No,Yes,One year,No,Mailed check,87.7,655.72,No
9686-IFCPN,Female,1,No,No,15,Yes,Yes,Fiber optic,Yes,No,No,Yes,Yes,Yes,Month-to-month,No,Mailed check,96.51,1470.73,No
9687-OGPEP,Female,0,No,No,8,Yes,Yes,Fiber optic,Yes,No,Yes,No,No,No,Month-to-month,No,Mailed check,81.37,657.79,No
9688-ACEGC,Male,0,Yes,Yes,6,Yes,No,DSL,No,No,No,Yes,Yes,No,Month-to-month,Yes,Bank transfer (automatic),61.56,357.97,Yes
9689-FEMAP,Male,0,Yes,Yes,16,No,No phone service,DSL,No,No,No,No,No,No,Month-to-month,No,Bank transfer (automatic),54.44,900.29,No
9690-JFNHM,Male,0,Yes,No,21,Yes,No,DSL,No,Yes,No,Yes,No,Yes,One year,No,Electronic check,63.03,1360.77,Yes
9691-MABNO,Male,0,Yes,No,17,Yes,No,DSL,Yes,No,No,No,Yes,Yes,Two year,Yes,Electronic check,51.08,847.43,No
9692-DLBKI,Female,0,Yes,Yes,61,Yes,No,Fiber optic,No,No,Yes,No,No,Yes,Month-to-month,No,Bank transfer (automatic),77.57,4717.05,No
9693-JHHDE,Female,1,Yes,No,7,Yes,No,Fiber optic,Yes,Yes,No,No,No,Yes,Month-to-month,Yes,Electronic check,74.92,512.33,Yes
9694-DMIMB,Female,0,No,Yes,9,Yes,Yes,DSL,No,No,No,No,Yes,No,Two year,No,Bank transfer (automatic),60.13,572.9,Yes
9695-MKHBP,Female,0,Yes,No,22,Yes,Yes,No,No internet service,No internet service,No internet service,No internet service,No internet service,No internet service,Month-to-month,No,Electronic check,18.0,423.53,Yes
9696-AJCIL,Male,0,Yes,Yes,18,Yes,No,Fiber optic,Yes,No,Yes,No,Yes,No,Two year,No,Credit card (automatic),72.13,1248.82,No
9697-CIGMJ,Male,0,Yes,No,0,Yes,Yes,Fiber optic,No,No,Yes,No,No,No,Two year,No,Mailed check,86.57,51.68,Yes
9698-AJEIL,Male,0,No,No,7,Yes,Yes,No,No internet service,No internet service,No internet service,No internet service,No internet service,No internet service,Month-to-month,Yes,Electronic check,18.0,131.85,No
9699-OOCIE,Female,0,Yes,No,5,Yes,Yes,No,No internet service,No internet service,No internet service,No internet service,No internet service,No internet service,Month-to-month,Yes,Bank transfer (automatic),18.0,234.96,No
9700-IJFPI,Female,1,No,No,36,Yes,No,DSL,No,No,No,No,No,No,Two year,Yes,Mailed check,39.48,1364.46,No
9701-GGHGL,Female,0,No,No,40,No,No phone service,Fiber optic,No,Yes,No,No,No,No,One year,No,Electronic check,89.9,3647.54,No
9702-IKIFG,Female,0,No,No,6,Yes,No,No,No internet service,No internet service,No internet service,No internet service,No internet service,No internet service,Month-to-month,No,Credit card (automatic),21.18,136.35,No
9703-BOILM,Male,0,Yes,Yes,2,Yes,No,DSL,Yes,No,Yes,No,Yes,Yes,Month-to-month,No,Mailed check,52.64,145.15,No
9704-AACLF,Male,0,No,No,4,Yes,No,DSL,No,Yes,No,No,No,No,One year,No,Electronic check,56.43,183.87,No
9705-EOBIN,Male,0,Yes,Yes,3,Yes,Yes,DSL,No,No,No,No,No,Yes,Month-to-month,No,Credit card (automatic),67.41,167.18,No
9706-MJNDD,Female,0,No,No,5,Yes,Yes,DSL,No,No,Yes,No,No,No,Month-to-month,No,Electronic check,68.19,326.86,Yes
9707-EOHJD,Male,0,No,No,5,Yes,No,No,No internet service,No internet service,No internet service,No internet service,No internet service,No internet service,Month-to-month,Yes,Credit card (automatic),18.0,29.37,Yes
9708-PELDN,Female,0,No,Yes,13,Yes,Yes,No,No internet service,No internet service,No internet service,No internet service,No internet service,No internet service,Month-to-month,Yes,Mailed check,30.36,395.93,Yes
9709-PFLPC,Male,0,No,No,7,No,No phone service,DSL,Yes,Yes,No,No,Yes,No,Month-to-month,No,Bank transfer (automatic),57.05,385.54,No
9710-HFJEM,Male,0,No,No,16,No,No phone service,No,No internet service,No internet service,No internet service,No internet service,No internet service,No internet service,Month-to-month,No,Mailed check,18.0,339.38,No
9711-OBJJG,Female,1,Yes,No,8,Yes,Yes,DSL,Yes,No,No,Yes,Yes,No,Month-to-month,No,Electronic check,44.84,373.19,No
9712-BAGEA,Female,0,Yes,Yes,33,Yes,No,Fiber optic,Yes,No,No,No,Yes,No,Month-to-month,No,Bank transfer (automatic),85.52,2822.54,No
9713-ODLMD,Female,1,No,No,60,Yes,Yes,DSL,No,Yes,No,No,No,No,Two year,Yes,Electronic check,59.34,3501.94,No
9714-JGIBL,Male,0,No,No,10,Yes,Yes,DSL,No,No,Yes,Yes,No,No,One year,No,Bank transfer (automatic),42.27,417.05,No
9715-NPABG,Male,0,No,Yes,1,Yes,Yes,DSL,Yes,Yes,No,No,No,No,Month-to-month,No,Electronic check,56.93,87.6,Yes
9716-MJFDA,Male,0,No,No,5,Yes,No,Fiber optic,Yes,Yes,Yes,No,Yes,No,One year,Yes,Electronic check,74.77,472.35,No
9717-MAEPO,Male,0,Yes,No,2,Yes,Yes,DSL,No,No,No,No,No,No,Month-to-month,Yes,Mailed check,54.78,85.91,Yes
9718-ALOGP,Female,0,No,No,8,Yes,Yes,No,No internet service,No internet service,No internet service,No internet service,No internet service,No internet service,Two year,Yes,Credit card (automatic),24.87,174.77,No
9719-MKAAB,Male,0,No,No,20,Yes,No,DSL,No,No,Yes,No,No,No,Month-to-month,Yes,Bank transfer (automatic),58.04,1223.29,No
9720-MNKLJ,Female,0,Yes,No,14,Yes,No,Fiber optic,Yes,No,No,No,No,No,Month-to-month,No,Electronic check,81.52,1167.81,No
9721-PCMKP,Male,0,Yes,No,5,Yes,No,No,No internet service,No internet service,No internet service,No internet service,No internet service,No internet service,Two year,No,Bank transfer (automatic),22.53,64.09,No
9722-OAOIJ,Female,0,No,No,29,Yes,No,DSL,No,No,No,Yes,Yes,No,One year,Yes,Bank transfer (automatic),38.94,1112.32,No
9723-HEMKB,Female,0,No,Yes,2,Yes,No,Fiber optic,No,Yes,No,Yes,Yes,No,Month-to-month,Yes,Bank transfer (automatic),92.41,175.86,No
9724-EFNOA,Male,1,No,No,5,Yes,Yes,Fiber optic,Yes,No,No,Yes,No,No,Two year,Yes,Mailed check,93.41,482.8,No
9725-KDPIB,Male,0,Yes,Yes,22,Yes,Yes,DSL,Yes,No,Yes,Yes,No,No,Two year,No,Mailed check,50.04,1105.7,No
9726-EADDF,Female,1,Yes,No,4,Yes,No,DSL,Yes,No,Yes,No,Yes,No,Two year,No,Mailed check,64.6,306.51,No
9727-JICIF,Male,0,No,No,22,Yes,No,Fiber optic,Yes,No,Yes,No,No,Yes,Month-to-month,Yes,Electronic check,84.45,1925.98,Yes
9728-GLJBK,Female,1,No,Yes,72,Yes,Yes,DSL,No,Yes,No,No,Yes,Yes,Two year,Yes,Credit card (automatic),63.53,4546.14,No
9729-JNFFB,Male,0,Yes,No,35,Yes,No,DSL,No,No,No,No,No,No,Month-to-month,No,Bank transfer (automatic),36.87,1194.8,No
9730-BNBPJ,Male,0,No,No,3,Yes,Yes,Fiber optic,No,Yes,No,No,Yes,No,One year,Yes,Bank transfer (automatic),77.63,245.7,No
9731-PLAEH,Male,0,No,Yes,14,Yes,No,No,No internet service,No internet service,No internet service,No internet service,No internet service,No internet service,Month-to-month,Yes,Electronic check,18.0,321.44,No
9732-PBMOE,Male,0,No,No,10,Yes,No,DSL,Yes,No,No,No,Yes,No,Month-to-month,Yes,Bank transfer (automatic),45.88,428.8,No
9733-LHJNE,Male,0,No,No,72,Yes,Yes,Fiber optic,Yes,No,No,Yes,No,Yes,Month-to-month,No,Electronic check,92.8,6695.2,No
9734-BCOFK,Female,0,Yes,No,66,Yes,Yes,No,No internet service,No internet service,No internet service,No internet service,No internet service,No internet service,Month-to-month,Yes,Bank transfer (automatic),18.0,1102.29,No
9735-KEKDD,Male,0,No,Yes,2,Yes,No,DSL,No,No,No,Yes,Yes,Yes,Month-to-month,Yes,Electronic check,51.52,115.92,Yes
9736-EBIBJ,Female,0,Yes,Yes,47,No,No phone service,Fiber optic,No,No,Yes,No,No,No,Month-to-month,No,Electronic check,77.19,3647.17,No
9737-BJNIN,Female,0,No,Yes,4,Yes,No,DSL,Yes,No,Yes,No,Yes,Yes,Two year,Yes,Credit card (automatic),59.14,227.08,No
9738-COJGD,Female,0,Yes,Yes,7,Yes,Yes,No,No internet service,No internet service,No internet service,No internet service,No internet service,No internet service,One year,No,Electronic check,18.0,322.05,No
9739-MMFND,Male,0,No,No,8,Yes,Yes,DSL,No,Yes,No,Yes,No,Yes,Month-to-month,Yes,Bank transfer (automatic),50.75,373.62,No
9740-JOPGA,Female,0,No,No,6,Yes,No,DSL,Yes,No,Yes,Yes,No,No,One year,No,Electronic check,47.98,233.34,No
9741-CMCAF,Female,0,No,Yes,38,No,No phone service,Fiber optic,No,No,Yes,Yes,Yes,No,One year,Yes,Bank transfer (automatic),98.6,3803.15,Yes
9742-OMKPN,Female,1,No,Yes,8,Yes,No,No,No internet service,No internet service,No internet service,No internet service,No internet service,No internet service,Month-to-month,No,Electronic check,19.84,123.9,Yes
9743-IHKPG,Female,0,Yes,No,33,Yes,No,Fiber optic,Yes,No,Yes,No,No,No,One year,Yes,Mailed check,85.31,2901.94,No
9744-JHFIC,Female,0,No,No,72,Yes,Yes,Fiber optic,No,No,No,No,No,No,One year,No,Electronic check,88.16,6334.75,No
9745-OJJID,Female,0,Yes,No,36,Yes,Yes,No,No internet service,No internet service,No internet service,No internet service,No internet service,No internet service,Month-to-month,No,Credit card (automatic),18.0,653.88,No
9746-GOMIB,Male,0,Yes,Yes,8,No,No phone service,No,No internet service,No internet service,No internet service,No internet service,No internet service,No internet service,Month-to-month,No,Mailed check,18.0,127.89,No
9747-BPILM,Female,0,No,No,24,Yes,Yes,Fiber optic,No,Yes,No,No,Yes,No,Month-to-month,Yes,Electronic check,84.88,1984.57,No
9748-CIMOE,Female,0,No,No,15,Yes,No,No,No internet service,No internet service,No internet service,No internet service,No internet service,No internet service,One year,No,Bank transfer (automatic),31.72,441.23,No
9749-PFBHK,Male,0,No,No,30,Yes,Yes,No,No internet service,No internet service,No internet service,No internet service,No internet service,No internet service,Month-to-month,No,Mailed check,25.22,720.49,No
9750-IPBFP,Female,0,No,No,3,Yes,No,Fiber optic,No,Yes,Yes,No,No,No,One year,Yes,Credit card (automatic),80.01,254.95,No
9751-FHJLE,Male,0,No,No,20,Yes,Yes,No,No internet service,No internet service,No internet service,No internet service,No internet service,No internet service,Month-to-month,Yes,Mailed check,18.0,365.78,No
9752-IAIJG,Male,0,No,No,29,Yes,Yes,No,No internet service,No internet service,No internet service,No internet service,No internet service,No internet service,One year,No,Mailed check,32.48,951.03,No
9753-DCNJO,Female,0,No,No,28,Yes,Yes,Fiber optic,No,No,Yes,Yes,No,No,Two year,Yes,Mailed check,76.5,2078.37,No
9754-KNFLM,Female,1,No,No,66,Yes,Yes,Fiber optic,No,No,No,No,No,Yes,Two year,Yes,Credit card (automatic),74.09,4838.51,No
9755-APCBK,Male,0,Yes,Yes,1,Yes,Yes,DSL,No,Yes,No,No,Yes,No,One year,Yes,Bank transfer (automatic),55.26,82.75,No
9756-MICMB,Male,1,No,No,8,Yes,No,DSL,Yes,Yes,No,No,Yes,No,Month-to-month,No,Bank transfer (automatic),54.9,414.99,No
9757-DONBA,Male,0,No,No,12,Yes,Yes,Fiber optic,Yes,Yes,No,No,Yes,No,One year,Yes,Bank transfer (automatic),76.85,968.89,No
9758-FOJHJ,Male,0,Yes,No,7,Yes,Yes,Fiber optic,No,No,No,No,No,No,One year,Yes,Credit card (automatic),84.23,589.21,No
9759-JPBNI,Female,0,Yes,No,7,Yes,No,Fiber optic,No,No,No,No,No,No,Two year,Yes,Credit card (automatic),86.89,535.42,Yes
9760-OMCHL,Male,0,No,No,3,Yes,No,No,No internet service,No internet service,No internet service,No internet service,No internet service,No internet service,Two year,No,Credit card (automatic),22.52,19.29,No
9761-HOCCL,Male,0,Yes,No,33,Yes,No,Fiber optic,No,Yes,No,No,Yes,Yes,Month-to-month,Yes,Mailed check,82.35,2801.38,Yes
9762-OFADA,Male,0,Yes,No,47,Yes,No,DSL,No,Yes,No,No,No,Yes,One year,Yes,Electronic check,50.3,2405.87,No
9763-NCINN,Female,0,No,No,1,Yes,No,Fiber optic,Yes,No,No,Yes,No,No,Month-to-month,No,Electronic check,82.45,22.97,Yes
9764-ELEPK,Male,0,Yes,No,3,Yes,Yes,DSL,No,No,No,Yes,No,No,Month-to-month,Yes,Credit card (automatic),46.18,179.23,No
9765-DCEON,Male,0,No,No,5,Yes,No,Fiber optic,No,No,No,Yes,Yes,Yes,Month-to-month,No,Credit card (automatic),80.62,395.99,Yes
9766-KDHDK,Female,0,Yes,No,14,Yes,Yes,Fiber optic,Yes,Yes,No,No,No,No,Month-to-month,Yes,Bank transfer (automatic),85.99,1263.61,No
9767-LHFON,Female,0,Yes,No,31,Yes,No,Fiber optic,Yes,No,Yes,No,No,Yes,One year,Yes,Electronic check,87.49,2717.28,No
9768-LPPKE,Male,0,No,Yes,1,Yes,Yes,Fiber optic,No,No,No,Yes,No,Yes,One year,No,Electronic check,81.24,40.04,No
9769-DDLDK,Male,0,Yes,Yes,20,Yes,Yes,DSL,Yes,No,No,No,No,No,One year,No,Bank transfer (automatic),57.26,1179.12,No
9770-MMIDL,Male,1,No,No,3,No,No phone service,DSL,No,No,Yes,No,No,No,Two year,No,Electronic check,56.94,90.07,No
9771-IMPPJ,Female,0,No,Yes,71,Yes,No,Fiber optic,No,No,No,No,Yes,No,One year,No,Bank transfer (automatic),101.35,7218.5,No
9772-FJMGL,Female,1,No,Yes,45,Yes,Yes,Fiber optic,No,No,Yes,No,No,Yes,Two year,No,Mailed check,94.33,4222.98,No
9773-JCHCA,Male,0,No,No,59,Yes,Yes,Fiber optic,No,No,No,No,No,No,One year,Yes,Electronic check,58.78,3453.17,No
9774-MMJLE,Male,0,Yes,Yes,2,Yes,No,DSL,No,No,No,No,No,No,Month-to-month,No,Credit card (automatic),49.36,37.65,No
9775-BJNFM,Male,0,Yes,No,13,Yes,Yes,No,No internet service,No internet service,No internet service,No internet service,No internet service,No internet service,Month-to-month,Yes,Electronic check,21.75,287.52,No
9776-JIANM,Female,0,Yes,Yes,3,Yes,No,No,No internet service,No internet service,No internet service,No internet service,No internet service,No internet service,One year,No,Credit card (automatic),18.0,39.05,No
9777-PDOPA,Male,0,Yes,Yes,18,Yes,No,DSL,No,Yes,No,Yes,Yes,No,One year,Yes,Mailed check,75.78,1377.17,No
9778-AHNNM,Male,0,No,No,5,Yes,Yes,Fiber optic,No,No,No,Yes,No,Yes,One year,Yes,Electronic check,91.64,434.26,No
9779-NKOPP,Female,0,Yes,No,29,Yes,Yes,DSL,No,Yes,No,No,Yes,No,One year,No,Credit card (automatic),38.25,1066.58,No
9780-BAPKH,Male,0,No,Yes,20,Yes,Yes,Fiber optic,No,Yes,Yes,No,No,Yes,Two year,No,Credit card (automatic),77.39,1636.73,No
9781-DCMLD,Female,1,Yes,No,16,Yes,Yes,Fiber optic,Yes,No,Yes,No,Yes,Yes,Month-to-month,Yes,Credit card (automatic),82.12,1376.67,No
9782-PNPKE,Female,1,No,No,34,Yes,No,Fiber optic,Yes,Yes,No,No,No,Yes,One year,Yes,Bank transfer (automatic),94.91,3224.85,No
9783-AONKA,Male,0,Yes,No,13,Yes,No,DSL,No,No,No,No,Yes,No,One year,No,Bank transfer (automatic),61.22,833.24,No
9784-CFANK,Female,0,Yes,No,6,Yes,No,No,No internet service,No internet service,No internet service,No internet service,No internet service,No internet service,Month-to-month,Yes,Credit card (automatic),18.0,41.65,No
9785-LOBOL,Female,0,No,Yes,19,Yes,Yes,DSL,Yes,No,No,No,No,No,Two year,Yes,Electronic check,55.15,1130.03,No
9786-NGNNA,Male,0,No,No,62,Yes,Yes,No,No internet service,No internet service,No internet service,No internet service,No internet service,No internet service,Two year,Yes,Electronic check,21.0,1328.89,No
9787-MNOGO,Female,0,No,No,18,Yes,Yes,DSL,No,No,Yes,Yes,Yes,No,Month-to-month,Yes,Electronic check,53.05,1002.42,No
9788-DJNPF,Female,0,No,Yes,19,Yes,No,DSL,No,No,No,No,No,Yes,Month-to-month,No,Credit card (automatic),59.9,1126.11,No
9789-NHIFL,Male,0,No,No,54,Yes,No,Fiber optic,Yes,No,No,No,Yes,No,One year,Yes,Mailed check,84.9,4619.68,No
9790-KMONI,Male,0,No,No,14,Yes,Yes,No,No internet service,No internet service,No internet service,No internet service,No internet service,No internet service,Month-to-month,No,Electronic check,23.7,301.38,No
9791-DFHIC,Male,0,Yes,No,72,Yes,No,Fiber optic,No,Yes,Yes,Yes,Yes,Yes,Month-to-month,Yes,Electronic check,85.48,6218.55,No
9792-BFDAH,Male,0,Yes,Yes,3,Yes,Yes,DSL,No,No,No,Yes,No,No,Month-to-month,No,Mailed check,50.17,172.41,No
9793-INIBI,Male,0,No,No,15,Yes,No,No,No internet service,No internet service,No internet service,No internet service,No internet service,No internet service,Two year,Yes,Credit card (automatic),18.0,224.75,No
9794-GEGMI,Female,1,Yes,No,4,Yes,Yes,Fiber optic,No,Yes,No,No,No,Yes,Two year,Yes,Credit card (automatic),95.6,302.57,Yes
9795-HPFPM,Female,0,Yes,No,12,Yes,No,DSL,No,No,No,No,No,No,Month-to-month,Yes,Credit card (automatic),67.05,779.94,No
9796-DMOAF,Female,0,Yes,No,3,Yes,No,Fiber optic,No,No,No,No,Yes,Yes,Two year,Yes,Bank transfer (automatic),85.0,248.1,No
9797-CFFND,Female,0,Yes,No,5,Yes,No,Fiber optic,No,No,No,No,Yes,No,Two year,Yes,Electronic check,83.77,463.98,No
9798-BOIBC,Female,0,No,Yes,4,Yes,Yes,Fiber optic,Yes,Yes,Yes,No,Yes,Yes,One year,Yes,Bank transfer (automatic),73.54,298.57,No
9799-JAGOA,Male,0,Yes,No,7,Yes,No,Fiber optic,No,No,Yes,No,No,Yes,Month-to-month,Yes,Mailed check,82.69,469.86,Yes
9800-KIKKA,Male,0,Yes,No,2,Yes,No,No,No internet service,No internet service,No internet service,No internet service,No internet service,No internet service,Two year,No,Bank transfer (automatic),26.86,86.85,No
9801-EGCIH,Male,0,Yes,No,33,Yes,No,No,No internet service,No internet service,No internet service,No internet service,No internet service,No internet service,Month-to-month,Yes,Mailed check,25.61,928.54,No
9802-MOCOE,Male,0,No,Yes,4,No,No phone service,Fiber optic,No,Yes,No,Yes,No,Yes,Month-to-month,Yes,Mailed check,73.78,353.54,No
9803-GLNDE,Female,0,No,Yes,10,Yes,No,DSL,No,No,No,No,Yes,No,Month-to-month,No,Electronic check,68.97,661.17,Yes
9804-CIJIG,Male,0,Yes,No,0,Yes,Yes,Fiber optic,No,No,Yes,No,No,No,Month-to-month,No,Credit card (automatic),77.59,0.0,Yes
9805-JBGGK,Male,0,No,Yes,2,Yes,Yes,No,No internet service,No internet service,No internet service,No internet service,No internet service,No internet service,Month-to-month,Yes,Mailed check,18.0,68.87,Yes
9806-EPIML,Female,0,Yes,No,45,Yes,Yes,DSL,No,No,No,No,No,No,One year,Yes,Bank transfer (automatic),65.11,2968.66,No
9807-KCPDA,Female,0,No,No,36,Yes,No,Fiber optic,Yes,Yes,No,Yes,No,No,Month-to-month,Yes,Electronic check,90.15,3247.22,No
9808-FDABO,Male,0,No,Yes,36,No,No phone service,Fiber optic,Yes,No,No,No,No,No,One year,Yes,Mailed check,82.53,2890.62,No
9809-CIMHG,Female,0,No,No,10,No,No phone service,Fiber optic,Yes,Yes,No,Yes,No,No,Two year,No,Credit card (automatic),77.48,769.43,Yes
9810-MOKLN,Female,0,Yes,No,3,Yes,No,No,No internet service,No internet service,No internet service,No internet service,No internet service,No internet service,Month-to-month,No,Electronic check,33.34,106.34,No
9811-DAHDC,Male,0,Yes,No,2,Yes,No,Fiber optic,No,No,No,No,No,Yes,One year,No,Electronic check,80.21,116.63,Yes
9812-PIJDD,Female,1,Yes,Yes,18,Yes,No,Fiber optic,No,No,Yes,No,No,No,Month-to-month,No,Electronic check,83.24,1562.98,Yes
9813-NIMLK,Male,0,Yes,Yes,35,Yes,No,DSL,Yes,No,No,No,No,No,One year,Yes,Bank transfer (automatic),52.1,1816.02,No
9814-LNBNL,Female,0,Yes,No,46,Yes,Yes,No,No internet service,No internet service,No internet service,No internet service,No internet service,No internet service,Month-to-month,Yes,Mailed check,22.5,1020.21,No
9815-PEODI,Female,0,Yes,No,6,Yes,No,DSL,No,Yes,Yes,No,Yes,No,One year,No,Electronic check,55.79,412.09,No
9816-LEIKP,Female,0,Yes,No,7,Yes,No,No,No internet service,No internet service,No internet service,No internet service,No internet service,No internet service,Month-to-month,Yes,Bank transfer (automatic),26.57,160.54,No
9817-INBNO,Female,0,No,Yes,2,Yes,No,DSL,No,No,Yes,No,Yes,Yes,Month-to-month,Yes,Credit card (automatic),62.35,80.67,No
9818-ICDPA,Male,0,Yes,Yes,29,Yes,Yes,DSL,Yes,No,Yes,No,No,No,Month-to-month,Yes,Electronic check,49.33,1408.24,Yes
9819-NAAIK,Female,0,No,No,6,Yes,No,Fiber optic,Yes,No,No,No,No,No,Two year,Yes,Bank transfer (automatic),76.06,488.45,No
9820-HEEIC,Male,1,No,No,13,Yes,No,Fiber optic,No,Yes,Yes,Yes,No,Yes,One year,Yes,Bank transfer (automatic),92.86,1197.47,Yes
9821-CGIFN,Male,1,No,No,52,Yes,Yes,Fiber optic,No,No,No,Yes,No,No,Two year,Yes,Electronic check,78.14,3965.81,No
9822-BPABN,Female,0,No,No,27,Yes,No,Fiber optic,No,Yes,No,No,No,Yes,Two year,Yes,Bank transfer (automatic),84.43,2321.06,No
9823-NAJJI,Female,0,No,Yes,1,Yes,Yes,Fiber optic,No,No,Yes,No,Yes,No,Two year,Yes,Electronic check,81.73,162.0,Yes
9824-POJOL,Male,0,No,No,0,Yes,Yes,No,No internet service,No internet service,No internet service,No internet service,No internet service,No internet service,One year,Yes,Credit card (automatic),18.0,0.0,No
9825-PNMHO,Female,0,Yes,No,30,Yes,Yes,No,No internet service,No internet service,No internet service,No internet service,No internet service,No internet service,Month-to-month,Yes,Electronic check,23.22,743.5,Yes
9826-GOCHB,Female,0,No,Yes,16,Yes,No,DSL,Yes,No,No,No,Yes,Yes,Two year,Yes,Mailed check,55.35,971.98,No
9827-BKJCG,Male,0,No,No,25,Yes,No,Fiber optic,Yes,No,Yes,No,No,No,Month-to-month,No,Electronic check,88.77,2154.62,No
9828-AHLGD,Female,0,Yes,No,3,Yes,Yes,Fiber optic,No,No,Yes,No,No,No,Month-to-month,No,Credit card (automatic),88.37,214.11,No
9829-NOEJM,Male,0,Yes,Yes,41,Yes,Yes,Fiber optic,Yes,Yes,No,No,No,No,Two year,No,Mailed check,80.47,3321.84,No
9830-ADPOP,Female,0,No,No,29,Yes,Yes,DSL,Yes,No,No,Yes,No,No,Month-to-month,No,Credit card (automatic),71.89,2058.07,No
9831-AAJAG,Female,0,No,No,44,Yes,No,Fiber optic,No,No,Yes,No,Yes,Yes,Month-to-month,No,Credit card (automatic),75.96,3354.63,No
9832-GPPDO,Female,0,No,No,8,No,No phone service,Fiber optic,No,Yes,No,Yes,Yes,No,Month-to-month,No,Electronic check,84.0,653.6,Yes
9833-MLBLC,Female,0,Yes,No,6,No,No phone service,DSL,No,Yes,No,Yes,Yes,No,Two year,No,Credit card (automatic),71.75,457.72,No
9834-HMHKK,Female,0,No,No,3,Yes,No,Fiber optic,No,No,No,No,Yes,No,Two year,No,Bank transfer (automatic),85.92,254.21,Yes
9835-FOJIK,Female,1,Yes,No,53,No,No phone service,DSL,Yes,No,No,No,Yes,No,One year,No,Electronic check,50.45,2732.05,No
9836-LIDPL,Male,0,No,No,3,Yes,No,No,No internet service,No internet service,No internet service,No internet service,No internet service,No internet service,Two year,Yes,Electronic check,27.61,187.46,No
9837-AAOLJ,Male,0,Yes,No,2,Yes,Yes,No,No internet service,No internet service,No internet service,No internet service,No internet service,No internet service,Month-to-month,Yes,Credit card (automatic),32.22,59.6,No
9838-OENMB,Female,0,No,Yes,4,Yes,No,DSL,No,No,No,No,Yes,Yes,Month-to-month,Yes,Mailed check,47.87,303.26,Yes
9839-OFGAF,Female,0,Yes,No,29,Yes,Yes,Fiber optic,No,No,No,Yes,No,Yes,Month-to-month,No,Mailed check,91.46,2738.51,No
9840-HLENL,Male,0,Yes,Yes,44,Yes,Yes,Fiber optic,No,No,Yes,No,No,Yes,Month-to-month,Yes,Credit card (automatic),90.01,3990.09,Yes
9841-GJFDO,Male,1,Yes,Yes,33,Yes,No,Fiber optic,No,Yes,No,No,Yes,No,Month-to-month,No,Credit card (automatic),82.69,2755.77,Yes
9842-OGJIJ,Male,0,Yes,Yes,16,Yes,No,Fiber optic,No,Yes,No,No,Yes,Yes,Month-to-month,Yes,Electronic check,92.99,1500.01,Yes
9843-JPMGL,Female,0,No,No,72,Yes,No,Fiber optic,Yes,Yes,No,No,No,No,Month-to-month,Yes,Mailed check,88.78,6314.19,No
9844-NEGCB,Female,0,Yes,Yes,1,Yes,Yes,No,No internet service,No internet service,No internet service,No internet service,No internet service,No internet service,Month-to-month,Yes,Credit card (automatic),19.42,32.45,Yes
9845-KOEDE,Female,0,Yes,No,40,Yes,No,Fiber optic,No,No,No,Yes,No,Yes,Month-to-month,No,Credit card (automatic),90.24,3653.36,Yes
9846-HLDOI,Male,0,Yes,No,11,Yes,No,DSL,No,No,No,No,No,No,Two year,Yes,Bank transfer (automatic),41.26,434.44,No
9847-GJMLG,Male,0,No,No,12,Yes,No,DSL,No,Yes,No,No,No,No,Month-to-month,Yes,Electronic check,60.8,662.55,No
9848-OMMHL,Female,1,Yes,Yes,2,No,No phone service,No,No internet service,No internet service,No internet service,No internet service,No internet service,No internet service,Month-to-month,No,Bank transfer (automatic),18.66,80.87,No
9849-FHCJJ,Male,0,Yes,No,0,Yes,No,DSL,Yes,Yes,No,Yes,No,Yes,Month-to-month,No,Bank transfer (automatic),64.85,91.07,No
9850-NAPFA,Female,1,No,Yes,7,Yes,Yes,Fiber optic,No,No,No,No,Yes,No,Two year,Yes,Electronic check,89.09,666.62,No
9851-INBKB,Female,0,No,Yes,3,Yes,No,Fiber optic,No,No,No,No,No,Yes,One year,Yes,Bank transfer (automatic),98.56,295.76,Yes
9852-GBJHF,Male,0,No,No,13,Yes,No,DSL,Yes,Yes,Yes,No,No,No,One year,No,Electronic check,45.26,594.1,No
9853-NGGPF,Female,0,No,Yes,3,Yes,No,Fiber optic,No,No,Yes,No,No,Yes,Month-to-month,No,Bank transfer (automatic),85.88,243.48,Yes
9854-JKIMI,Male,0,Yes,No,2,Yes,No,No,No internet service,No internet service,No internet service,No internet service,No internet service,No internet service,Month-to-month,Yes,Mailed check,18.0,71.46,No
9855-OGIMJ,Male,0,No,No,41,Yes,No,DSL,No,No,No,Yes,Yes,No,Month-to-month,Yes,Electronic check,59.33,2492.21,Yes
9856-CCAEP,Female,0,No,Yes,50,Yes,Yes,DSL,No,No,No,Yes,No,Yes,Month-to-month,No,Mailed check,47.02,2379.24,No
9857-ODBPI,Female,0,No,No,66,Yes,Yes,No,No internet service,No internet service,No internet service,No internet service,No internet service,No internet service,One year,No,Electronic check,18.0,1186.43,No
9858-COHPF,Male,0,Yes,Yes,22,Yes,No,Fiber optic,No,Yes,Yes,No,No,No,Two year,Yes,Electronic check,90.31,2025.18,No
9859-NMEAP,Female,0,No,No,29,Yes,No,Fiber optic,Yes,Yes,Yes,No,Yes,Yes,Month-to-month,Yes,Electronic check,80.46,2337.31,Yes
9860-DCALO,Male,0,Yes,No,36,Yes,No,Fiber optic,No,Yes,Yes,No,No,No,Two year,Yes,Bank transfer (automatic),84.59,3103.41,No
9861-EFBPO,Female,0,No,Yes,21,Yes,Yes,Fiber optic,Yes,No,No,Yes,No,Yes,Month-to-month,No,Electronic check,79.19,1600.56,Yes
9862-NCKNO,Male,0,Yes,No,8,Yes,Yes,DSL,Yes,Yes,Yes,No,Yes,No,Month-to-month,Yes,Electronic check,59.56,512.29,Yes
9863-FDIED,Male,0,Yes,Yes,3,Yes,Yes,Fiber optic,No,No,No,Yes,No,No,Month-to-month,Yes,Credit card (automatic),85.97,221.53,No
9864-BFJBL,Female,1,No,No,5,No,No phone service,DSL,No,No,Yes,No,Yes,No,Two year,Yes,Electronic check,65.53,371.61,Yes
9865-MGCIP,Female,0,Yes,No,36,Yes,Yes,Fiber optic,No,No,No,No,Yes,Yes,Month-to-month,No,Mailed check,92.83,3387.96,Yes
9866-KEHKF,Male,1,No,No,23,No,No phone service,Fiber optic,Yes,No,Yes,No,No,Yes,One year,Yes,Electronic check,67.81,1594.13,No
9867-NLJHM,Male,0,No,No,12,Yes,Yes,No,No internet service,No internet service,No internet service,No internet service,No internet service,No internet service,Month-to-month,Yes,Credit card (automatic),25.95,373.14,No
9868-MKLCC,Male,0,No,No,0,Yes,No,No,No internet service,No internet service,No internet service,No internet service,No internet service,No internet service,Month-to-month,No,Mailed check,30.78,60.73,No
9869-EKJCH,Male,0,Yes,No,6,Yes,No,No,No internet service,No internet service,No internet service,No internet service,No internet service,No internet service,Month-to-month,No,Electronic check,18.0,102.66,No
9870-JMLNH,Female,0,No,Yes,26,Yes,No,Fiber optic,No,No,Yes,No,No,No,Month-to-month,No,Bank transfer (automatic),96.67,2554.09,No
9871-BLDJM,Female,0,No,No,14,Yes,No,DSL,Yes,No,No,No,Yes,No,Two year,Yes,Bank transfer (automatic),46.05,562.74,No
9872-ADLMM,Female,0,Yes,No,11,Yes,No,Fiber optic,No,No,No,Yes,Yes,Yes,Two year,No,Credit card (automatic),101.96,1119.61,Yes
9873-KMDJI,Male,0,No,No,7,Yes,Yes,Fiber optic,No,No,Yes,Yes,No,No,Month-to-month,No,Bank transfer (automatic),99.38,658.16,No
9874-OCOBI,Female,1,Yes,No,18,Yes,Yes,Fiber optic,No,No,No,No,Yes,No,One year,No,Electronic check,76.63,1342.81,No
9875-IAFJH,Male,1,Yes,No,67,No,No phone service,DSL,No,No,Yes,No,Yes,No,Month-to-month,Yes,Mailed check,50.14,3327.05,No
9876-CKIBF,Male,0,No,No,46,Yes,Yes,No,No internet service,No internet service,No internet service,No internet service,No internet service,No internet service,Two year,Yes,Mailed check,29.85,1401.17,No
9877-AMPGC,Female,0,No,No,0,No,No phone service,DSL,Yes,No,No,No,No,No,One year,No,Bank transfer (automatic),56.98,21.02,No
9878-GDIEC,Female,0,Yes,No,13,Yes,No,Fiber optic,No,No,No,No,Yes,Yes,Month-to-month,Yes,Bank transfer (automatic),89.94,1151.58,No
9879-OHFBC,Male,0,Yes,No,7,Yes,No,Fiber optic,No,No,No,No,No,Yes,Two year,No,Bank transfer (automatic),90.61,555.36,No
9880-HOJGJ,Male,0,No,Yes,14,Yes,No,Fiber optic,No,Yes,Yes,Yes,Yes,No,Month-to-month,No,Electronic check,89.22,1282.82,No
9881-FNAIC,Female,0,Yes,No,18,Yes,Yes,Fiber optic,No,No,No,No,No,No,Month-to-month,No,Mailed check,77.42,1334.68,No
9882-NEGOG,Male,0,Yes,No,4,Yes,No,DSL,No,No,No,No,No,No,One year,No,Mailed check,49.27,179.49,No
9883-CODJG,Female,0,No,No,30,Yes,No,No,No internet service,No internet service,No internet service,No internet service,No internet service,No internet service,Month-to-month,Yes,Credit card (automatic),18.0,483.85,No
9884-HBIGP,Female,0,Yes,No,12,No,No phone service,No,No internet service,No internet service,No internet service,No internet service,No internet service,No internet service,Month-to-month,Yes,Electronic check,18.0,231.19,No
9885-MHFFI,Male,1,No,No,72,Yes,Yes,Fiber optic,No,No,No,No,Yes,Yes,Month-to-month,No,Credit card (automatic),93.42,6630.62,No
9886-DKKEI,Male,0,Yes,No,0,Yes,Yes,DSL,No,No,No,No,No,No,Two year,No,Electronic check,66.86,42.66,Yes
9887-ADGKO,Male,0,No,Yes,4,Yes,No,DSL,No,Yes,No,No,No,No,Month-to-month,Yes,Electronic check,63.53,244.13,No
9888-IONMK,Male,0,Yes,Yes,23,No,No phone service,DSL,No,Yes,No,No,No,No,Month-to-month,Yes,Electronic check,53.68,1267.3,No
9889-LMJFL,Male,0,No,Yes,23,Yes,No,Fiber optic,Yes,No,No,Yes,Yes,No,Month-to-month,Yes,Bank transfer (automatic),74.54,1668.75,No
9890-HMIJD,Female,0,Yes,No,17,Yes,No,Fiber optic,No,Yes,No,No,Yes,Yes,Month-to-month,No,Bank transfer (automatic),66.23,1186.06,Yes
9891-ANHBK,Female,0,No,No,71,Yes,No,Fiber optic,No,No,Yes,Yes,No,No,One year,Yes,Bank transfer (automatic),89.25,6323.9,No
9892-PAMGL,Female,0,No,Yes,10,Yes,No,Fiber optic,No,No,No,Yes,Yes,No,Month-to-month,Yes,Bank transfer (automatic),94.6,850.81,Yes
9893-JIKOL,Female,1,No,Yes,10,Yes,Yes,No,No internet service,No internet service,No internet service,No internet service,No internet service,No internet service,One year,Yes,Electronic check,33.76,235.99,No
9894-LICFG,Male,0,Yes,No,48,Yes,Yes,DSL,No,No,No,No,Yes,No,One year,No,Bank transfer (automatic),60.63,2992.5,No
9895-NJIOB,Female,0,No,Yes,15,Yes,Yes,Fiber optic,Yes,No,No,Yes,Yes,No,Month-to-month,Yes,Bank transfer (automatic),87.25,1334.46,No
9896-HNPPG,Male,0,Yes,No,8,Yes,Yes,Fiber optic,No,Yes,No,No,No,Yes,Month-to-month,Yes,Bank transfer (automatic),87.5,744.45,No
9897-DBHKE,Male,1,No,Yes,25,Yes,Yes,No,No internet service,No internet service,No internet service,No internet service,No internet service,No internet service,One year,Yes,Bank transfer (automatic),18.0,444.64,No
9898-FNKGO,Male,0,Yes,No,19,Yes,Yes,Fiber optic,No,Yes,No,No,Yes,Yes,Month-to-month,No,Electronic check,92.45,1777.72,Yes
9899-OJAHD,Male,0,Yes,No,7,Yes,Yes,Fiber optic,No,No,No,No,No,No,Two year,Yes,Credit card (automatic),87.01,663.8,No
9900-MIAKB,Male,1,Yes,No,7,No,No phone service,Fiber optic,No,No,Yes,No,No,No,Two year,Yes,Credit card (automatic),94.28,666.12,No
9901-NFKJK,Female,1,No,No,10,Yes,No,No,No internet service,No internet service,No internet service,No internet service,No internet service,No internet service,One year,Yes,Bank transfer (automatic),18.0,226.67,No
9902-NADHO,Male,0,No,No,1,Yes,No,No,No internet service,No internet service,No internet service,No internet service,No internet service,No internet service,Two year,Yes,Mailed check,23.96,0.0,No
9903-JPEMI,Male,0,Yes,No,57,Yes,Yes,DSL,Yes,Yes,No,No,No,No,One year,No,Mailed check,45.16,2656.67,No
9904-KKFAF,Female,0,No,No,4,Yes,No,Fiber optic,No,No,No,Yes,No,Yes,Month-to-month,Yes,Electronic check,98.57,476.17,Yes
9905-FMFHO,Female,0,No,No,4,Yes,Yes,No,No internet service,No internet service,No internet service,No internet service,No internet service,No internet service,Month-to-month,No,Mailed check,18.0,27.31,Yes
9906-FEOKB,Female,0,No,Yes,20,Yes,Yes,Fiber optic,Yes,No,No,Yes,Yes,Yes,Month-to-month,No,Credit card (automatic),81.54,1584.62,No
9907-DNPOJ,Male,0,No,Yes,25,Yes,No,Fiber optic,No,Yes,No,No,Yes,Yes,Month-to-month,No,Mailed check,101.84,2640.31,No
9908-EJDPB,Male,0,No,No,26,No,No phone service,DSL,No,No,Yes,No,No,No,Month-to-month,Yes,Mailed check,68.0,1790.18,No
9909-PGJPJ,Male,0,No,No,9,Yes,No,Fiber optic,Yes,No,Yes,Yes,No,No,Month-to-month,Yes,Credit card (automatic),96.22,872.8,Yes
9910-BANEL,Male,1,Yes,No,41,Yes,Yes,Fiber optic,No,No,Yes,Yes,No,No,Month-to-month,No,Credit card (automatic),80.0,3213.65,Yes
9911-MAAOA,Female,0,No,Yes,15,Yes,No,Fiber optic,No,Yes,Yes,No,Yes,Yes,Month-to-month,Yes,Mailed check,83.64,1243.88,Yes
9912-FIJMK,Female,0,Yes,Yes,11,Yes,No,No,No internet service,No internet service,No internet service,No internet service,No internet service,No internet service,Month-to-month,Yes,Electronic check,18.0,246.67,Yes
9913-LAEOI,Female,1,No,No,33,Yes,No,DSL,Yes,No,No,Yes,Yes,Yes,Month-to-month,Yes,Electronic check,53.27,1698.65,Yes
9914-NIAPH,Female,0,No,No,5,Yes,Yes,Fiber optic,Yes,No,No,No,No,Yes,Two year,Yes,Credit card (automatic),103.92,541.62,Yes
9915-AOHAL,Female,0,Yes,No,39,Yes,Yes,No,No internet service,No internet service,No internet service,No internet service,No internet service,No internet service,Month-to-month,Yes,Credit card (automatic),18.0,709.63,No
9916-EHPFI,Female,0,Yes,Yes,15,Yes,No,Fiber optic,No,No,Yes,Yes,No,Yes,Two year,Yes,Mailed check,89.24,1329.41,No
9917-AIAPJ,Male,0,Yes,No,46,Yes,No,Fiber optic,Yes,No,No,No,Yes,No,Two year,Yes,Electronic check,91.94,4295.34,No
9918-JCACL,Male,0,Yes,No,4,No,No phone service,DSL,No,No,No,No,No,Yes,One year,No,Bank transfer (automatic),66.84,227.68,Yes
9919-KMBBI,Female,0,No,No,54,Yes,Yes,Fiber optic,Yes,Yes,No,Yes,Yes,No,Month-to-month,No,Mailed check,99.48,5370.59,No
9920-HALND,Female,0,No,Yes,23,Yes,Yes,No,No internet service,No internet service,No internet service,No internet service,No internet service,No internet service,One year,Yes,Electronic check,27.54,637.4,No
9921-MAALL,Female,0,Yes,No,19,Yes,Yes,No,No internet service,No internet service,No internet service,No internet service,No internet service,No internet service,Month-to-month,No,Credit card (automatic),19.46,384.81,No
9922-DBCKI,Female,0,No,No,10,Yes,No,Fiber optic,No,No,No,No,Yes,No,One year,No,Electronic check,73.74,812.09,Yes
9923-BDABE,Male,0,Yes,No,62,Yes,No,Fiber optic,No,No,No,No,No,No,Month-to-month,No,Bank transfer (automatic),89.45,5509.42,Yes
9924-NJOAP,Male,0,No,No,11,Yes,No,DSL,Yes,Yes,No,No,No,Yes,One year,No,Mailed check,48.88,576.24,No
9925-KGDFH,Male,0,Yes,No,13,Yes,No,Fiber optic,No,No,No,No,No,Yes,One year,Yes,Credit card (automatic),96.23,1286.47,Yes
9926-MPFPN,Female,1,No,Yes,30,Yes,Yes,DSL,No,No,No,No,No,Yes,One year,No,Bank transfer (automatic),70.71,2166.43,No
9927-BAHHI,Female,0,Yes,No,6,Yes,No,No,No internet service,No internet service,No internet service,No internet service,No internet service,No internet service,One year,Yes,Electronic check,27.06,175.16,No
9928-FLANI,Female,0,Yes,Yes,6,Yes,No,Fiber optic,No,No,No,No,No,No,Month-to-month,No,Mailed check,94.75,526.94,Yes
9929-LMONC,Male,0,No,No,29,Yes,Yes,Fiber optic,Yes,No,No,No,Yes,Yes,One year,Yes,Electronic check,76.36,2261.89,No
9930-KFJMJ,Male,0,Yes,No,2,Yes,No,DSL,Yes,No,No,No,Yes,Yes,Month-to-month,Yes,Bank transfer (automatic),48.16,81.72,No
9931-OKLNO,Male,0,No,No,34,Yes,No,Fiber optic,No,No,No,Yes,Yes,No,Month-to-month,Yes,Mailed check,74.82,2605.84,No
9932-PPIKM,Female,0,No,No,19,Yes,Yes,Fiber optic,No,No,Yes,Yes,No,Yes,Month-to-month,Yes,Mailed check,90.02,1661.55,No
9933-CEMNE,Male,0,No,No,15,Yes,No,DSL,Yes,No,Yes,No,No,Yes,Month-to-month,No,Electronic check,44.85,758.6,No
9934-JPGDK,Male,0,No,No,5,Yes,No,Fiber optic,No,No,Yes,Yes,No,No,Month-to-month,No,Electronic check,75.45,445.22,Yes
9935-DGIOK,Female,0,Yes,No,30,Yes,No,Fiber optic,Yes,Yes,No,No,Yes,No,One year,Yes,Electronic check,84.72,2521.97,No
9936-PDDFF,Male,0,No,Yes,32,Yes,Yes,Fiber optic,No,No,No,No,No,No,One year,No,Bank transfer (automatic),83.44,2642.89,No
9937-GOAMK,Female,0,No,Yes,13,Yes,Yes,DSL,Yes,No,No,No,Yes,No,Month-to-month,No,Bank transfer (automatic),56.09,713.82,Yes
9938-NCIFF,Female,0,Yes,No,9,Yes,No,No,No internet service,No internet service,No internet service,No internet service,No internet service,No internet service,Month-to-month,Yes,Mailed check,26.59,244.15,Yes
9939-EKPCK,Female,1,No,Yes,5,Yes,No,DSL,No,No,No,No,Yes,Yes,One year,No,Credit card (automatic),33.22,181.08,No
9940-ENACD,Male,0,No,No,28,Yes,Yes,Fiber optic,Yes,No,No,Yes,No,No,Two year,Yes,Mailed check,83.73,2371.66,No
9941-PPEJI,Male,1,No,No,20,No,No phone service,Fiber optic,Yes,Yes,No,No,No,Yes,Month-to-month,No,Credit card (automatic),89.07,1788.88,No
9942-DCJAM,Female,0,Yes,Yes,4,Yes,No,Fiber optic,No,No,No,No,Yes,No,Month-to-month,No,Bank transfer (automatic),89.9,322.24,No
9943-JFGJO,Male,0,No,No,31,Yes,Yes,Fiber optic,No,No,No,No,No,No,Two year,Yes,Credit card (automatic),100.51,3113.72,No
9944-HLALD,Female,0,Yes,No,42,Yes,No,DSL,No,Yes,No,No,No,Yes,Month-to-month,No,Credit card (automatic),54.07,2263.87,No
9945-KEBAH,Male,0,No,No,1,Yes,No,No,No internet service,No internet service,No internet service,No internet service,No internet service,No internet service,Month-to-month,No,Bank transfer (automatic),20.74,149.39,No
9946-FEMIM,Female,0,No,Yes,29,Yes,Yes,DSL,Yes,No,No,No,No,Yes,Two year,No,Bank transfer (automatic),58.88,1644.83,No
9947-KMPPK,Female,0,Yes,No,38,Yes,Yes,DSL,No,No,No,No,Yes,Yes,Month-to-month,Yes,Bank transfer (automatic),63.34,2510.27,No
9948-BJLHK,Male,0,No,No,72,Yes,No,Fiber optic,No,No,No,No,No,No,One year,No,Electronic check,87.45,6264.18,No
9949-NJMIA,Female,0,No,No,5,No,No phone service,No,No internet service,No internet service,No internet service,No internet service,No internet service,No internet service,Month-to-month,No,Electronic check,18.0,34.65,No
9950-GHCND,Female,0,No,No,9,Yes,No,DSL,No,No,No,No,No,Yes,Month-to-month,Yes,Electronic check,50.28,440.04,No
9951-MCGIC,Female,1,Yes,Yes,67,Yes,No,Fiber optic,Yes,No,No,No,No,Yes,Month-to-month,Yes,Electronic check,83.13,5635.93,No
9952-MFHFB,Female,0,No,No,1,Yes,Yes,Fiber optic,No,Yes,No,No,Yes,No,Month-to-month,No,Bank transfer (automatic),74.85,133.26,No
9953-MGBBB,Female,0,No,No,14,Yes,Yes,DSL,No,Yes,Yes,No,No,Yes,One year,Yes,Credit card (automatic),53.12,761.27,No
9954-KOANP,Male,0,No,Yes,14,Yes,No,Fiber optic,No,No,Yes,Yes,No,No,Month-to-month,No,Bank transfer (automatic),82.14,1165.66,No
9955-KANPG,Male,1,Yes,Yes,18,Yes,No,Fiber optic,Yes,No,No,No,No,No,One year,Yes,Credit card (automatic),76.64,1424.02,Yes
9956-POMPN,Female,0,Yes,Yes,8,Yes,Yes,Fiber optic,Yes,No,Yes,No,No,Yes,Month-to-month,No,Electronic check,74.99,619.54,No
9957-NONLE,Male,0,No,No,52,Yes,Yes,DSL,Yes,No,No,No,No,No,Month-to-month,Yes,Credit card (automatic),50.62,2648.02,No
9958-KPCAK,Female,0,Yes,Yes,6,Yes,Yes,No,No internet service,No internet service,No internet service,No internet service,No internet service,No internet service,One year,No,Electronic check,18.0,43.38,No
9959-JFKAI,Female,0,No,No,20,Yes,Yes,DSL,Yes,Yes,No,No,No,No,Month-to-month,No,Credit card (automatic),52.48,983.02,Yes
9960-BAOLG,Female,0,Yes,No,13,Yes,Yes,Fiber optic,Yes,Yes,No,No,No,Yes,Month-to-month,Yes,Credit card (automatic),84.87,1095.24,Yes
9961-FFNEK,Female,0,No,No,6,Yes,Yes,No,No internet service,No internet service,No internet service,No internet service,No internet service,No internet service,Month-to-month,No,Credit card (automatic),22.58,57.31,No
9962-DKDCJ,Female,0,No,No,4,Yes,Yes,DSL,No,Yes,No,Yes,No,Yes,Month-to-month,Yes,Credit card (automatic),45.25,138.23,Yes
9963-HGIAG,Male,0,No,No,62,Yes,No,DSL,No,No,Yes,Yes,No,No,Month-to-month,Yes,Mailed check,66.01,4115.74,No
9964-JDGML,Male,0,Yes,Yes,16,Yes,Yes,DSL,No,No,No,No,No,No,One year,Yes,Electronic check,51.72,862.17,No
9965-AECED,Male,0,No,No,18,Yes,No,No,No internet service,No internet service,No internet service,No internet service,No internet service,No internet service,One year,Yes,Credit card (automatic),18.06,326.02,Yes
9966-BKDCM,Male,0,No,Yes,30,Yes,No,Fiber optic,Yes,No,Yes,No,No,Yes,One year,No,Bank transfer (automatic),87.61,2620.18,No
9967-ALPJP,Male,0,No,No,1,Yes,Yes,No,No internet service,No internet service,No internet service,No internet service,No internet service,No internet service,Two year,Yes,Credit card (automatic),31.59,60.45,No
9968-HOEDJ,Male,1,Yes,No,25,Yes,No,Fiber optic,No,Yes,No,Yes,Yes,No,Two year,Yes,Mailed check,90.02,2222.19,No
9969-LEDCE,Female,0,No,No,3,Yes,Yes,No,No internet service,No internet service,No internet service,No internet service,No internet service,No internet service,One year,Yes,Electronic check,18.0,0.0,Yes
9970-DOALC,Male,0,No,No,26,Yes,Yes,Fiber optic,Yes,No,No,No,Yes,No,Month-to-month,No,Electronic check,78.86,2044.28,Yes
9971-JOJHG,Female,0,Yes,Yes,3,Yes,No,No,No internet service,No internet service,No internet service,No internet service,No internet service,No internet service,Two year,Yes,Bank transfer (automatic),18.0,37.22,No
9972-BACPE,Female,0,No,No,35,Yes,No,Fiber optic,Yes,No,Yes,Yes,Yes,No,Month-to-month,Yes,Electronic check,84.87,2921.44,No
9973-JOKLA,Male,0,Yes,No,22,No,No phone service,DSL,No,No,No,No,No,No,Month-to-month,No,Bank transfer (automatic),63.69,1470.11,No
9974-CCECM,Male,0,No,Yes,9,Yes,Yes,DSL,No,Yes,No,No,Yes,Yes,Month-to-month,No,Mailed check,67.42,622.61,Yes
9975-IADMM,Female,0,No,No,8,Yes,Yes,DSL,No,No,No,Yes,No,No,Two year,No,Mailed check,56.48,389.18,No
9976-JJDAN,Female,0,Yes,Yes,3,Yes,Yes,DSL,No,No,No,No,No,No,Two year,No,Credit card (automatic),42.17,140.09,No
9977-BKAFP,Female,0,Yes,No,46,Yes,No,Fiber optic,Yes,No,Yes,No,No,No,Two year,Yes,Electronic check,83.98,3846.92,No
9978-CGEIG,Female,0,No,No,2,Yes,Yes,DSL,No,No,No,Yes,No,Yes,Month-to-month,No,Mailed check,60.61,171.28,No
9979-DEEKO,Female,0,Yes,Yes,12,Yes,No,Fiber optic,No,Yes,No,No,No,Yes,Month-to-month,No,Bank transfer (automatic),88.72,1142.45,Yes
9980-EJIJC,Male,0,No,No,5,Yes,No,DSL,Yes,No,Yes,No,No,No,Month-to-month,No,Credit card (automatic),64.41,239.11,No
9981-FHKIM,Male,0,Yes,No,72,Yes,Yes,Fiber optic,No,No,No,No,Yes,Yes,Two year,Yes,Electronic check,89.19,6423.59,No
9982-OGLCA,Female,0,Yes,No,17,Yes,No,No,No internet service,No internet service,No internet service,No internet service,No internet service,No internet service,One year,Yes,Bank transfer (automatic),19.9,294.16,No
9983-DMFCN,Female,0,Yes,No,3,Yes,No,Fiber optic,No,No,No,Yes,Yes,No,Two year,Yes,Credit card (automatic),81.12,137.28,No
9984-AFNAI,Female,1,Yes,No,22,Yes,No,DSL,No,No,No,No,No,No,Month-to-month,No,Bank transfer (automatic),49.88,1178.59,Yes
9985-KNLPA,Female,0,Yes,No,72,Yes,Yes,DSL,Yes,Yes,Yes,No,Yes,No,Month-to-month,No,Credit card (automatic),54.03,3886.46,No
9986-MFALG,Female,0,No,Yes,18,Yes,Yes,No,No internet service,No internet service,No internet service,No internet service,No internet service,No internet service,Month-to-month,Yes,Credit card (automatic),18.0,346.12,No
9987-CFGAA,Female,0,No,No,12,Yes,No,DSL,Yes,Yes,No,No,No,Yes,Month-to-month,Yes,Credit card (automatic),43.82,491.9,No
9988-MEFOP,Female,0,Yes,No,6,Yes,Yes,Fiber optic,No,No,No,No,Yes,Yes,Month-to-month,No,Bank transfer (automatic),77.19,467.54,No
9989-OIPNA,Female,1,No,No,1,Yes,No,No,No internet service,No internet service,No internet service,No internet service,No internet service,No internet service,Month-to-month,Yes,Mailed check,32.51,37.4,No
9990-MDJHJ,Male,0,No,Yes,5,Yes,Yes,DSL,No,No,No,No,No,Yes,Two year,No,Electronic check,62.43,285.09,Yes
9991-IOMCK,Female,0,Yes,No,16,Yes,No,Fiber optic,No,No,No,No,No,No,One year,Yes,Electronic check,94.51,1515.47,Yes
9992-BDBAL,Female,0,No,No,28,Yes,Yes,DSL,Yes,No,No,No,Yes,No,One year,No,Electronic check,50.41,1554.87,No
9993-CGMPM,Male,0,No,No,42,Yes,Yes,DSL,No,No,Yes,No,Yes,No,Month-to-month,Yes,Electronic check,62.69,2591.18,No
9994-ABAHE,Female,0,Yes,No,31,Yes,No,DSL,No,Yes,Yes,No,Yes,No,Month-to-month,No,Electronic check,41.96,1290.17,No
9995-HCMLG,Female,0,Yes,No,2,Yes,Yes,Fiber optic,No,Yes,No,No,Yes,Yes,Month-to-month,No,Electronic check,80.47,238.31,Yes
9996-HOFMM,Female,0,No,No,29,Yes,No,No,No internet service,No internet service,No internet service,No internet service,No internet service,No internet service,Month-to-month,No,Electronic check,19.15,551.77,Yes
9997-GNLBP,Female,0,No,No,17,Yes,No,Fiber optic,No,Yes,No,No,Yes,Yes,Two year,Yes,Electronic check,95.82,1533.52,Yes
9998-HEGAE,Male,0,Yes,No,12,Yes,No,Fiber optic,No,Yes,No,Yes,No,No,Month-to-month,No,Electronic check,87.74,1043.93,Yes
9999-ALMHO,Female,0,No,No,17,Yes,No,DSL,No,Yes,No,No,No,Yes,Month-to-month,Yes,Mailed check,56.05,846.24,No
10000-DDBEA,Female,1,No,Yes,0,Yes,No,DSL,Yes,No,Yes,Yes,No,No,Month-to-month,No,Credit card (automatic),52.55,0.0,No
10001-IEFBJ,Female,0,Yes,No,1,Yes,Yes,Fiber optic,Yes,No,No,No,No,No,One year,Yes,Credit card (automatic),66.8,91.67,No
10002-JADGF,Male,1,Yes,Yes,14,Yes,Yes,No,No internet service,No internet service,No internet service,No internet service,No internet service,No internet service,Two year,No,Credit card (automatic),21.23,264.44,No
10003-PJAAH,Female,0,Yes,No,3,Yes,No,DSL,No,No,Yes,No,No,Yes,One year,Yes,Bank transfer (automatic),49.63,173.61,No
10004-DPEMG,Female,0,No,No,15,Yes,No,Fiber optic,Yes,No,No,No,No,No,Month-to-month,Yes,Electronic check,92.61,1366.74,Yes
10005-HOJGB,Male,0,No,No,8,Yes,No,No,No internet service,No internet service,No internet service,No internet service,No internet service,No internet service,Month-to-month,Yes,Bank transfer (automatic),18.0,198.82,No
10006-NODJL,Male,0,No,No,47,Yes,Yes,Fiber optic,No,No,No,Yes,No,No,One year,Yes,Bank transfer (automatic),79.8,3775.97,No
10007-AJICL,Male,0,No,No,59,Yes,Yes,Fiber optic,No,Yes,Yes,Yes,Yes,Yes,Month-to-month,Yes,Mailed check,82.37,4844.43,No
10008-CJIJC,Male,0,Yes,No,72,Yes,No,Fiber optic,No,No,No,Yes,No,No,Month-to-month,Yes,Credit card (automatic),92.37,6600.3,No
10009-PHBNM,Female,0,No,No,45,Yes,Yes,DSL,No,No,No,Yes,No,No,Month-to-month,Yes,Electronic check,50.56,2234.97,No
10010-CBABH,Male,0,Yes,Yes,72,Yes,Yes,DSL,No,No,No,Yes,Yes,No,Month-to-month,Yes,Bank transfer (automatic),51.43,3717.65,No
10011-IMBGP,Male,0,Yes,No,24,No,No phone service,DSL,Yes,No,No,Yes,No,No,Month-to-month,Yes,Mailed check,51.49,1247.93,No
10012-OECIO,Male,1,No,No,64,Yes,Yes,DSL,Yes,No,Yes,No,No,No,Two year,Yes,Credit card (automatic),50.57,3268.86,No
10013-FKAPP,Female,0,Yes,No,20,Yes,Yes,Fiber optic,No,No,Yes,No,No,Yes,Month-to-month,No,Electronic check,90.93,1839.55,Yes
10014-PEGPD,Male,0,No,Yes,33,Yes,No,Fiber optic,No,Yes,Yes,No,No,No,Two year,No,Electronic check,88.86,2976.87,No
10015-HJEII,Female,0,No,Yes,2,Yes,Yes,No,No internet service,No internet service,No internet service,No internet service,No internet service,No internet service,Two year,Yes,Mailed check,18.0,0.0,No
10016-IABCN,Female,0,No,No,22,No,No phone service,DSL,No,No,No,No,No,No,Month-to-month,No,Credit card (automatic),65.03,1429.98,No
10017-DJIJM,Male,0,Yes,No,53,Yes,Yes,No,No internet service,No internet service,No internet service,No internet service,No internet service,No internet service,Month-to-month,No,Electronic check,18.0,970.73,No
10018-FALIF,Female,0,Yes,No,15,Yes,No,DSL,No,Yes,No,Yes,No,No,One year,Yes,Bank transfer (automatic),68.32,994.83,No
10019-DNDCG,Male,0,Yes,Yes,4,Yes,No,DSL,No,Yes,No,No,Yes,No,Two year,No,Electronic check,59.81,142.03,No
10020-CBJHD,Male,0,No,Yes,14,Yes,Yes,Fiber optic,Yes,No,No,Yes,Yes,No,Month-to-month,No,Electronic check,81.53,1145.42,No
10021-PHAOE,Female,0,No,Yes,24,Yes,Yes,No,No internet service,No internet service,No internet service,No internet service,No internet service,No internet service,Two year,No,Mailed check,21.71,490.07,No
10022-MIAKM,Female,0,No,Yes,29,Yes,No,Fiber optic,No,Yes,Yes,Yes,Yes,Yes,One year,Yes,Bank transfer (automatic),91.3,2557.37,No
10023-DFPJP,Female,0,No,No,14,Yes,No,Fiber optic,Yes,No,No,No,No,No,Two year,Yes,Credit card (automatic),74.52,995.09,No
10024-HNCEP,Female,0,No,No,4,No,No phone service,Fiber optic,No,Yes,Yes,No,No,Yes,Two year,Yes,Bank transfer (automatic),86.15,319.24,Yes
10025-GAOGM,Male,0,No,No,52,Yes,Yes,Fiber optic,No,Yes,No,No,No,No,Month-to-month,No,Mailed check,82.15,4241.08,No
10026-LKHHP,Female,0,Yes,Yes,29,Yes,No,DSL,No,No,No,Yes,No,No,Month-to-month,No,Electronic check,64.64,1889.86,No
10027-IFLFB,Female,0,No,Yes,6,Yes,Yes,Fiber optic,No,Yes,No,No,Yes,No,Month-to-month,Yes,Electronic check,90.64,539.06,No
10028-CDDHN,Female,0,No,Yes,33,Yes,Yes,Fiber optic,No,Yes,No,Yes,Yes,No,Month-to-month,Yes,Bank transfer (automatic),74.77,2440.61,No
10029-AJPPP,Female,1,Yes,No,8,Yes,Yes,Fiber optic,No,Yes,Yes,No,Yes,Yes,One year,Yes,Electronic check,83.99,718.61,No
10030-NDKLM,Male,0,No,No,7,Yes,No,DSL,No,No,Yes,No,Yes,Yes,Two year,Yes,Electronic check,61.9,490.82,No
10031-KPKDA,Male,1,No,No,39,Yes,No,Fiber optic,No,No,No,No,No,No,Two year,Yes,Bank transfer (automatic),71.24,2823.07,No
10032-PCEFI,Female,1,No,No,41,Yes,Yes,Fiber optic,No,No,No,Yes,Yes,Yes,Month-to-month,Yes,Credit card (automatic),78.18,3189.0,No
10033-IIKAL,Female,0,No,No,10,Yes,No,Fiber optic,No,No,Yes,No,Yes,Yes,Month-to-month,Yes,Electronic check,91.84,916.98,Yes
10034-IMHPB,Male,0,Yes,No,0,Yes,Yes,Fiber optic,Yes,Yes,No,No,No,No,One year,Yes,Bank transfer (automatic),68.57,46.81,No
10035-MKAAL,Male,0,Yes,No,4,Yes,Yes,Fiber optic,No,No,Yes,No,No,No,Month-to-month,Yes,Electronic check,79.05,341.5,Yes
10036-FIGEK,Male,0,Yes,No,48,Yes,No,Fiber optic,Yes,No,No,No,No,Yes,Month-to-month,No,Electronic check,68.68,3261.52,No
10037-PBABA,Male,1,No,No,45,Yes,No,DSL,No,No,Yes,Yes,No,No,Two year,No,Credit card (automatic),52.31,2342.52,No
10038-CFMHC,Female,0,No,Yes,12,Yes,No,No,No internet service,No internet service,No internet service,No internet service,No internet service,No internet service,Two year,No,Mailed check,19.6,243.13,No
10039-JIJEG,Female,1,Yes,No,7,Yes,Yes,No,No internet service,No internet service,No internet service,No internet service,No internet service,No internet service,Two year,No,Electronic check,18.0,151.45,No
10040-HCBBE,Male,0,No,No,7,Yes,Yes,DSL,No,No,No,No,No,No,Month-to-month,No,Credit card (automatic),59.1,435.08,Yes
10041-OAOBM,Male,0,Yes,No,45,Yes,No,No,No internet service,No internet service,No internet service,No internet service,No internet service,No internet service,One year,No,Mailed check,25.85,1114.63,No
10042-IGPOP,Female,0,Yes,Yes,7,Yes,No,Fiber optic,No,No,No,No,Yes,No,Two year,Yes,Bank transfer (automatic),78.18,533.29,No
10043-OFIGN,Female,0,Yes,No,14,Yes,No,Fiber optic,No,No,No,No,Yes,Yes,Month-to-month,Yes,Mailed check,81.79,1226.33,Yes
10044-KEOPI,Male,0,Yes,No,26,Yes,Yes,No,No internet service,No internet service,No internet service,No internet service,No internet service,No internet service,Two year,Yes,Electronic check,18.58,490.7,No
10045-PFFKP,Female,0,Yes,Yes,4,No,No phone service,No,No internet service,No internet service,No internet service,No internet service,No internet service,No internet service,Month-to-month,Yes,Mailed check,25.07,109.24,Yes
10046-DMPLA,Male,1,Yes,No,5,Yes,Yes,DSL,No,Yes,No,No,No,Yes,Two year,Yes,Electronic check,40.27,216.4,No
10047-EPKIM,Female,0,Yes,No,8,No,No phone service,Fiber optic,Yes,No,No,No,Yes,Yes,Two year,Yes,Electronic check,79.66,606.41,Yes
10048-HHELI,Female,1,Yes,Yes,21,Yes,Yes,No,No internet service,No internet service,No internet service,No internet service,No internet service,No internet service,Month-to-month,No,Bank transfer (automatic),18.0,440.16,No
10049-CCAIF,Male,1,Yes,No,34,Yes,No,Fiber optic,No,No,No,No,No,Yes,One year,Yes,Electronic check,89.41,3041.0,Yes
10050-BHLII,Female,0,No,No,15,Yes,Yes,DSL,No,No,No,No,Yes,No,Month-to-month,Yes,Mailed check,48.68,708.12,No
10051-BBMGK,Male,0,Yes,No,2,Yes,No,No,No internet service,No internet service,No internet service,No internet service,No internet service,No internet service,One year,No,Mailed check,26.46,55.03,No
10052-DMAHB,Female,0,No,No,11,Yes,Yes,DSL,No,No,Yes,Yes,No,No,One year,Yes,Bank transfer (automatic),59.69,764.05,No
10053-NCENC,Male,0,Yes,No,2,Yes,No,Fiber optic,No,No,Yes,No,Yes,Yes,One year,Yes,Bank transfer (automatic),83.25,4.65,Yes
10054-GGNBM,Male,0,Yes,No,1,Yes,No,Fiber optic,Yes,Yes,No,No,Yes,No,Two year,Yes,Credit card (automatic),97.2,152.7,No
10055-MGKFJ,Male,0,Yes,No,17,Yes,Yes,Fiber optic,No,Yes,No,Yes,No,No,Month-to-month,No,Credit card (automatic),92.45,1524.53,No
10056-IMPIB,Female,1,No,No,62,Yes,Yes,DSL,No,No,Yes,Yes,No,No,Month-to-month,Yes,Credit card (automatic),45.94,2968.75,No
10057-GPEMF,Male,0,Yes,Yes,36,Yes,Yes,DSL,No,No,No,Yes,No,No,Two year,No,Bank transfer (automatic),58.55,2068.78,No
10058-PAGFD,Male,0,No,No,29,Yes,No,DSL,Yes,No,Yes,No,No,No,One year,Yes,Bank transfer (automatic),58.81,1711.81,No
10059-AIDBP,Female,1,No,Yes,25,Yes,Yes,Fiber optic,No,No,No,No,Yes,Yes,Two year,Yes,Electronic check,101.17,2555.59,Yes
10060-HBEKF,Female,0,Yes,No,45,Yes,Yes,Fiber optic,No,No,Yes,Yes,No,Yes,Month-to-month,Yes,Mailed check,72.93,3275.63,No
10061-KMHKA,Male,0,No,No,27,Yes,No,No,No internet service,No internet service,No internet service,No internet service,No internet service,No internet service,Two year,Yes,Bank transfer (automatic),28.98,808.39,No
10062-ALDEM,Male,0,Yes,No,19,Yes,No,Fiber optic,No,No,No,Yes,No,No,Two year,No,Mailed check,85.83,1633.11,No
10063-OMIKN,Female,0,Yes,No,9,Yes,No,DSL,Yes,Yes,No,Yes,No,No,Two year,Yes,Mailed check,55.87,474.19,No
10064-GGHOE,Female,0,Yes,Yes,2,Yes,No,No,No internet service,No internet service,No internet service,No internet service,No internet service,No internet service,Two year,Yes,Mailed check,18.0,26.36,Yes
10065-EANIF,Female,1,Yes,Yes,12,No,No phone service,DSL,No,Yes,No,No,Yes,Yes,Month-to-month,Yes,Credit card (automatic),62.69,701.19,No
10066-ICPEB,Male,0,Yes,No,51,Yes,No,Fiber optic,No,No,No,Yes,Yes,Yes,Month-to-month,No,Electronic check,96.48,4875.96,No
10067-JPEOM,Female,0,No,Yes,17,Yes,No,Fiber optic,No,No,No,No,Yes,No,Month-to-month,Yes,Mailed check,81.31,1413.16,No
10068-MPMON,Male,0,Yes,Yes,4,Yes,No,DSL,No,Yes,No,No,Yes,Yes,Month-to-month,No,Bank transfer (automatic),52.15,204.32,Yes
10069-HKBHD,Male,0,No,No,20,Yes,Yes,DSL,No,No,Yes,No,Yes,Yes,Month-to-month,Yes,Electronic check,33.38,685.55,No
10070-JJOAM,Male,1,Yes,No,12,Yes,No,No,No internet service,No internet service,No internet service,No internet service,No internet service,No internet service,Two year,No,Credit card (automatic),27.41,334.18,No
10071-EMAGH,Female,0,No,No,53,Yes,No,DSL,No,No,No,No,Yes,Yes,One year,No,Bank transfer (automatic),54.55,2850.86,No
10072-CCGDC,Female,0,Yes,Yes,3,Yes,Yes,Fiber optic,No,No,No,No,Yes,No,Two year,No,Mailed check,87.0,212.55,Yes
10073-OHCMN,Female,1,No,No,24,No,No phone service,No,No internet service,No internet service,No internet service,No internet service,No internet service,No internet service,Two year,No,Bank transfer (automatic),18.0,490.42,No
10074-GBKKA,Male,0,No,No,22,Yes,No,No,No internet service,No internet service,No internet service,No internet service,No internet service,No internet service,Month-to-month,No,Electronic check,18.0,442.61,No
10075-LFHAM,Male,0,Yes,Yes,72,Yes,Yes,DSL,Yes,No,No,No,No,No,Month-to-month,No,Bank transfer (automatic),42.17,3059.33,No
10076-JLIOC,Female,0,Yes,No,16,Yes,Yes,DSL,No,No,Yes,No,Yes,Yes,Month-to-month,No,Electronic check,54.83,854.14,No
10077-CDKOA,Female,0,Yes,Yes,41,Yes,No,Fiber optic,No,Yes,No,No,No,No,One year,No,Mailed check,83.83,3423.21,Yes
10078-IKCMJ,Male,0,Yes,No,0,Yes,Yes,DSL,No,No,Yes,No,No,No,Month-to-month,No,Electronic check,57.73,89.5,Yes
10079-PDADM,Male,0,Yes,No,2,Yes,No,Fiber optic,No,No,Yes,No,No,Yes,Two year,Yes,Credit card (automatic),100.49,298.84,No
10080-AEENK,Male,0,No,No,8,Yes,No,Fiber optic,No,Yes,No,No,Yes,Yes,Month-to-month,Yes,Bank transfer (automatic),88.32,761.56,Yes
10081-GNHDG,Male,0,Yes,No,19,Yes,No,Fiber optic,Yes,Yes,No,No,No,Yes,Month-to-month,Yes,Credit card (automatic),92.65,1814.54,No
10082-DCOFD,Female,1,No,No,11,Yes,Yes,Fiber optic,No,Yes,No,No,No,No,Month-to-month,Yes,Bank transfer (automatic),89.62,1090.5,Yes
10083-NCOOI,Male,0,Yes,No,4,Yes,Yes,No,No internet service,No internet service,No internet service,No internet service,No internet service,No internet service,One year,No,Credit card (automatic),26.33,125.17,No
10084-EMNGL,Male,0,No,No,17,Yes,No,DSL,No,Yes,Yes,No,Yes,No,Two year,Yes,Mailed check,59.59,1014.73,No
10085-NFJPO,Female,1,Yes,No,16,Yes,No,Fiber optic,No,No,Yes,No,Yes,No,Two year,Yes,Bank transfer (automatic),87.78,1394.0,Yes
10086-EGKFJ,Female,0,Yes,No,14,Yes,Yes,DSL,No,Yes,No,Yes,Yes,Yes,Two year,Yes,Electronic check,67.95,968.34,No
10087-BMMMC,Female,0,Yes,Yes,1,Yes,Yes,DSL,Yes,Yes,Yes,Yes,No,Yes,Month-to-month,No,Credit card (automatic),63.19,37.48,No
10088-BLCAH,Female,0,Yes,No,52,Yes,No,DSL,No,No,No,Yes,No,No,One year,No,Bank transfer (automatic),60.33,3117.47,No
10089-PFPMB,Male,1,No,No,17,Yes,No,Fiber optic,Yes,No,No,No,No,Yes,Month-to-month,No,Credit card (automatic),85.43,1409.99,Yes
10090-HFPGK,Male,1,No,No,6,Yes,No,No,No internet service,No internet service,No internet service,No internet service,No internet service,No internet service,Month-to-month,No,Bank transfer (automatic),18.0,164.58,Yes
10091-AGCKL,Male,0,No,No,23,Yes,Yes,Fiber optic,Yes,No,No,No,Yes,No,One year,Yes,Electronic check,92.62,2125.38,Yes
10092-HFDKH,Male,1,No,No,7,Yes,No,DSL,Yes,Yes,No,No,No,No,Month-to-month,No,Electronic check,51.44,382.35,No
10093-IJBPO,Male,0,No,No,14,Yes,No,Fiber optic,No,No,No,No,No,No,Month-to-month,Yes,Credit card (automatic),92.55,1341.05,Yes
10094-FEEJK,Female,1,No,No,8,No,No phone service,DSL,No,No,Yes,No,Yes,Yes,Month-to-month,Yes,Electronic check,53.37,393.82,No
10095-CLHNH,Female,0,Yes,Yes,42,Yes,No,Fiber optic,Yes,No,No,No,No,No,Two year,No,Electronic check,86.79,3710.84,No
10096-PLEHJ,Male,0,Yes,Yes,72,Yes,Yes,No,No internet service,No internet service,No internet service,No internet service,No internet service,No internet service,One year,Yes,Electronic check,20.88,1496.7,No
10097-OHCPB,Female,0,Yes,No,3,Yes,No,DSL,Yes,No,No,No,No,No,Month-to-month,No,Electronic check,44.02,70.05,No
10098-IBIDL,Male,0,No,Yes,0,Yes,Yes,DSL,Yes,Yes,Yes,No,No,Yes,Two year,Yes,Electronic check,58.85,0.0,No
10099-MBJAD,Male,0,Yes,Yes,4,Yes,Yes,DSL,Yes,No,No,Yes,Yes,No,Two year,Yes,Credit card (automatic),53.87,167.94,No
10100-ILIDI,Male,0,No,Yes,17,Yes,No,DSL,Yes,Yes,No,No,Yes,Yes,Two year,Yes,Mailed check,54.27,1070.79,No
10101-OLFAJ,Male,0,Yes,No,3,Yes,Yes,Fiber optic,No,Yes,No,Yes,No,No,One year,No,Electronic check,99.72,292.23,No
10102-MNFIM,Male,0,No,No,33,Yes,Yes,DSL,No,Yes,No,No,No,No,Month-to-month,Yes,Bank transfer (automatic),49.4,1648.66,No
10103-BFBDP,Female,0,No,Yes,10,Yes,Yes,DSL,No,Yes,No,Yes,Yes,No,Month-to-month,Yes,Electronic check,48.95,447.53,No
10104-OPHMG,Female,0,Yes,No,18,Yes,No,Fiber optic,No,Yes,No,No,Yes,Yes,Month-to-month,No,Bank transfer (automatic),82.63,1554.87,No
10105-KLMIG,Male,0,No,No,12,Yes,No,No,No internet service,No internet service,No internet service,No internet service,No internet service,No internet service,Two year,No,Mailed check,30.7,354.22,No
10106-ABPFG,Male,1,No,No,46,Yes,No,Fiber optic,Yes,No,Yes,No,No,No,Two year,Yes,Electronic check,79.36,3596.39,No
10107-CIMOG,Female,0,No,No,0,No,No phone service,Fiber optic,Yes,No,Yes,Yes,No,No,Month-to-month,Yes,Electronic check,96.27,0.0,No
10108-NFMFA,Male,0,Yes,No,26,Yes,No,DSL,No,No,No,No,Yes,No,One year,No,Bank transfer (automatic),77.88,2099.55,No
10109-MPEJC,Male,1,No,No,21,Yes,No,Fiber optic,No,Yes,Yes,No,No,No,One year,Yes,Electronic check,99.82,2022.21,No
10110-GJCEG,Male,0,Yes,Yes,20,Yes,Yes,DSL,Yes,Yes,No,No,Yes,No,Two year,No,Credit card (automatic),44.61,940.15,No
10111-NCMMJ,Female,0,No,No,10,Yes,No,No,No internet service,No internet service,No internet service,No internet service,No internet service,No internet service,Month-to-month,Yes,Credit card (automatic),18.0,136.92,No
10112-BFHDI,Male,0,No,No,0,No,No phone service,DSL,No,No,No,No,Yes,No,One year,Yes,Bank transfer (automatic),57.93,0.0,No
10113-LLOHG,Male,0,No,No,23,Yes,Yes,DSL,Yes,Yes,Yes,No,No,No,Month-to-month,Yes,Electronic check,53.52,1238.42,No
10114-NGCNF,Female,0,Yes,No,35,Yes,Yes,DSL,No,Yes,No,No,Yes,No,Month-to-month,Yes,Mailed check,53.17,1814.58,No
10115-MMEAK,Male,0,No,No,1,Yes,Yes,No,No internet service,No internet service,No internet service,No internet service,No internet service,No internet service,One year,No,Electronic check,18.0,39.87,No
10116-CMLAD,Male,0,Yes,No,11,Yes,No,Fiber optic,No,No,No,No,No,No,Month-to-month,No,Electronic check,83.33,869.43,Yes
10117-JCKDI,Female,0,Yes,No,3,Yes,No,No,No internet service,No internet service,No internet service,No internet service,No internet service,No internet service,One year,Yes,Credit card (automatic),24.92,129.04,No
10118-CLFFG,Female,0,No,No,18,Yes,Yes,Fiber optic,Yes,No,No,Yes,Yes,No,Month-to-month,No,Electronic check,81.88,1541.44,Yes
10119-ILGNA,Male,0,No,No,30,Yes,Yes,No,No internet service,No internet service,No internet service,No internet service,No internet service,No internet service,Two year,No,Electronic check,18.0,530.87,No
10120-POHEI,Female,0,No,Yes,21,Yes,No,DSL,Yes,No,Yes,No,No,Yes,Two year,Yes,Credit card (automatic),68.37,1504.55,No
10121-JMOLE,Male,0,No,No,7,Yes,No,DSL,No,No,No,No,No,No,Month-to-month,Yes,Electronic check,49.27,297.18,Yes
10122-EOLLN,Male,1,Yes,No,3,Yes,No,Fiber optic,Yes,Yes,Yes,No,Yes,Yes,One year,Yes,Mailed check,74.11,186.84,No
10123-BLKCJ,Female,0,Yes,Yes,31,Yes,Yes,Fiber optic,No,No,No,No,No,No,Month-to-month,No,Credit card (automatic),93.82,2930.26,No
10124-IGACL,Male,1,Yes,No,7,Yes,No,Fiber optic,No,Yes,No,Yes,Yes,Yes,One year,No,Electronic check,72.44,533.48,No
10125-BAIHO,Female,0,Yes,Yes,0,Yes,No,Fiber optic,No,Yes,Yes,No,Yes,No,Month-to-month,Yes,Bank transfer (automatic),81.26,0.0,Yes
10126-EKLBA,Female,0,Yes,No,16,Yes,Yes,Fiber optic,Yes,No,No,No,Yes,No,Month-to-month,No,Electronic check,74.76,1200.28,No
10127-GMKKO,Female,0,Yes,No,5,No,No phone service,No,No internet service,No internet service,No internet service,No internet service,No internet service,No internet service,Two year,No,Bank transfer (automatic),18.0,85.95,No
10128-PBABG,Male,0,Yes,Yes,36,No,No phone service,No,No internet service,No internet service,No internet service,No internet service,No internet service,No internet service,Month-to-month,No,Electronic check,18.0,670.83,No
10129-GJFEC,Female,1,No,Yes,3,Yes,Yes,DSL,No,Yes,Yes,No,Yes,No,One year,No,Bank transfer (automatic),66.13,295.05,No
10130-NLCKM,Male,0,No,No,11,Yes,No,Fiber optic,No,No,No,No,No,No,Month-to-month,Yes,Mailed check,95.22,1034.75,No
10131-LIDIP,Female,0,No,No,5,Yes,No,Fiber optic,No,Yes,No,No,No,Yes,One year,Yes,Electronic check,73.11,348.42,No
10132-PDBOD,Female,0,Yes,No,23,Yes,No,Fiber optic,No,No,Yes,No,No,No,Month-to-month,No,Mailed check,80.44,1844.34,No
10133-FFEOO,Male,0,Yes,No,15,Yes,No,DSL,Yes,Yes,No,No,No,No,Month-to-month,No,Electronic check,42.6,579.83,Yes
10134-ACEFN,Male,0,Yes,Yes,31,Yes,Yes,Fiber optic,No,Yes,No,No,Yes,No,Month-to-month,No,Credit card (automatic),85.75,2727.68,Yes
10135-PANNI,Female,1,Yes,Yes,12,Yes,No,No,No internet service,No internet service,No internet service,No internet service,No internet service,No internet service,Month-to-month,Yes,Bank transfer (automatic),20.03,304.9,No
10136-NCJMC,Male,0,No,No,0,Yes,Yes,DSL,No,No,No,No,No,No,Two year,No,Mailed check,41.83,31.6,No
10137-KBHOM,Male,1,No,No,4,Yes,No,No,No internet service,No internet service,No internet service,No internet service,No internet service,No internet service,Two year,No,Mailed check,37.87,155.8,Yes
10138-PPCFP,Female,0,No,No,72,Yes,Yes,DSL,No,No,No,Yes,Yes,Yes,Two year,Yes,Credit card (automatic),49.92,3580.49,No
10139-BGMDI,Female,0,No,No,10,Yes,Yes,Fiber optic,No,No,Yes,No,No,No,Month-to-month,No,Bank transfer (automatic),74.72,806.35,Yes
10140-NJIGO,Male,0,Yes,Yes,19,No,No phone service,Fiber optic,No,No,Yes,Yes,Yes,No,Month-to-month,No,Electronic check,83.56,1532.4,Yes
10141-LHCKE,Female,0,Yes,No,47,Yes,No,Fiber optic,Yes,Yes,No,No,No,Yes,One year,Yes,Credit card (automatic),96.51,4560.26,No
10142-BJPGM,Female,0,No,Yes,0,Yes,No,No,No internet service,No internet service,No internet service,No internet service,No internet service,No internet service,Two year,Yes,Bank transfer (automatic),18.0,42.59,No
10143-HIKKG,Female,0,No,Yes,21,Yes,Yes,No,No internet service,No internet service,No internet service,No internet service,No internet service,No internet service,One year,No,Electronic check,29.86,641.28,No
10144-JOPJM,Male,0,No,Yes,6,Yes,No,Fiber optic,Yes,No,No,No,No,No,Month-to-month,Yes,Electronic check,86.13,530.14,Yes
10145-HLIFL,Male,0,No,Yes,6,No,No phone service,Fiber optic,No,No,Yes,Yes,No,Yes,Two year,No,Credit card (automatic),73.75,410.43,No
10146-PLJBB,Male,0,Yes,Yes,5,No,No phone service,Fiber optic,Yes,No,Yes,No,No,No,Month-to-month,Yes,Electronic check,78.54,444.74,Yes
10147-DOIGB,Female,0,Yes,No,34,Yes,Yes,DSL,No,Yes,No,No,Yes,No,Two year,No,Bank transfer (automatic),52.57,1781.22,No
10148-HPKGI,Male,0,Yes,No,9,Yes,Yes,DSL,Yes,No,Yes,No,Yes,No,Two year,No,Electronic check,47.1,343.17,No
10149-HCABO,Female,0,Yes,Yes,1,Yes,No,Fiber optic,No,No,No,No,No,No,Two year,No,Mailed check,70.79,48.68,Yes
10150-NMBPD,Female,0,Yes,No,2,Yes,Yes,Fiber optic,No,Yes,No,No,Yes,Yes,Month-to-month,No,Electronic check,80.77,165.0,Yes
10151-FDIDF,Female,0,Yes,No,3,Yes,No,DSL,No,Yes,No,Yes,No,Yes,Month-to-month,Yes,Electronic check,67.76,191.45,No
10152-FJKJA,Female,0,No,Yes,45,Yes,No,No,No internet service,No internet service,No internet service,No internet service,No internet service,No internet service,One year,Yes,Bank transfer (automatic),21.76,1017.08,No
10153-HLCOM,Male,0,No,No,11,No,No phone service,DSL,No,No,No,Yes,No,No,Month-to-month,No,Credit card (automatic),60.45,642.91,Yes
10154-FCPOK,Female,0,Yes,Yes,49,Yes,Yes,DSL,Yes,No,No,Yes,No,No,Month-to-month,No,Bank transfer (automatic),53.25,2583.57,No
10155-BOEPN,Female,0,Yes,Yes,34,Yes,No,No,No internet service,No internet service,No internet service,No internet service,No internet service,No internet service,One year,Yes,Electronic check,22.2,703.53,No
10156-PAIKG,Male,0,No,No,36,Yes,No,Fiber optic,Yes,No,No,No,No,No,Month-to-month,No,Electronic check,77.95,2736.23,Yes
10157-CDMFC,Female,0,Yes,Yes,6,Yes,Yes,Fiber optic,No,Yes,No,No,Yes,No,Month-to-month,Yes,Mailed check,94.72,556.29,No
10158-LGMFI,Male,0,No,No,6,Yes,No,DSL,No,Yes,No,No,Yes,No,Month-to-month,Yes,Bank transfer (automatic),63.17,413.16,Yes
10159-LOEDC,Male,0,No,Yes,16,Yes,No,No,No internet service,No internet service,No internet service,No internet service,No internet service,No internet service,Two year,Yes,Bank transfer (automatic),18.0,259.16,No
10160-JACCG,Male,0,No,No,10,Yes,Yes,DSL,No,No,Yes,No,Yes,Yes,Two year,Yes,Bank transfer (automatic),60.34,535.4,No
10161-GMOLA,Female,0,Yes,No,14,Yes,No,DSL,No,Yes,Yes,No,Yes,No,One year,Yes,Bank transfer (automatic),50.48,703.81,No
10162-CMHPI,Male,0,No,Yes,1,Yes,Yes,DSL,No,No,No,Yes,Yes,No,Month-to-month,No,Mailed check,48.02,0.0,No
10163-GGLOP,Female,0,Yes,No,71,Yes,No,Fiber optic,No,Yes,Yes,No,No,No,One year,No,Mailed check,98.56,7002.53,No
10164-KHFKC,Male,0,Yes,No,1,Yes,Yes,No,No internet service,No internet service,No internet service,No internet service,No internet service,No internet service,Month-to-month,Yes,Electronic check,18.0,26.24,No
10165-OAGAA,Male,0,Yes,No,3,Yes,No,DSL,No,No,No,No,No,Yes,One year,Yes,Mailed check,65.81,138.98,No
10166-PIMJG,Male,0,No,No,22,Yes,No,DSL,Yes,No,Yes,No,Yes,Yes,One year,Yes,Mailed check,41.21,885.3,No
10167-MKMDF,Male,0,Yes,No,3,Yes,No,Fiber optic,No,Yes,Yes,Yes,No,No,Two year,Yes,Bank transfer (automatic),85.92,323.6,No
10168-AGLOP,Female,0,No,No,2,Yes,Yes,No,No internet service,No internet service,No internet service,No internet service,No internet service,No internet service,Month-to-month,No,Mailed check,18.0,95.37,No
10169-FDGCA,Female,0,Yes,Yes,3,Yes,No,DSL,Yes,No,No,No,No,Yes,Month-to-month,No,Electronic check,46.23,200.68,No
10170-DCABK,Male,0,Yes,Yes,1,Yes,No,Fiber optic,No,No,No,No,Yes,No,Two year,No,Electronic check,73.43,107.01,No
10171-EOHAD,Male,1,No,Yes,5,Yes,No,Fiber optic,No,No,Yes,No,Yes,No,Two year,Yes,Electronic check,85.29,367.42,No
10172-NDEGM,Male,0,Yes,No,6,Yes,No,No,No internet service,No internet service,No internet service,No internet service,No internet service,No internet service,Month-to-month,No,Bank transfer (automatic),24.65,148.0,Yes
10173-LHOFA,Female,1,Yes,No,13,Yes,Yes,Fiber optic,Yes,Yes,Yes,No,Yes,No,Month-to-month,Yes,Bank transfer (automatic),80.83,1048.79,No
10174-GCOMM,Male,0,Yes,Yes,11,Yes,No,DSL,No,Yes,No,No,No,No,Month-to-month,Yes,Bank transfer (automatic),49.03,516.15,No
10175-MFOPH,Male,0,Yes,Yes,12,Yes,No,Fiber optic,No,No,Yes,No,No,No,Month-to-month,No,Mailed check,75.98,932.48,Yes
10176-GPJFI,Female,0,Yes,Yes,19,Yes,Yes,DSL,No,Yes,No,Yes,No,No,Two year,Yes,Mailed check,71.94,1464.95,No
10177-IAAAH,Male,0,No,Yes,5,Yes,Yes,Fiber optic,Yes,No,No,No,Yes,No,One year,No,Bank transfer (automatic),84.13,484.92,No
10178-LMNLN,Male,0,No,No,2,Yes,Yes,DSL,No,Yes,No,No,Yes,Yes,Month-to-month,Yes,Credit card (automatic),44.32,74.31,No
10179-JGCMB,Male,0,No,Yes,42,Yes,No,DSL,No,Yes,No,Yes,Yes,Yes,One year,Yes,Mailed check,55.03,2349.88,No
10180-DCGJO,Male,0,No,Yes,20,Yes,Yes,DSL,Yes,No,Yes,No,No,Yes,Month-to-month,Yes,Mailed check,71.55,1408.8,No
10181-OHFCF,Female,0,No,No,1,No,No phone service,No,No internet service,No internet service,No internet service,No internet service,No internet service,No internet service,Month-to-month,No,Electronic check,18.0,37.98,Yes
10182-OPBOL,Female,0,No,No,64,Yes,Yes,Fiber optic,Yes,No,Yes,Yes,Yes,Yes,Month-to-month,Yes,Bank transfer (automatic),80.9,5231.5,No
10183-GNKJN,Female,0,No,No,23,Yes,Yes,DSL,No,Yes,No,Yes,No,No,Month-to-month,Yes,Mailed check,49.43,1158.52,No
10184-GDMHD,Male,0,Yes,No,3,Yes,Yes,DSL,No,No,No,No,Yes,Yes,Two year,No,Credit card (automatic),43.52,178.52,No
10185-GDPML,Male,0,Yes,Yes,69,Yes,Yes,DSL,No,No,No,No,No,No,Month-to-month,No,Bank transfer (automatic),56.25,3815.48,No
10186-EGMNN,Female,0,No,No,9,Yes,No,DSL,No,No,Yes,Yes,Yes,Yes,One year,No,Electronic check,56.26,527.82,No
10187-MJCJE,Male,0,Yes,Yes,72,No,No phone service,Fiber optic,No,No,No,No,No,No,One year,Yes,Mailed check,78.04,5552.97,Yes
10188-KNCEN,Male,0,No,No,2,Yes,No,Fiber optic,Yes,No,No,Yes,No,No,Two year,No,Credit card (automatic),97.76,221.3,Yes
10189-CKJKG,Female,0,No,No,3,Yes,Yes,No,No internet service,No internet service,No internet service,No internet service,No internet service,No internet service,Two year,No,Bank transfer (automatic),27.38,71.32,No
10190-MAIIE,Female,0,Yes,No,21,No,No phone service,No,No internet service,No internet service,No internet service,No internet service,No internet service,No internet service,Two year,Yes,Electronic check,18.0,326.98,No
10191-IJMOF,Male,0,No,No,0,Yes,Yes,Fiber optic,Yes,Yes,No,No,No,Yes,Month-to-month,Yes,Mailed check,90.0,0.0,No
10192-OEMCK,Female,0,Yes,No,0,Yes,No,No,No internet service,No internet service,No internet service,No internet service,No internet service,No internet service,Month-to-month,No,Electronic check,23.91,38.8,Yes
10193-KHPDP,Male,0,No,Yes,31,Yes,No,Fiber optic,No,Yes,No,Yes,No,No,One year,No,Credit card (automatic),90.1,2749.94,No
10194-JMOMC,Female,0,No,No,3,Yes,No,Fiber optic,No,No,No,No,Yes,No,Month-to-month,No,Bank transfer (automatic),91.15,229.7,Yes
10195-MFHMO,Female,0,No,No,50,Yes,Yes,No,No internet service,No internet service,No internet service,No internet service,No internet service,No internet service,Month-to-month,No,Credit card (automatic),24.58,1296.79,No
10196-INFEL,Male,1,Yes,Yes,11,Yes,No,No,No internet service,No internet service,No internet service,No internet service,No internet service,No internet service,Month-to-month,No,Electronic check,24.15,219.79,No
10197-KBBIB,Male,0,Yes,No,41,No,No phone service,No,No internet service,No internet service,No internet service,No internet service,No internet service,No internet service,Month-to-month,Yes,Credit card (automatic),36.57,1512.28,No
10198-BCPCD,Female,0,No,No,10,Yes,No,DSL,No,Yes,No,No,No,No,One year,No,Electronic check,52.4,507.45,No
10199-GIBDI,Male,0,No,Yes,15,Yes,Yes,DSL,No,No,Yes,No,No,No,One year,Yes,Mailed check,53.8,932.25,No
10200-NBJKM,Male,0,Yes,No,7,Yes,Yes,No,No internet service,No internet service,No internet service,No internet service,No internet service,No internet service,Two year,Yes,Electronic check,18.85,153.33,No
10201-AJHIG,Male,0,Yes,No,21,Yes,No,Fiber optic,No,No,Yes,No,No,Yes,Month-to-month,No,Electronic check,77.82,1687.86,Yes
10202-HDPDM,Female,0,Yes,Yes,7,Yes,Yes,No,No internet service,No internet service,No internet service,No internet service,No internet service,No internet service,Month-to-month,Yes,Credit card (automatic),21.17,185.29,No
10203-BHOKB,Male,0,No,No,5,Yes,No,Fiber optic,No,No,No,No,Yes,Yes,Month-to-month,No,Electronic check,84.9,427.07,Yes
10204-INDAM,Male,0,No,No,1,No,No phone service,Fiber optic,No,No,No,No,Yes,No,Two year,No,Electronic check,91.41,37.14,No
10205-DCLFP,Female,0,Yes,No,1,Yes,No,DSL,Yes,Yes,No,Yes,Yes,No,Month-to-month,Yes,Credit card (automatic),49.5,88.08,No
10206-GHBFO,Female,0,Yes,No,7,No,No phone service,Fiber optic,No,No,No,No,No,Yes,Month-to-month,Yes,Bank transfer (automatic),73.43,480.97,Yes
10207-FJLEJ,Female,0,No,No,26,Yes,No,No,No internet service,No internet service,No internet service,No internet service,No internet service,No internet service,Month-to-month,Yes,Mailed check,28.95,727.3,No
10208-JGCPD,Female,0,No,Yes,4,Yes,Yes,Fiber optic,No,Yes,Yes,No,No,No,Month-to-month,Yes,Electronic check,84.88,402.07,Yes
10209-JMIDC,Male,0,No,Yes,7,Yes,No,Fiber optic,No,No,Yes,No,Yes,No,Month-to-month,Yes,Bank transfer (automatic),80.08,569.49,Yes
10210-NBEDM,Male,0,No,Yes,47,Yes,Yes,Fiber optic,Yes,Yes,No,No,Yes,Yes,One year,Yes,Mailed check,99.2,4754.08,No
10211-MHGFK,Female,0,Yes,No,20,No,No phone service,DSL,Yes,Yes,No,Yes,Yes,Yes,Month-to-month,No,Electronic check,66.12,1426.44,No
10212-PLBCJ,Female,0,Yes,No,50,Yes,Yes,DSL,No,No,No,Yes,Yes,No,Month-to-month,Yes,Mailed check,63.61,3188.48,No
10213-IMIOE,Male,0,No,No,48,Yes,No,Fiber optic,Yes,No,No,No,Yes,Yes,One year,Yes,Mailed check,77.16,3644.58,No
10214-NCBHO,Male,0,No,No,1,Yes,No,DSL,No,Yes,No,No,Yes,No,Month-to-month,No,Mailed check,45.77,61.01,No
10215-FJKLG,Female,0,No,Yes,62,Yes,No,Fiber optic,No,No,No,No,No,No,Month-to-month,Yes,Credit card (automatic),93.62,5748.14,No
10216-AAPJB,Male,0,No,No,1,No,No phone service,No,No internet service,No internet service,No internet service,No internet service,No internet service,No internet service,Month-to-month,Yes,Bank transfer (automatic),27.16,124.45,No
10217-JOCLA,Male,1,No,No,51,Yes,No,Fiber optic,Yes,No,No,Yes,No,No,Two year,No,Bank transfer (automatic),91.81,4752.33,No
10218-NEOOC,Female,0,Yes,No,15,Yes,No,No,No internet service,No internet service,No internet service,No internet service,No internet service,No internet service,Month-to-month,Yes,Bank transfer (automatic),18.0,258.38,No
10219-AHLKF,Female,0,Yes,No,15,Yes,No,DSL,Yes,No,No,No,Yes,No,Month-to-month,Yes,Bank transfer (automatic),64.52,1009.56,No
10220-ICIIP,Female,0,No,No,24,Yes,Yes,Fiber optic,Yes,No,No,No,No,No,Month-to-month,No,Bank transfer (automatic),92.39,2265.46,No
10221-OLOML,Female,0,No,No,42,Yes,No,DSL,No,No,Yes,No,No,Yes,One year,Yes,Credit card (automatic),65.29,2720.97,No
10222-ACFHD,Male,0,No,No,19,Yes,Yes,DSL,No,No,No,No,Yes,No,Two year,No,Mailed check,52.87,1028.25,No
10223-EIFLG,Female,0,No,No,11,No,No phone service,No,No internet service,No internet service,No internet service,No internet service,No internet service,No internet service,One year,Yes,Mailed check,21.88,269.36,No
10224-GDDDN,Male,0,Yes,Yes,2,Yes,Yes,DSL,No,No,No,No,No,Yes,One year,No,Bank transfer (automatic),52.3,104.56,No
10225-OKEEH,Male,0,Yes,No,31,Yes,No,DSL,Yes,Yes,No,No,Yes,Yes,Month-to-month,No,Electronic check,66.73,2057.74,No
10226-IBKGA,Male,1,Yes,Yes,2,Yes,No,No,No internet service,No internet service,No internet service,No internet service,No internet service,No internet service,Two year,Yes,Bank transfer (automatic),18.0,0.0,No
10227-PADJG,Female,0,No,Yes,25,No,No phone service,No,No internet service,No internet service,No internet service,No internet service,No internet service,No internet service,Month-to-month,No,Credit card (automatic),18.0,432.35,No
10228-BKBAJ,Male,0,No,Yes,15,Yes,Yes,No,No internet service,No internet service,No internet service,No internet service,No internet service,No internet service,Month-to-month,No,Electronic check,20.62,223.91,No
10229-BMOGI,Female,0,Yes,Yes,9,Yes,No,DSL,No,Yes,Yes,No,No,Yes,One year,No,Bank transfer (automatic),58.28,536.26,No
10230-FJBLO,Female,0,No,No,18,Yes,Yes,DSL,No,No,No,No,Yes,Yes,One year,No,Electronic check,49.22,885.28,No
10231-JOJMI,Female,1,No,No,29,Yes,No,Fiber optic,Yes,No,No,Yes,Yes,Yes,Month-to-month,Yes,Bank transfer (automatic),72.77,2186.38,No
10232-GKALI,Male,0,No,No,56,Yes,No,Fiber optic,No,No,Yes,Yes,Yes,No,Two year,Yes,Mailed check,73.88,4152.26,No
10233-BDIPD,Female,0,No,Yes,6,Yes,Yes,DSL,No,No,No,Yes,Yes,No,One year,Yes,Bank transfer (automatic),60.58,373.72,No
10234-PCAGO,Female,0,Yes,Yes,58,Yes,No,DSL,Yes,No,No,No,No,Yes,Month-to-month,No,Electronic check,64.94,3725.85,No
10235-FJPDF,Male,0,No,No,64,Yes,Yes,Fiber optic,Yes,No,No,No,No,Yes,Month-to-month,Yes,Credit card (automatic),85.79,5442.81,No
10236-FMPDN,Female,0,No,No,33,Yes,No,Fiber optic,No,No,No,No,No,Yes,Month-to-month,No,Electronic check,87.71,2849.41,No
10237-MFJKH,Male,0,Yes,No,42,No,No phone service,DSL,No,Yes,Yes,No,No,No,Two year,Yes,Bank transfer (automatic),68.26,2861.28,No
10238-MCDJM,Male,0,No,No,23,No,No phone service,No,No internet service,No internet service,No internet service,No internet service,No internet service,No internet service,One year,Yes,Bank transfer (automatic),18.0,467.71,No
10239-LNOAD,Female,0,Yes,No,0,Yes,No,DSL,Yes,Yes,No,No,Yes,No,One year,Yes,Bank transfer (automatic),60.3,0.0,No
10240-KJJLN,Female,0,Yes,No,17,Yes,Yes,No,No internet service,No internet service,No internet service,No internet service,No internet service,No internet service,One year,Yes,Electronic check,18.0,289.4,No
10241-IHKDL,Female,1,Yes,No,27,Yes,No,No,No internet service,No internet service,No internet service,No internet service,No internet service,No internet service,Two year,Yes,Bank transfer (automatic),26.72,743.11,No
10242-GJCIJ,Female,0,No,No,56,Yes,Yes,Fiber optic,Yes,No,Yes,No,No,Yes,One year,Yes,Credit card (automatic),79.73,4567.45,No
10243-DBJEB,Male,0,No,No,16,Yes,Yes,Fiber optic,No,No,Yes,No,Yes,No,Month-to-month,Yes,Mailed check,76.48,1278.97,No
10244-NJPFK,Female,0,Yes,No,31,Yes,Yes,DSL,No,No,Yes,No,No,No,One year,Yes,Mailed check,56.88,1783.06,No
10245-JANFD,Female,1,No,No,24,Yes,No,No,No internet service,No internet service,No internet service,No internet service,No internet service,No internet service,One year,Yes,Mailed check,23.19,549.85,No
10246-CBGIL,Male,0,Yes,Yes,6,No,No phone service,DSL,No,Yes,No,Yes,Yes,No,Two year,Yes,Credit card (automatic),54.51,332.03,Yes
10247-CPFIP,Female,0,Yes,No,3,Yes,No,Fiber optic,No,No,No,No,Yes,No,One year,No,Bank transfer (automatic),73.11,221.09,Yes
10248-BGEEK,Female,0,Yes,No,27,Yes,No,Fiber optic,No,Yes,Yes,No,No,No,Month-to-month,Yes,Bank transfer (automatic),78.98,2101.17,No
10249-GIDIO,Female,0,No,Yes,5,Yes,No,DSL,No,Yes,Yes,No,No,No,Month-to-month,Yes,Credit card (automatic),47.66,278.87,Yes
10250-PNMKJ,Female,0,No,No,5,Yes,Yes,No,No internet service,No internet service,No internet service,No internet service,No internet service,No internet service,Month-to-month,Yes,Mailed check,21.66,126.19,No
10251-IMDCB,Female,0,No,No,20,Yes,Yes,No,No internet service,No internet service,No internet service,No internet service,No internet service,No internet service,One year,Yes,Bank transfer (automatic),18.0,357.99,No
10252-ILBFE,Male,1,No,No,31,Yes,No,DSL,No,No,No,No,No,No,Month-to-month,Yes,Bank transfer (automatic),71.3,2187.6,No
10253-NEDPF,Female,0,Yes,No,17,Yes,No,Fiber optic,Yes,Yes,No,Yes,Yes,Yes,One year,No,Credit card (automatic),88.28,1420.7,No
10254-EKDMI,Male,0,No,No,43,Yes,No,Fiber optic,Yes,Yes,Yes,No,No,No,Two year,Yes,Mailed check,92.72,3974.71,No
10255-MFKJP,Male,0,Yes,No,4,Yes,Yes,No,No internet service,No internet service,No internet service,No internet service,No internet service,No internet service,Month-to-month,Yes,Mailed check,18.0,60.26,No
10256-JMJMC,Male,0,No,No,5,Yes,No,DSL,Yes,No,No,No,Yes,Yes,One year,Yes,Electronic check,59.51,275.58,No
10257-JFNAE,Male,0,Yes,Yes,20,Yes,Yes,No,No internet service,No internet service,No internet service,No internet service,No internet service,No internet service,Month-to-month,Yes,Electronic check,20.3,258.6,No
10258-JFOKH,Female,1,Yes,No,35,Yes,Yes,DSL,Yes,No,No,No,No,No,Month-to-month,Yes,Mailed check,56.4,1971.41,No
10259-KOOIK,Female,1,No,No,15,Yes,Yes,DSL,No,Yes,No,No,Yes,No,Month-to-month,Yes,Electronic check,64.98,929.97,Yes
10260-CBMDH,Male,1,Yes,No,0,No,No phone service,Fiber optic,Yes,Yes,No,Yes,No,Yes,One year,Yes,Electronic check,98.62,0.0,Yes
10261-KPPHC,Female,0,Yes,Yes,22,Yes,No,DSL,No,Yes,No,No,Yes,Yes,Two year,Yes,Credit card (automatic),60.63,1364.99,No
10262-DCJBD,Female,0,No,No,33,No,No phone service,No,No internet service,No internet service,No internet service,No internet service,No internet service,No internet service,Two year,Yes,Credit card (automatic),20.24,608.47,No
10263-FKNPK,Male,0,Yes,No,6,Yes,Yes,DSL,No,No,Yes,No,No,Yes,Month-to-month,No,Electronic check,48.32,366.36,No
10264-ECBIO,Female,0,Yes,No,1,Yes,No,No,No internet service,No internet service,No internet service,No internet service,No internet service,No internet service,Month-to-month,No,Bank transfer (automatic),24.27,16.22,No
10265-AIAON,Male,0,Yes,Yes,14,No,No phone service,No,No internet service,No internet service,No internet service,No internet service,No internet service,No internet service,One year,Yes,Credit card (automatic),18.0,275.01,No
10266-GFGOC,Male,0,Yes,Yes,0,Yes,Yes,No,No internet service,No internet service,No internet service,No internet service,No internet service,No internet service,Month-to-month,Yes,Mailed check,23.26,90.02,No
10267-NCMKA,Female,0,Yes,No,10,Yes,Yes,Fiber optic,No,No,No,No,No,No,Two year,Yes,Electronic check,81.02,806.01,No
10268-DLBJH,Female,0,Yes,No,0,Yes,No,Fiber optic,Yes,No,Yes,No,No,Yes,Month-to-month,Yes,Electronic check,76.02,18.28,Yes
10269-CGGLI,Female,0,No,No,5,Yes,No,Fiber optic,No,No,No,No,No,Yes,Month-to-month,No,Electronic check,87.71,435.28,Yes
10270-FAHAC,Male,1,No,No,9,Yes,No,No,No internet service,No internet service,No internet service,No internet service,No internet service,No internet service,Month-to-month,Yes,Credit card (automatic),18.0,215.24,No
10271-KEHIO,Male,0,No,No,2,Yes,No,DSL,Yes,No,Yes,Yes,Yes,No,Two year,No,Mailed check,52.2,135.07,No
10272-GPIKC,Female,0,Yes,No,2,Yes,No,Fiber optic,No,Yes,No,No,No,No,Month-to-month,Yes,Bank transfer (automatic),82.61,103.24,No
10273-MEJHL,Male,0,Yes,No,35,Yes,Yes,No,No internet service,No internet service,No internet service,No internet service,No internet service,No internet service,Month-to-month,Yes,Mailed check,21.77,655.5,Yes
10274-AHGAM,Female,0,No,No,0,Yes,Yes,Fiber optic,Yes,Yes,Yes,Yes,Yes,Yes,Month-to-month,No,Mailed check,100.48,0.0,No
10275-MJLJO,Female,0,No,Yes,23,Yes,No,Fiber optic,No,Yes,Yes,Yes,Yes,Yes,Month-to-month,Yes,Electronic check,98.26,2318.39,No
10276-LFABE,Female,1,Yes,Yes,33,Yes,No,Fiber optic,Yes,No,No,No,No,No,Two year,Yes,Electronic check,80.27,2604.12,No
10277-BNJAF,Female,1,Yes,No,2,Yes,No,No,No internet service,No internet service,No internet service,No internet service,No internet service,No internet service,Month-to-month,No,Credit card (automatic),18.0,35.17,No
10278-PHHMM,Male,1,Yes,No,4,Yes,Yes,DSL,No,No,No,No,No,No,Month-to-month,No,Credit card (automatic),57.45,163.0,Yes
10279-PHPKP,Female,0,No,No,20,Yes,Yes,No,No internet service,No internet service,No internet service,No internet service,No internet service,No internet service,Month-to-month,No,Electronic check,21.74,364.11,No
10280-FKCAB,Male,0,No,No,7,Yes,No,DSL,No,Yes,Yes,No,Yes,No,Month-to-month,Yes,Electronic check,49.47,289.44,No
10281-EMJEJ,Male,0,Yes,No,12,Yes,Yes,No,No internet service,No internet service,No internet service,No internet service,No internet service,No internet service,Month-to-month,Yes,Bank transfer (automatic),18.0,270.85,No
10282-NAPAO,Male,0,Yes,No,36,Yes,No,DSL,No,No,No,No,No,Yes,Month-to-month,Yes,Electronic check,50.09,1686.15,Yes
10283-IBGJP,Male,0,No,No,2,Yes,No,DSL,Yes,No,No,No,No,No,Two year,No,Bank transfer (automatic),56.83,72.65,No
10284-DGHPE,Male,0,Yes,No,19,Yes,No,No,No internet service,No internet service,No internet service,No internet service,No internet service,No internet service,Month-to-month,Yes,Mailed check,18.0,260.14,No
10285-MLLAP,Male,0,No,No,57,Yes,Yes,Fiber optic,No,No,Yes,No,Yes,No,Two year,Yes,Bank transfer (automatic),86.59,4860.08,Yes
10286-DJPCJ,Female,0,No,Yes,1,Yes,No,Fiber optic,Yes,No,No,No,No,No,Two year,No,Electronic check,80.29,135.33,No
10287-OLEJM,Male,0,Yes,No,1,Yes,No,Fiber optic,Yes,No,No,No,No,No,Two year,No,Credit card (automatic),88.11,101.67,No
10288-JMFBG,Female,0,Yes,No,16,Yes,No,Fiber optic,No,No,Yes,No,No,No,Month-to-month,No,Electronic check,99.67,1611.25,Yes
10289-MCOAJ,Male,1,Yes,No,64,Yes,Yes,DSL,No,No,No,No,No,Yes,Two year,Yes,Electronic check,52.68,3373.92,No
10290-CIJKK,Female,0,No,No,4,Yes,No,DSL,No,No,No,No,Yes,Yes,One year,Yes,Electronic check,61.5,243.53,Yes
10291-OFKFD,Female,1,No,No,8,Yes,No,Fiber optic,Yes,No,No,No,Yes,No,Month-to-month,No,Credit card (automatic),92.05,734.12,Yes
10292-OHEGI,Male,0,No,No,2,Yes,No,DSL,No,Yes,No,No,No,No,Two year,No,Electronic check,46.02,90.14,No
10293-MMPNP,Female,0,No,Yes,8,Yes,Yes,Fiber optic,Yes,No,Yes,Yes,Yes,Yes,Month-to-month,Yes,Credit card (automatic),79.92,641.49,No
10294-PEKNE,Female,0,No,Yes,0,Yes,No,No,No internet service,No internet service,No internet service,No internet service,No internet service,No internet service,Month-to-month,Yes,Electronic check,21.78,20.29,Yes
10295-NDFBC,Male,0,No,No,9,No,No phone service,Fiber optic,No,Yes,No,Yes,No,No,Two year,Yes,Electronic check,90.16,792.55,Yes
10296-ABBHH,Male,0,No,No,16,Yes,No,Fiber optic,No,No,Yes,No,No,No,One year,Yes,Bank transfer (automatic),71.06,1164.45,No
10297-BMNFO,Male,0,Yes,No,72,Yes,Yes,Fiber optic,No,No,No,No,No,Yes,Two year,Yes,Credit card (automatic),87.1,6331.89,No
10298-ECEEE,Male,1,No,No,34,No,No phone service,DSL,Yes,Yes,No,No,Yes,No,Two year,Yes,Credit card (automatic),43.57,1488.08,No
10299-COCDG,Male,0,No,No,34,No,No phone service,No,No internet service,No internet service,No internet service,No internet service,No internet service,No internet service,Month-to-month,Yes,Electronic check,18.0,683.61,No
10300-LLLNB,Male,0,No,Yes,5,Yes,No,Fiber optic,No,No,No,No,No,No,Month-to-month,Yes,Credit card (automatic),80.49,321.08,No
10301-JDDAP,Male,0,No,No,1,Yes,No,DSL,No,No,No,No,No,No,One year,Yes,Electronic check,54.35,100.71,Yes
10302-JPHAH,Male,0,Yes,Yes,18,Yes,No,DSL,No,Yes,No,No,No,Yes,One year,Yes,Mailed check,64.78,1188.15,No
10303-GIHPE,Female,0,Yes,No,14,Yes,Yes,Fiber optic,No,No,No,No,No,No,Month-to-month,No,Mailed check,85.56,1165.25,Yes
10304-HNOKJ,Male,0,No,Yes,14,Yes,No,Fiber optic,No,No,No,No,Yes,No,Month-to-month,Yes,Electronic check,88.73,1225.31,Yes
10305-LPOLC,Female,0,Yes,No,2,Yes,Yes,DSL,Yes,No,No,No,No,No,Month-to-month,No,Bank transfer (automatic),45.41,122.71,No
10306-OJGLD,Male,0,Yes,No,13,Yes,Yes,Fiber optic,No,No,No,No,No,No,One year,No,Mailed check,80.02,1009.59,Yes
10307-EPIGD,Male,0,No,Yes,3,Yes,No,Fiber optic,Yes,No,No,Yes,No,No,Month-to-month,Yes,Credit card (automatic),82.62,331.17,No
10308-FJNKG,Male,0,No,No,10,Yes,Yes,DSL,Yes,No,Yes,No,No,Yes,Month-to-month,Yes,Bank transfer (automatic),52.73,476.02,No
10309-MJMID,Male,0,No,No,1,Yes,Yes,Fiber optic,No,No,No,No,Yes,Yes,Month-to-month,Yes,Mailed check,92.01,29.01,No
10310-PJCHO,Female,0,No,No,38,Yes,No,DSL,Yes,No,Yes,No,Yes,Yes,Month-to-month,Yes,Credit card (automatic),60.2,2352.81,No
10311-AIMAB,Female,0,No,No,0,Yes,No,DSL,No,Yes,No,Yes,No,No,Month-to-month,Yes,Electronic check,64.36,39.01,Yes
10312-MHIGP,Male,0,No,No,56,Yes,No,Fiber optic,No,No,Yes,No,No,No,Two year,Yes,Mailed check,81.6,4730.7,No
10313-CGFBC,Female,0,Yes,No,39,Yes,Yes,Fiber optic,No,Yes,No,No,No,No,One year,Yes,Electronic check,75.02,2847.83,Yes
10314-KMLMJ,Male,0,No,No,27,No,No phone service,DSL,Yes,No,Yes,No,No,No,Month-to-month,No,Electronic check,71.04,1897.67,No
10315-JMLOE,Female,0,Yes,No,72,Yes,No,Fiber optic,Yes,No,Yes,No,No,No,Two year,Yes,Mailed check,79.2,5662.95,No
10316-JDBDL,Male,0,No,No,1,Yes,Yes,Fiber optic,No,No,No,Yes,No,No,Month-to-month,No,Bank transfer (automatic),74.58,70.97,No
10317-HEEML,Female,0,Yes,Yes,20,Yes,Yes,Fiber optic,Yes,No,No,No,Yes,No,One year,Yes,Electronic check,81.62,1629.05,No
10318-LJCMH,Female,0,Yes,Yes,37,Yes,Yes,No,No internet service,No internet service,No internet service,No internet service,No internet service,No internet service,Month-to-month,No,Credit card (automatic),24.42,996.53,No
10319-FBBIM,Female,0,No,No,2,Yes,Yes,No,No internet service,No internet service,No internet service,No internet service,No internet service,No internet service,One year,Yes,Credit card (automatic),26.07,21.48,No
10320-GJINP,Male,0,No,No,17,Yes,No,Fiber optic,No,No,No,Yes,Yes,No,Month-to-month,Yes,Electronic check,89.14,1548.01,Yes
10321-FOELA,Female,0,Yes,Yes,10,Yes,No,Fiber optic,Yes,No,No,No,No,Yes,Month-to-month,Yes,Bank transfer (automatic),89.93,936.89,Yes
10322-LFFCC,Male,0,Yes,No,11,Yes,No,DSL,Yes,No,No,No,No,No,One year,Yes,Electronic check,64.08,695.9,No
10323-POCCG,Female,0,No,Yes,48,Yes,No,No,No internet service,No internet service,No internet service,No internet service,No internet service,No internet service,One year,Yes,Mailed check,18.0,907.53,No
10324-JKBJM,Male,0,No,No,15,Yes,No,No,No internet service,No internet service,No internet service,No internet service,No internet service,No internet service,Month-to-month,Yes,Credit card (automatic),19.21,290.66,No
10325-JBCJL,Male,0,Yes,Yes,1,Yes,Yes,Fiber optic,Yes,Yes,Yes,No,No,Yes,One year,Yes,Mailed check,94.4,128.87,No
10326-GCGIK,Male,0,Yes,Yes,55,Yes,Yes,DSL,No,No,No,No,No,No,Month-to-month,No,Electronic check,55.16,3025.56,No
10327-JLOKD,Female,0,Yes,No,4,No,No phone service,Fiber optic,No,No,Yes,Yes,No,No,Two year,Yes,Mailed check,87.57,279.74,No
10328-GINHH,Female,0,Yes,No,44,No,No phone service,DSL,No,Yes,No,No,No,Yes,One year,No,Credit card (automatic),79.95,3516.25,No
10329-INENE,Male,0,No,Yes,70,Yes,Yes,DSL,Yes,No,No,No,Yes,No,Month-to-month,Yes,Electronic check,61.25,4391.7,No
10330-CEPHL,Male,0,Yes,No,42,Yes,No,Fiber optic,No,No,Yes,Yes,No,No,Two year,Yes,Electronic check,79.19,3332.19,No
10331-EDHGO,Male,0,Yes,No,22,Yes,Yes,No,No internet service,No internet service,No internet service,No internet service,No internet service,No internet service,Two year,Yes,Credit card (automatic),31.21,693.27,No
10332-NNFEN,Female,0,No,No,27,Yes,No,DSL,No,Yes,Yes,No,No,No,Two year,Yes,Electronic check,55.86,1602.48,Yes
10333-EMJBM,Female,0,No,No,24,Yes,Yes,DSL,Yes,Yes,Yes,No,Yes,No,One year,No,Mailed check,62.1,1410.37,No
10334-ODHHK,Female,0,Yes,No,12,Yes,Yes,DSL,No,No,Yes,No,Yes,No,One year,Yes,Electronic check,42.65,513.15,No
10335-ABEIJ,Female,0,Yes,Yes,6,Yes,No,No,No internet service,No internet service,No internet service,No internet service,No internet service,No internet service,Two year,Yes,Electronic check,18.0,34.62,No
10336-KPLMK,Female,0,No,Yes,6,Yes,No,Fiber optic,No,Yes,No,Yes,No,No,Month-to-month,No,Bank transfer (automatic),96.51,539.91,No
10337-PGJEA,Male,0,Yes,No,26,Yes,No,Fiber optic,No,No,No,Yes,No,No,Two year,No,Mailed check,75.41,1963.0,No
10338-OPOFL,Male,0,No,Yes,19,Yes,No,Fiber optic,Yes,Yes,No,No,No,Yes,Month-to-month,Yes,Electronic check,85.54,1692.13,No
10339-HGBLE,Male,0,No,No,17,Yes,Yes,Fiber optic,Yes,No,Yes,No,Yes,No,Month-to-month,No,Mailed check,88.12,1474.7,No
10340-NPKDI,Male,0,Yes,Yes,21,Yes,Yes,DSL,No,No,Yes,Yes,Yes,Yes,Month-to-month,Yes,Mailed check,39.97,859.09,No
10341-JPALP,Female,0,No,No,29,No,No phone service,DSL,Yes,No,No,Yes,No,No,One year,Yes,Bank transfer (automatic),57.8,1662.23,No
10342-FCKIE,Female,1,Yes,Yes,27,Yes,Yes,No,No internet service,No internet service,No internet service,No internet service,No internet service,No internet service,Month-to-month,No,Credit card (automatic),21.55,618.96,No
10343-MFKII,Male,1,Yes,No,2,Yes,Yes,Fiber optic,Yes,No,Yes,No,Yes,No,Month-to-month,No,Bank transfer (automatic),90.72,224.27,No
10344-PHIPD,Female,0,No,No,9,Yes,No,DSL,No,No,No,No,Yes,Yes,One year,No,Electronic check,48.79,516.5,No
10345-PFEED,Male,1,Yes,No,6,Yes,Yes,Fiber optic,No,No,No,Yes,Yes,No,Month-to-month,Yes,Electronic check,91.94,581.75,Yes
10346-BLFIL,Female,0,Yes,No,15,Yes,No,DSL,Yes,Yes,Yes,No,Yes,No,Two year,Yes,Mailed check,52.57,817.98,No
10347-ANGFC,Female,0,No,No,1,Yes,No,Fiber optic,Yes,Yes,Yes,Yes,Yes,Yes,Month-to-month,No,Credit card (automatic),78.89,83.18,No
10348-AMDON,Male,0,No,No,28,Yes,Yes,DSL,No,Yes,No,Yes,No,No,Month-to-month,Yes,Electronic check,65.24,1938.15,Yes
10349-IOBCB,Male,0,Yes,No,2,Yes,Yes,Fiber optic,Yes,Yes,Yes,Yes,No,No,Month-to-month,No,Credit card (automatic),89.57,197.24,No
10350-NBJKK,Male,0,No,No,6,Yes,Yes,DSL,No,No,No,No,No,No,Month-to-month,Yes,Electronic check,49.6,292.83,Yes
10351-HCGHC,Female,1,Yes,No,30,Yes,No,Fiber optic,No,No,Yes,Yes,Yes,Yes,Month-to-month,Yes,Electronic check,76.35,2356.62,Yes
10352-BMMHC,Female,0,No,Yes,1,No,No phone service,Fiber optic,No,No,No,Yes,No,No,Month-to-month,Yes,Credit card (automatic),82.44,129.85,No
10353-GLANO,Female,0,No,Yes,21,Yes,No,Fiber optic,No,No,No,No,No,Yes,Month-to-month,No,Electronic check,92.46,1895.9,Yes
10354-LFLLP,Male,0,No,No,51,Yes,No,Fiber optic,Yes,No,Yes,No,No,Yes,Two year,Yes,Mailed check,93.57,4821.24,No
10355-MILCN,Male,1,No,No,19,Yes,Yes,DSL,No,No,No,No,No,No,Month-to-month,Yes,Electronic check,45.83,824.42,Yes
10356-GMFHC,Male,1,Yes,Yes,24,Yes,Yes,No,No internet service,No internet service,No internet service,No internet service,No internet service,No internet service,Month-to-month,Yes,Electronic check,18.0,470.13,Yes
10357-CDCIP,Female,0,Yes,Yes,31,Yes,Yes,DSL,No,Yes,Yes,No,No,No,Month-to-month,Yes,Bank transfer (automatic),59.21,1779.34,No
10358-KDFHK,Female,1,Yes,Yes,5,Yes,No,Fiber optic,No,No,No,No,Yes,Yes,Month-to-month,No,Credit card (automatic),100.77,507.17,No
10359-MHPOE,Male,0,No,No,17,Yes,Yes,No,No internet service,No internet service,No internet service,No internet service,No internet service,No internet service,Month-to-month,No,Bank transfer (automatic),18.0,353.67,Yes
10360-EFJGM,Male,1,Yes,Yes,7,Yes,No,DSL,No,No,Yes,No,Yes,No,Month-to-month,No,Mailed check,68.13,480.17,No
10361-MJNGM,Male,0,No,Yes,5,Yes,Yes,DSL,No,No,Yes,Yes,No,No,Month-to-month,Yes,Bank transfer (automatic),59.18,253.9,No
10362-DFGEE,Female,0,No,No,4,Yes,Yes,DSL,No,Yes,Yes,Yes,No,Yes,Two year,Yes,Electronic check,38.56,49.5,Yes
10363-BGLFK,Female,0,Yes,No,17,No,No phone service,DSL,Yes,Yes,No,No,Yes,No,Two year,No,Bank transfer (automatic),45.82,770.96,No
10364-ADCLO,Male,0,No,No,31,Yes,Yes,Fiber optic,No,No,No,Yes,No,No,One year,No,Mailed check,83.56,2627.8,Yes
10365-CGKLJ,Male,0,No,No,41,Yes,Yes,Fiber optic,Yes,No,No,No,Yes,Yes,Month-to-month,No,Mailed check,93.02,3861.73,No
10366-DOLHP,Male,0,Yes,No,11,Yes,No,Fiber optic,No,Yes,Yes,Yes,No,No,Two year,Yes,Bank transfer (automatic),88.41,1041.74,Yes
10367-KPICP,Female,0,No,No,9,Yes,No,No,No internet service,No internet service,No internet service,No internet service,No internet service,No internet service,Two year,Yes,Electronic check,28.94,260.94,No
10368-EDNLP,Female,1,Yes,Yes,23,Yes,No,Fiber optic,No,Yes,No,No,Yes,Yes,Two year,No,Mailed check,79.22,1848.16,Yes
10369-JOFKJ,Female,0,Yes,No,30,Yes,No,Fiber optic,No,Yes,No,No,Yes,Yes,Month-to-month,No,Credit card (automatic),80.57,2387.13,No
10370-DHCKE,Male,0,No,No,5,Yes,Yes,DSL,No,Yes,Yes,No,Yes,No,One year,No,Electronic check,56.19,237.7,No
10371-MPPAM,Male,0,No,Yes,7,Yes,No,DSL,Yes,No,Yes,No,No,Yes,Two year,No,Electronic check,51.68,290.75,No
10372-OFKEH,Male,1,Yes,Yes,15,No,No phone service,DSL,No,No,No,No,No,No,One year,Yes,Bank transfer (automatic),59.41,912.48,No
10373-IHPHL,Male,0,No,Yes,11,Yes,No,Fiber optic,No,No,Yes,No,No,No,One year,Yes,Bank transfer (automatic),82.59,929.36,No
10374-NMCDP,Male,1,Yes,Yes,24,Yes,No,No,No internet service,No internet service,No internet service,No internet service,No internet service,No internet service,Two year,No,Electronic check,23.6,555.31,No
10375-OKDOO,Male,1,No,Yes,14,Yes,No,No,No internet service,No internet service,No internet service,No internet service,No internet service,No internet service,Month-to-month,Yes,Mailed check,25.81,428.53,No
10376-NKEMI,Male,0,No,Yes,2,Yes,No,DSL,No,Yes,No,No,No,No,Two year,No,Bank transfer (automatic),60.41,99.14,No
10377-LIJML,Male,0,Yes,Yes,3,Yes,No,DSL,No,Yes,No,No,No,Yes,Two year,Yes,Electronic check,56.47,281.34,Yes
10378-NANNH,Male,0,No,No,46,Yes,No,DSL,No,Yes,No,No,No,Yes,Two year,Yes,Bank transfer (automatic),51.18,2311.32,No
10379-PNAPB,Male,1,Yes,Yes,5,Yes,No,DSL,No,No,No,No,Yes,No,Two year,Yes,Electronic check,60.53,294.06,No
10380-GOHAO,Male,0,Yes,No,1,Yes,Yes,DSL,No,No,No,No,Yes,Yes,Month-to-month,Yes,Mailed check,30.74,14.25,No
10381-CGMIH,Female,0,No,No,26,Yes,No,DSL,Yes,No,Yes,No,Yes,Yes,Month-to-month,No,Bank transfer (automatic),49.92,1325.78,No
10382-HOIJC,Male,0,Yes,No,23,Yes,No,DSL,No,Yes,Yes,Yes,No,No,Month-to-month,No,Mailed check,45.54,1047.72,No
10383-HAPHM,Male,0,No,No,18,Yes,No,DSL,No,Yes,No,No,Yes,Yes,Two year,Yes,Electronic check,56.15,950.87,No
10384-GMOHA,Female,0,No,No,13,Yes,Yes,DSL,No,No,Yes,No,No,No,Month-to-month,No,Mailed check,53.45,600.11,Yes
10385-FGNKE,Male,0,Yes,No,69,Yes,Yes,Fiber optic,No,No,No,Yes,No,No,Month-to-month,Yes,Electronic check,94.49,6558.28,No
10386-NEGOK,Female,0,Yes,Yes,2,Yes,No,Fiber optic,Yes,No,Yes,No,Yes,No,Month-to-month,Yes,Electronic check,79.38,89.89,Yes
10387-OPCFG,Female,0,Yes,No,14,Yes,No,No,No internet service,No internet service,No internet service,No internet service,No internet service,No internet service,Month-to-month,Yes,Electronic check,30.38,391.27,No
10388-ALBPL,Male,1,Yes,No,16,Yes,No,Fiber optic,No,No,No,No,Yes,No,One year,No,Electronic check,81.09,1328.55,No
10389-DMPHK,Male,0,Yes,Yes,0,Yes,No,Fiber optic,No,Yes,No,No,No,No,Two year,No,Credit card (automatic),89.66,24.33,Yes
10390-MNJFA,Female,1,Yes,No,10,Yes,No,DSL,No,No,No,No,No,No,Month-to-month,Yes,Bank transfer (automatic),58.28,519.11,No
10391-JEGOM,Male,0,No,No,30,Yes,No,DSL,No,No,Yes,No,No,Yes,One year,Yes,Credit card (automatic),58.55,1726.76,No
10392-FMMLI,Male,0,No,No,12,Yes,Yes,Fiber optic,No,No,No,No,Yes,Yes,One year,No,Electronic check,79.99,1022.78,Yes
10393-HODMK,Male,0,Yes,No,41,Yes,Yes,DSL,No,No,No,No,Yes,No,Month-to-month,Yes,Bank transfer (automatic),61.02,2493.7,No
10394-LEGHE,Female,1,Yes,Yes,20,Yes,No,Fiber optic,No,No,No,No,No,No,Month-to-month,Yes,Electronic check,85.38,1764.39,Yes
10395-INJLD,Female,1,No,Yes,29,Yes,Yes,Fiber optic,No,No,No,Yes,No,No,Two year,No,Electronic check,75.18,2070.76,No
10396-DMHAH,Male,0,No,Yes,32,Yes,No,Fiber optic,No,Yes,Yes,Yes,No,No,Month-to-month,Yes,Mailed check,83.39,2655.27,Yes
10397-EMNKA,Male,0,Yes,No,23,No,No phone service,Fiber optic,No,No,No,No,Yes,No,Month-to-month,Yes,Bank transfer (automatic),99.95,2261.27,No
10398-DBDHE,Female,0,No,No,27,Yes,No,Fiber optic,Yes,No,No,No,No,No,One year,Yes,Electronic check,75.87,2008.79,Yes
10399-AGAIC,Female,0,No,No,23,Yes,Yes,Fiber optic,Yes,Yes,No,Yes,No,No,Two year,No,Mailed check,65.85,1482.04,Yes
10400-LCOOF,Male,1,No,No,15,No,No phone service,Fiber optic,No,No,No,No,Yes,No,Month-to-month,No,Electronic check,83.75,1341.75,No
10401-PJFMK,Male,0,Yes,Yes,16,Yes,Yes,Fiber optic,No,No,Yes,No,No,No,One year,Yes,Mailed check,87.76,1407.08,Yes
10402-KFMAE,Male,1,No,Yes,4,Yes,Yes,DSL,No,No,No,No,Yes,No,Month-to-month,Yes,Mailed check,76.76,216.51,No
10403-LFHMA,Female,0,Yes,No,35,Yes,No,DSL,No,Yes,No,No,No,Yes,Month-to-month,No,Electronic check,54.99,1925.33,No
10404-ECBKH,Female,0,No,No,7,Yes,Yes,Fiber optic,No,No,No,No,No,Yes,Month-to-month,Yes,Bank transfer (automatic),80.86,539.62,Yes
10405-GJGEL,Male,0,Yes,No,15,Yes,No,DSL,Yes,No,No,Yes,Yes,Yes,Month-to-month,Yes,Bank transfer (automatic),50.96,796.69,No
10406-PMIEB,Female,0,No,Yes,5,No,No phone service,No,No internet service,No internet service,No internet service,No internet service,No internet service,No internet service,Month-to-month,Yes,Electronic check,18.46,99.29,Yes
10407-CDOEM,Male,0,No,No,23,Yes,No,DSL,No,No,No,No,No,Yes,One year,No,Mailed check,53.42,1206.93,Yes
10408-CLNGE,Male,0,No,No,72,Yes,No,DSL,No,No,No,Yes,No,No,Month-to-month,No,Mailed check,60.17,4426.9,No
10409-EFGJJ,Male,0,No,Yes,32,Yes,No,Fiber optic,No,Yes,No,No,Yes,Yes,Two year,Yes,Mailed check,91.78,2954.43,No
10410-PHIKD,Male,0,Yes,No,19,Yes,No,No,No internet service,No internet service,No internet service,No internet service,No internet service,No internet service,Two year,Yes,Bank transfer (automatic),29.56,563.61,No
10411-EOEHI,Male,0,No,No,16,Yes,No,Fiber optic,No,Yes,No,No,No,Yes,Month-to-month,No,Electronic check,82.56,1343.31,Yes
10412-GOECA,Female,0,No,No,13,Yes,Yes,DSL,No,Yes,Yes,No,No,Yes,Month-to-month,Yes,Credit card (automatic),64.56,791.68,Yes
10413-KIEIJ,Female,0,Yes,No,4,Yes,No,Fiber optic,No,Yes,No,No,No,No,Month-to-month,Yes,Electronic check,96.77,352.87,Yes
10414-OLMND,Male,0,No,No,8,Yes,No,Fiber optic,No,No,Yes,No,No,No,One year,No,Bank transfer (automatic),81.1,722.53,No
10415-EDBLA,Female,0,No,Yes,10,No,No phone service,Fiber optic,Yes,Yes,Yes,No,No,Yes,One year,Yes,Credit card (automatic),103.28,986.8,No
10416-HDEFN,Male,0,No,No,57,Yes,No,No,No internet service,No internet service,No internet service,No internet service,No internet service,No internet service,Month-to-month,No,Credit card (automatic),20.01,1088.22,No
10417-HKHGD,Female,0,No,Yes,11,Yes,Yes,Fiber optic,No,No,Yes,No,Yes,Yes,Month-to-month,Yes,Mailed check,82.78,847.31,Yes
10418-FPDON,Female,0,No,No,17,Yes,Yes,DSL,No,Yes,No,Yes,No,Yes,One year,Yes,Electronic check,68.17,1129.19,No
10419-GLMLP,Female,1,No,No,51,Yes,Yes,DSL,Yes,No,Yes,No,No,Yes,One year,Yes,Bank transfer (automatic),60.27,3143.67,No
10420-OMMKN,Female,0,No,Yes,14,Yes,No,No,No internet service,No internet service,No internet service,No internet service,No internet service,No internet service,One year,No,Electronic check,29.38,381.52,No
10421-AEONJ,Male,0,No,No,5,Yes,No,DSL,Yes,No,No,No,No,No,Two year,No,Credit card (automatic),56.96,358.6,No
10422-LPOJO,Female,0,No,Yes,9,Yes,Yes,DSL,No,No,No,No,No,No,Two year,No,Bank transfer (automatic),65.08,614.58,Yes
10423-DKGMI,Female,0,No,No,9,Yes,Yes,Fiber optic,No,No,Yes,Yes,Yes,No,Month-to-month,Yes,Credit card (automatic),90.35,751.86,Yes
10424-EDOIE,Female,0,Yes,No,25,Yes,No,Fiber optic,Yes,No,No,Yes,No,Yes,One year,No,Mailed check,75.7,1834.81,No
10425-IHDKK,Female,0,Yes,Yes,7,Yes,No,Fiber optic,Yes,Yes,Yes,No,Yes,No,Month-to-month,Yes,Mailed check,80.65,519.54,No
10426-GEJDE,Female,0,No,Yes,26,Yes,No,DSL,No,No,No,No,Yes,No,Two year,No,Electronic check,48.33,1341.53,Yes
10427-EKOIL,Female,0,No,No,44,Yes,Yes,DSL,No,No,No,No,Yes,No,Two year,Yes,Bank transfer (automatic),49.63,2225.49,No
10428-PIFND,Female,0,Yes,No,8,Yes,No,Fiber optic,No,No,Yes,No,No,No,Month-to-month,Yes,Mailed check,99.9,728.7,Yes
10429-OBNCB,Female,0,Yes,No,2,Yes,Yes,DSL,No,No,No,No,No,Yes,Month-to-month,Yes,Mailed check,63.1,112.78,No
10430-EFKEB,Male,0,Yes,No,20,Yes,No,Fiber optic,No,No,Yes,No,No,No,Month-to-month,Yes,Credit card (automatic),82.19,1671.92,No
10431-LEIDL,Male,0,No,No,8,Yes,Yes,Fiber optic,No,No,No,No,No,No,Month-to-month,Yes,Bank transfer (automatic),90.85,691.96,No
10432-JBCCI,Male,1,No,No,15,Yes,Yes,No,No internet service,No internet service,No internet service,No internet service,No internet service,No internet service,One year,Yes,Mailed check,23.98,442.31,No
10433-DPOAA,Female,0,No,Yes,20,Yes,No,No,No internet service,No internet service,No internet service,No internet service,No internet service,No internet service,One year,Yes,Mailed check,18.0,369.44,No
10434-OGGBI,Male,0,Yes,No,10,Yes,Yes,No,No internet service,No internet service,No internet service,No internet service,No internet service,No internet service,Month-to-month,Yes,Mailed check,22.13,268.27,No
10435-IEOOC,Male,1,Yes,No,51,Yes,Yes,Fiber optic,No,No,Yes,No,Yes,No,Month-to-month,Yes,Mailed check,86.65,4482.89,No
10436-CLCFD,Male,0,Yes,No,10,No,No phone service,No,No internet service,No internet service,No internet service,No internet service,No internet service,No internet service,One year,Yes,Electronic check,25.43,231.65,No
10437-HOMKM,Female,0,Yes,No,7,Yes,No,Fiber optic,Yes,No,Yes,No,No,Yes,Month-to-month,Yes,Bank transfer (automatic),81.34,672.45,No
10438-KKEAI,Male,1,No,No,43,No,No phone service,No,No internet service,No internet service,No internet service,No internet service,No internet service,No internet service,One year,No,Bank transfer (automatic),18.0,785.22,No
10439-AFACO,Male,1,Yes,No,2,Yes,No,DSL,Yes,No,Yes,No,Yes,No,Month-to-month,No,Credit card (automatic),39.71,98.59,No
10440-JEOJG,Male,0,Yes,No,2,Yes,No,DSL,No,No,Yes,No,No,No,One year,Yes,Mailed check,58.07,124.85,No
10441-NJHLI,Male,0,Yes,No,54,No,No phone service,Fiber optic,No,No,Yes,Yes,No,Yes,One year,No,Credit card (automatic),85.98,4640.36,No
10442-PFOKI,Male,0,Yes,No,4,Yes,Yes,No,No internet service,No internet service,No internet service,No internet service,No internet service,No internet service,One year,Yes,Electronic check,38.27,115.03,No
10443-HIJDI,Male,0,Yes,No,3,Yes,No,Fiber optic,No,Yes,Yes,No,Yes,Yes,Month-to-month,No,Bank transfer (automatic),91.79,316.97,Yes
10444-OGEEA,Male,0,Yes,Yes,15,Yes,No,No,No internet service,No internet service,No internet service,No internet service,No internet service,No internet service,Two year,No,Credit card (automatic),18.36,282.05,No
10445-BJCNN,Female,0,Yes,No,0,Yes,No,DSL,No,No,Yes,No,No,Yes,One year,Yes,Bank transfer (automatic),57.44,0.0,No
10446-HFLJK,Male,1,Yes,No,19,Yes,No,DSL,No,No,No,Yes,Yes,No,One year,No,Mailed check,63.43,1185.26,No
10447-MONEM,Male,0,Yes,No,12,Yes,No,Fiber optic,Yes,No,No,No,No,Yes,Month-to-month,No,Mailed check,84.56,1013.21,Yes
10448-ALKLI,Female,1,No,No,20,Yes,No,Fiber optic,No,No,Yes,No,Yes,Yes,Month-to-month,No,Credit card (automatic),78.7,1610.86,Yes
10449-CCBDL,Female,0,No,Yes,6,Yes,No,Fiber optic,No,No,Yes,Yes,No,No,Two year,No,Credit card (automatic),74.71,481.23,No
10450-BPMIL,Female,0,No,No,47,No,No phone service,No,No internet service,No internet service,No internet service,No internet service,No internet service,No internet service,Month-to-month,No,Mailed check,29.22,1471.62,No
10451-JGHCF,Female,0,No,No,6,Yes,Yes,No,No internet service,No internet service,No internet service,No internet service,No internet service,No internet service,One year,Yes,Bank transfer (automatic),30.07,177.42,No
10452-OJFMA,Female,0,No,No,20,Yes,No,DSL,No,No,Yes,No,No,Yes,One year,Yes,Credit card (automatic),50.88,985.48,No
10453-FPMNC,Male,0,Yes,No,58,Yes,No,No,No internet service,No internet service,No internet service,No internet service,No internet service,No internet service,One year,Yes,Electronic check,22.04,1289.12,No
10454-KPCCJ,Male,1,Yes,Yes,10,No,No phone service,Fiber optic,No,Yes,No,No,No,No,Month-to-month,Yes,Mailed check,81.13,853.92,No
10455-KOKOJ,Male,0,Yes,No,3,Yes,Yes,Fiber optic,Yes,Yes,Yes,Yes,Yes,Yes,Month-to-month,Yes,Credit card (automatic),104.81,346.91,Yes
10456-KHMPE,Female,0,Yes,No,1,Yes,No,DSL,No,No,No,No,No,Yes,Month-to-month,No,Mailed check,51.61,68.35,No
10457-DMIIA,Male,0,No,No,65,No,No phone service,DSL,Yes,Yes,No,No,No,No,Month-to-month,Yes,Bank transfer (automatic),57.99,3787.09,No
10458-BHEPG,Male,0,Yes,No,28,Yes,Yes,Fiber optic,No,No,No,Yes,No,Yes,Two year,No,Bank transfer (automatic),93.08,2555.89,No
10459-ALJLE,Female,0,No,Yes,50,Yes,No,DSL,No,No,Yes,Yes,No,No,Month-to-month,No,Electronic check,61.24,3088.01,No
10460-KLCJL,Female,0,Yes,Yes,24,Yes,No,DSL,No,No,No,No,No,No,Two year,No,Credit card (automatic),60.38,1420.02,No
10461-LNBBI,Male,0,No,No,8,Yes,Yes,Fiber optic,Yes,No,No,Yes,Yes,No,Month-to-month,No,Mailed check,81.25,645.77,No
10462-MDPDG,Female,0,No,Yes,2,Yes,No,Fiber optic,No,Yes,No,No,No,No,Two year,No,Mailed check,91.36,185.41,No
10463-JPJMB,Male,1,No,No,52,Yes,No,DSL,No,Yes,No,No,No,No,Month-to-month,No,Bank transfer (automatic),63.59,3299.74,No
10464-CCFCK,Female,0,No,No,13,Yes,No,DSL,No,Yes,Yes,No,No,Yes,Month-to-month,Yes,Mailed check,59.05,797.3,Yes
10465-EDCHN,Male,0,Yes,No,10,Yes,Yes,DSL,No,No,Yes,No,Yes,Yes,One year,No,Electronic check,43.3,416.89,No
10466-JCFMO,Male,0,No,No,17,Yes,No,DSL,Yes,No,No,No,Yes,No,Month-to-month,Yes,Mailed check,41.21,677.32,No
10467-GGBNC,Male,0,Yes,No,2,Yes,No,Fiber optic,No,No,Yes,No,No,No,Month-to-month,No,Mailed check,86.54,171.85,No
10468-LJJOD,Female,0,No,No,7,Yes,Yes,DSL,No,No,Yes,Yes,No,No,Month-to-month,Yes,Mailed check,43.95,353.22,No
10469-GBCGG,Female,0,Yes,No,20,Yes,No,No,No internet service,No internet service,No internet service,No internet service,No internet service,No internet service,Month-to-month,No,Electronic check,18.71,346.71,No
10470-POJCL,Female,0,Yes,Yes,2,Yes,Yes,DSL,No,Yes,No,No,Yes,No,Two year,No,Credit card (automatic),65.41,227.52,Yes
10471-ALCEG,Female,0,No,Yes,2,Yes,No,DSL,No,Yes,No,No,Yes,No,Two year,Yes,Mailed check,57.47,128.78,Yes
10472-DMMKK,Male,0,Yes,No,14,Yes,No,Fiber optic,Yes,Yes,Yes,Yes,Yes,No,Month-to-month,Yes,Electronic check,74.99,1012.78,Yes
10473-POAFB,Male,0,Yes,No,19,Yes,Yes,DSL,No,Yes,No,No,No,No,One year,No,Credit card (automatic),44.98,854.77,No
10474-LCDFF,Male,1,Yes,Yes,4,Yes,Yes,DSL,No,Yes,No,No,No,Yes,Month-to-month,Yes,Electronic check,64.34,261.68,Yes
10475-GEGBA,Male,1,No,No,0,Yes,No,Fiber optic,No,No,No,No,No,No,Month-to-month,Yes,Bank transfer (automatic),85.01,0.0,No
10476-LJHAL,Female,0,No,No,63,Yes,No,Fiber optic,Yes,Yes,Yes,No,Yes,Yes,Month-to-month,Yes,Bank transfer (automatic),93.47,5844.03,No
10477-BKLJF,Female,0,No,No,0,No,No phone service,DSL,Yes,No,Yes,No,No,Yes,One year,No,Electronic check,54.26,63.92,No
10478-AJCGL,Female,0,No,Yes,0,Yes,No,Fiber optic,No,No,Yes,No,No,No,Month-to-month,Yes,Electronic check,68.76,13.69,Yes
10479-HDLCA,Female,0,Yes,Yes,7,Yes,No,DSL,No,No,No,No,Yes,No,Two year,Yes,Electronic check,70.65,468.98,No
10480-LIJFP,Male,1,No,No,5,Yes,No,Fiber optic,Yes,No,No,Yes,No,Yes,Month-to-month,Yes,Credit card (automatic),83.49,286.26,No
10481-FIAFL,Female,0,No,Yes,17,Yes,No,Fiber optic,Yes,Yes,Yes,Yes,Yes,Yes,One year,Yes,Bank transfer (automatic),75.69,1296.73,Yes
10482-EMKPO,Female,0,No,No,44,Yes,Yes,No,No internet service,No internet service,No internet service,No internet service,No internet service,No internet service,One year,No,Electronic check,26.86,1130.53,No
10483-FNKHE,Female,0,Yes,No,13,Yes,No,Fiber optic,Yes,No,Yes,No,No,No,Month-to-month,Yes,Electronic check,94.2,1174.61,Yes
10484-BLLBJ,Male,0,Yes,No,29,Yes,Yes,No,No internet service,No internet service,No internet service,No internet service,No internet service,No internet service,One year,Yes,Bank transfer (automatic),32.1,946.81,No
10485-PECJC,Male,0,Yes,No,47,Yes,Yes,DSL,No,Yes,No,Yes,No,Yes,Month-to-month,No,Mailed check,52.23,2397.21,No
10486-HGALM,Male,0,Yes,No,4,Yes,No,Fiber optic,No,No,Yes,No,No,No,Month-to-month,No,Electronic check,72.5,241.0,Yes
10487-LEPID,Female,0,Yes,Yes,13,Yes,Yes,DSL,Yes,No,No,No,Yes,Yes,Month-to-month,No,Electronic check,60.21,791.89,No
10488-AHEBO,Male,0,Yes,Yes,20,Yes,No,No,No internet service,No internet service,No internet service,No internet service,No internet service,No internet service,Month-to-month,Yes,Bank transfer (automatic),23.21,513.0,No
10489-LANLL,Male,0,Yes,No,8,Yes,No,Fiber optic,Yes,Yes,No,No,No,No,Month-to-month,Yes,Credit card (automatic),78.07,589.51,No
10490-LCIAD,Male,0,Yes,No,26,Yes,No,DSL,Yes,No,No,No,Yes,No,Month-to-month,No,Electronic check,51.01,1408.23,Yes
10491-HHJLK,Male,0,No,No,24,Yes,No,DSL,Yes,No,No,Yes,Yes,Yes,Month-to-month,Yes,Electronic check,50.51,1133.1,No
10492-MKHJP,Male,0,No,No,10,Yes,No,DSL,No,No,Yes,Yes,Yes,Yes,Month-to-month,No,Electronic check,59.05,544.95,Yes
10493-HPDHI,Male,0,Yes,No,1,Yes,No,Fiber optic,Yes,Yes,No,No,No,No,Two year,Yes,Mailed check,86.71,0.0,Yes
10494-GNLBI,Female,1,No,Yes,0,Yes,No,DSL,Yes,Yes,No,No,Yes,Yes,Two year,Yes,Electronic check,60.04,0.0,No
10495-KHMEO,Female,0,No,No,9,Yes,No,Fiber optic,No,Yes,No,Yes,Yes,No,Month-to-month,No,Electronic check,73.91,597.81,No
10496-LCGNN,Male,0,No,Yes,1,Yes,No,No,No internet service,No internet service,No internet service,No internet service,No internet service,No internet service,One year,Yes,Mailed check,22.8,0.0,Yes
10497-OBMCL,Female,0,No,No,30,Yes,Yes,Fiber optic,No,Yes,No,No,Yes,Yes,One year,Yes,Electronic check,86.08,2557.57,No
10498-PIDDC,Male,0,Yes,No,8,Yes,Yes,No,No internet service,No internet service,No internet service,No internet service,No internet service,No internet service,Month-to-month,Yes,Electronic check,37.26,271.05,Yes
10499-ECIOC,Female,1,No,No,21,Yes,No,DSL,No,No,No,No,No,No,Month-to-month,Yes,Bank transfer (automatic),51.0,1032.45,Yes
10500-BLEPF,Male,0,No,No,8,Yes,Yes,Fiber optic,No,No,No,No,No,Yes,Two year,Yes,Bank transfer (automatic),82.9,690.32,No
10501-ANLKF,Female,0,Yes,No,31,Yes,No,Fiber optic,No,No,No,Yes,Yes,No,One year,No,Credit card (automatic),90.03,2759.76,No
10502-JCDFH,Male,1,No,Yes,43,Yes,Yes,DSL,No,No,No,No,Yes,No,Two year,No,Electronic check,56.44,2484.11,No
10503-OIFPG,Male,0,No,No,36,Yes,No,No,No internet service,No internet service,No internet service,No internet service,No internet service,No internet service,One year,Yes,Electronic check,18.0,667.37,No
10504-ONENL,Female,0,Yes,No,13,Yes,No,Fiber optic,No,Yes,No,No,No,No,One year,Yes,Mailed check,78.83,997.76,No
10505-OIDJK,Male,0,No,No,1,Yes,Yes,Fiber optic,No,No,No,No,No,Yes,Month-to-month,No,Bank transfer (automatic),88.92,24.6,Yes
10506-FEAEM,Female,0,Yes,No,9,Yes,No,Fiber optic,No,Yes,No,No,Yes,Yes,One year,Yes,Electronic check,80.04,711.82,No
10507-ENIAO,Male,0,No,Yes,11,Yes,No,No,No internet service,No internet service,No internet service,No internet service,No internet service,No internet service,One year,Yes,Electronic check,22.27,319.96,Yes
10508-EOGKF,Male,0,Yes,No,64,Yes,No,DSL,No,No,Yes,No,No,No,Month-to-month,Yes,Electronic check,66.94,4363.84,Yes
10509-FLPGF,Male,0,Yes,No,16,Yes,No,DSL,Yes,Yes,No,No,No,No,One year,Yes,Credit card (automatic),43.21,619.91,No
10510-EPJEI,Male,1,No,No,20,No,No phone service,No,No internet service,No internet service,No internet service,No internet service,No internet service,No internet service,One year,Yes,Credit card (automatic),23.25,505.31,No
10511-NHNLO,Female,0,Yes,Yes,30,Yes,No,DSL,No,No,Yes,No,No,Yes,Month-to-month,No,Bank transfer (automatic),48.03,1387.49,No
10512-JNDDJ,Female,0,Yes,Yes,16,Yes,No,No,No internet service,No internet service,No internet service,No internet service,No internet service,No internet service,Month-to-month,Yes,Electronic check,24.5,354.77,Yes
10513-EMMCO,Female,0,Yes,No,18,No,No phone service,Fiber optic,No,No,No,No,No,Yes,Two year,No,Bank transfer (automatic),105.61,1965.08,No
10514-HGEJC,Female,0,Yes,No,5,Yes,No,No,No internet service,No internet service,No internet service,No internet service,No internet service,No internet service,Two year,No,Bank transfer (automatic),18.0,57.88,No
10515-OECPJ,Female,0,No,Yes,1,Yes,No,DSL,Yes,No,No,Yes,No,No,Two year,Yes,Bank transfer (automatic),36.99,14.88,No
10516-EPAPF,Male,1,Yes,No,25,Yes,No,No,No internet service,No internet service,No internet service,No internet service,No internet service,No internet service,Month-to-month,No,Credit card (automatic),18.0,466.32,No
10517-JPPDD,Male,0,No,No,37,Yes,No,DSL,No,Yes,Yes,No,Yes,No,Month-to-month,Yes,Electronic check,69.88,2569.63,Yes
10518-PHBDO,Female,0,Yes,No,10,Yes,Yes,DSL,No,Yes,Yes,No,Yes,Yes,Month-to-month,No,Credit card (automatic),41.46,427.47,Yes
10519-BAJMM,Male,0,Yes,No,15,Yes,No,DSL,No,No,Yes,No,No,No,One year,Yes,Credit card (automatic),50.29,723.2,No
10520-CLHFL,Female,0,Yes,No,7,No,No phone service,DSL,Yes,No,No,No,No,Yes,Two year,No,Mailed check,61.3,481.19,No
10521-GBFNH,Male,0,No,Yes,11,Yes,No,No,No internet service,No internet service,No internet service,No internet service,No internet service,No internet service,Two year,No,Bank transfer (automatic),23.0,220.22,No
10522-HDFNE,Female,0,Yes,No,4,Yes,No,Fiber optic,No,No,Yes,Yes,Yes,No,Two year,Yes,Mailed check,81.39,419.99,No
10523-IHBLP,Male,0,Yes,No,28,Yes,Yes,Fiber optic,No,No,No,Yes,No,No,Month-to-month,Yes,Bank transfer (automatic),86.41,2425.03,No
10524-MGPGK,Male,0,Yes,No,13,Yes,No,DSL,No,No,No,No,No,Yes,Month-to-month,Yes,Mailed check,61.27,799.42,No
10525-NNLAA,Female,0,No,No,15,Yes,No,Fiber optic,Yes,No,Yes,No,Yes,No,Two year,Yes,Electronic check,82.35,1233.17,No
10526-LDEOD,Male,0,Yes,Yes,0,Yes,Yes,DSL,No,No,No,No,Yes,No,Two year,No,Electronic check,52.45,51.23,No
10527-GPPCG,Female,1,No,Yes,19,Yes,Yes,DSL,Yes,Yes,No,No,No,No,Month-to-month,Yes,Bank transfer (automatic),57.93,1062.34,No
10528-MHFFP,Male,0,Yes,No,4,Yes,Yes,Fiber optic,No,Yes,Yes,No,Yes,Yes,Month-to-month,No,Credit card (automatic),97.24,367.12,Yes
10529-HHGFF,Female,0,Yes,Yes,9,Yes,Yes,No,No internet service,No internet service,No internet service,No internet service,No internet service,No internet service,One year,Yes,Electronic check,18.0,212.11,No
10530-JPKPM,Male,0,Yes,No,10,Yes,Yes,Fiber optic,No,Yes,Yes,No,No,Yes,One year,Yes,Mailed check,79.89,770.73,No
10531-MFHAE,Female,0,Yes,No,11,Yes,No,Fiber optic,No,No,Yes,No,No,Yes,Month-to-month,No,Credit card (automatic),87.38,972.23,Yes
10532-PCLHK,Male,1,No,No,5,Yes,No,Fiber optic,Yes,Yes,Yes,No,Yes,No,Month-to-month,No,Electronic check,82.19,416.6,No
10533-FNBOM,Male,0,No,No,37,Yes,Yes,DSL,No,No,No,No,No,Yes,One year,Yes,Credit card (automatic),55.56,2033.12,No
10534-GPGME,Female,1,Yes,No,11,Yes,No,No,No internet service,No internet service,No internet service,No internet service,No internet service,No internet service,Month-to-month,Yes,Bank transfer (automatic),22.29,224.34,No
10535-HNEAI,Female,0,Yes,No,18,Yes,No,No,No internet service,No internet service,No internet service,No internet service,No internet service,No internet service,Two year,Yes,Credit card (automatic),18.0,406.79,No
10536-DMBDN,Female,0,Yes,No,19,Yes,No,Fiber optic,No,Yes,Yes,No,Yes,No,Month-to-month,Yes,Credit card (automatic),71.25,1391.17,Yes
10537-MIBPD,Female,0,Yes,No,18,Yes,Yes,DSL,Yes,No,No,No,No,No,One year,No,Bank transfer (automatic),42.37,827.31,No
10538-BECJB,Male,0,Yes,Yes,16,Yes,Yes,Fiber optic,No,No,No,No,Yes,Yes,One year,Yes,Electronic check,84.49,1278.77,Yes
10539-NIPEJ,Male,0,No,No,34,Yes,No,DSL,No,Yes,Yes,Yes,No,No,Month-to-month,No,Mailed check,47.08,1638.96,No
10540-EAFMG,Male,1,Yes,No,33,Yes,Yes,Fiber optic,No,No,No,No,Yes,Yes,Month-to-month,Yes,Electronic check,88.98,2984.47,No
10541-AIHLN,Male,0,No,No,10,Yes,Yes,DSL,No,Yes,No,Yes,No,Yes,One year,Yes,Credit card (automatic),62.31,642.37,No
10542-NHGEC,Male,0,Yes,No,20,Yes,Yes,DSL,Yes,Yes,Yes,No,No,Yes,Month-to-month,Yes,Bank transfer (automatic),56.57,1062.31,No
10543-OLNIN,Female,0,Yes,No,2,Yes,No,No,No internet service,No internet service,No internet service,No internet service,No internet service,No internet service,Month-to-month,Yes,Electronic check,40.46,190.6,No
10544-GKJJH,Female,0,Yes,No,1,No,No phone service,Fiber optic,No,Yes,No,Yes,No,Yes,Month-to-month,No,Mailed check,90.06,138.84,Yes
10545-NFLNK,Female,0,Yes,No,13,Yes,Yes,No,No internet service,No internet service,No internet service,No internet service,No internet service,No internet service,Month-to-month,No,Electronic check,19.7,361.49,No
10546-NEOHC,Female,0,Yes,Yes,46,Yes,No,Fiber optic,No,Yes,No,No,Yes,No,Two year,Yes,Bank transfer (automatic),89.24,4027.75,No
10547-LMMGB,Female,0,Yes,Yes,20,Yes,Yes,DSL,No,No,Yes,No,Yes,Yes,One year,Yes,Mailed check,53.2,1119.07,No
10548-COMLO,Male,0,Yes,Yes,22,Yes,Yes,DSL,Yes,Yes,No,No,Yes,No,Month-to-month,No,Electronic check,59.26,1288.61,No
10549-BEGKJ,Male,0,No,No,3,Yes,Yes,No,No internet service,No internet service,No internet service,No internet service,No internet service,No internet service,Two year,Yes,Mailed check,20.3,40.38,No
10550-KKKOJ,Female,0,Yes,No,12,Yes,No,Fiber optic,Yes,No,No,Yes,No,No,Month-to-month,No,Electronic check,62.95,743.2,Yes
10551-OOOMN,Female,0,No,No,10,Yes,Yes,DSL,No,No,No,Yes,Yes,Yes,Month-to-month,Yes,Electronic check,59.02,619.75,No
10552-AMJIA,Female,1,Yes,No,30,Yes,No,DSL,Yes,No,Yes,Yes,Yes,Yes,Month-to-month,Yes,Electronic check,56.64,1651.01,No
10553-ANOPL,Male,1,No,No,2,Yes,No,Fiber optic,No,No,No,Yes,No,Yes,One year,Yes,Credit card (automatic),88.15,122.66,Yes
10554-JHFFL,Female,0,Yes,No,15,Yes,No,No,No internet service,No internet service,No internet service,No internet service,No internet service,No internet service,One year,No,Mailed check,32.61,445.53,No
10555-IODHP,Female,0,Yes,Yes,48,No,No phone service,No,No internet service,No internet service,No internet service,No internet service,No internet service,No internet service,Month-to-month,No,Bank transfer (automatic),28.51,1355.85,No
10556-DNBKO,Female,0,No,No,44,Yes,Yes,Fiber optic,Yes,Yes,No,No,No,No,Month-to-month,Yes,Mailed check,81.76,3590.57,Yes
10557-HPLGD,Male,0,Yes,No,38,Yes,Yes,No,No internet service,No internet service,No internet service,No internet service,No internet service,No internet service,Month-to-month,Yes,Bank transfer (automatic),18.0,677.12,No
10558-IOIHN,Female,1,No,Yes,9,Yes,No,DSL,No,No,Yes,No,Yes,Yes,One year,No,Electronic check,52.97,496.81,No
10559-AGEGL,Male,0,No,No,56,No,No phone service,DSL,No,Yes,Yes,No,Yes,No,Two year,Yes,Electronic check,57.93,3310.47,No
10560-IBMNK,Female,1,Yes,No,32,Yes,No,DSL,No,No,Yes,No,No,No,Month-to-month,No,Electronic check,44.49,1465.96,No
10561-DDBCP,Female,0,No,No,38,Yes,No,No,No internet service,No internet service,No internet service,No internet service,No internet service,No internet service,One year,Yes,Electronic check,18.0,730.36,No
10562-KNNMH,Male,0,No,No,53,Yes,No,No,No internet service,No internet service,No internet service,No internet service,No internet service,No internet service,One year,No,Mailed check,20.34,1062.72,No
10563-LIFJB,Male,0,No,No,55,Yes,No,DSL,No,No,No,Yes,Yes,No,One year,Yes,Electronic check,41.29,2257.74,No
10564-BGHHN,Female,0,No,No,5,Yes,Yes,Fiber optic,No,No,Yes,No,No,Yes,Month-to-month,Yes,Mailed check,73.13,372.05,No
10565-FJPHN,Female,0,Yes,Yes,2,Yes,No,DSL,Yes,No,Yes,No,Yes,No,Month-to-month,Yes,Electronic check,55.76,85.05,Yes
10566-OAIMP,Male,0,Yes,No,23,Yes,Yes,No,No internet service,No internet service,No internet service,No internet service,No internet service,No internet service,One year,No,Bank transfer (automatic),18.0,444.3,No
10567-LAMCL,Male,0,No,No,16,Yes,No,Fiber optic,No,No,No,No,No,Yes,Two year,Yes,Credit card (automatic),92.31,1486.19,No
10568-PIOKE,Female,0,Yes,No,7,Yes,No,No,No internet service,No internet service,No internet service,No internet service,No internet service,No internet service,Month-to-month,No,Electronic check,26.63,181.29,No
10569-IPIFK,Male,0,Yes,Yes,23,Yes,No,DSL,Yes,Yes,No,No,No,No,Month-to-month,Yes,Electronic check,52.97,1254.98,No
10570-AJGNF,Male,0,No,No,1,Yes,Yes,Fiber optic,No,No,No,No,Yes,Yes,Month-to-month,No,Electronic check,73.62,118.74,Yes
10571-IGNLK,Female,0,No,No,0,Yes,No,Fiber optic,No,No,No,No,No,No,Month-to-month,No,Electronic check,82.21,0.0,No
10572-LMDGB,Female,1,Yes,No,8,Yes,Yes,DSL,Yes,Yes,Yes,No,No,Yes,Month-to-month,Yes,Electronic check,57.01,399.83,No
10573-FOFPB,Female,1,No,No,4,Yes,Yes,Fiber optic,No,Yes,No,Yes,No,No,Month-to-month,No,Electronic check,79.99,369.15,Yes
10574-NDHHM,Male,0,Yes,Yes,25,Yes,No,Fiber optic,Yes,Yes,No,No,No,No,Month-to-month,No,Credit card (automatic),89.38,2263.89,No
10575-HHABL,Female,0,Yes,No,59,Yes,Yes,Fiber optic,No,Yes,No,Yes,No,Yes,Month-to-month,Yes,Bank transfer (automatic),80.45,4811.73,No
10576-ODLIC,Female,0,No,No,21,Yes,Yes,Fiber optic,Yes,No,No,No,Yes,No,One year,No,Credit card (automatic),85.17,1815.65,No
10577-NFGHM,Male,0,No,No,21,Yes,Yes,Fiber optic,No,No,No,No,No,No,Month-to-month,No,Mailed check,92.83,2027.21,No
10578-GCFEO,Female,0,Yes,No,0,Yes,No,DSL,No,No,No,No,Yes,No,One year,Yes,Credit card (automatic),49.07,37.26,No
10579-MLJDA,Male,0,Yes,No,14,Yes,Yes,Fiber optic,No,No,No,No,Yes,No,Month-to-month,Yes,Credit card (automatic),86.17,1248.34,No
10580-PNMGH,Male,0,Yes,No,33,Yes,No,Fiber optic,No,Yes,Yes,Yes,No,No,Month-to-month,Yes,Credit card (automatic),90.2,3006.87,No
10581-BGFEM,Female,0,No,Yes,21,Yes,Yes,DSL,No,No,No,No,No,No,Month-to-month,Yes,Electronic check,57.0,1247.94,No
10582-DBJFE,Female,0,Yes,No,5,Yes,No,Fiber optic,Yes,No,No,Yes,No,Yes,One year,Yes,Bank transfer (automatic),93.06,432.27,No
10583-PBJGF,Male,0,Yes,No,37,Yes,Yes,No,No internet service,No internet service,No internet service,No internet service,No internet service,No internet service,Two year,No,Mailed check,18.0,694.17,No
10584-LOOKI,Female,0,No,No,66,Yes,No,No,No internet service,No internet service,No internet service,No internet service,No internet service,No internet service,Month-to-month,Yes,Mailed check,18.87,1245.44,No
10585-KJEII,Male,0,Yes,No,6,Yes,No,DSL,No,No,No,No,Yes,No,Month-to-month,No,Mailed check,47.38,294.03,Yes
10586-MAEIG,Male,0,Yes,No,4,Yes,Yes,Fiber optic,Yes,No,Yes,No,No,Yes,Month-to-month,Yes,Credit card (automatic),79.73,278.34,No
10587-PFFKG,Female,0,No,No,8,Yes,No,No,No internet service,No internet service,No internet service,No internet service,No internet service,No internet service,One year,Yes,Credit card (automatic),18.0,176.59,No
10588-ADMOA,Female,0,No,No,1,Yes,No,Fiber optic,No,No,No,No,No,No,Month-to-month,Yes,Credit card (automatic),78.49,93.34,Yes
10589-FNMDA,Male,0,No,No,41,Yes,Yes,Fiber optic,No,No,Yes,Yes,Yes,No,One year,No,Credit card (automatic),85.81,3501.53,No
10590-ILDLF,Male,0,Yes,No,52,Yes,Yes,DSL,No,No,Yes,No,No,Yes,One year,No,Mailed check,40.72,2128.15,No
10591-MGHLM,Female,0,No,No,20,Yes,No,DSL,No,No,No,Yes,No,No,Two year,Yes,Bank transfer (automatic),49.47,1064.98,No
10592-KIIHP,Male,0,No,No,28,Yes,No,Fiber optic,No,No,No,No,No,No,Two year,Yes,Mailed check,87.37,2490.23,No
10593-JKOPL,Male,0,Yes,Yes,22,Yes,Yes,DSL,Yes,Yes,No,Yes,Yes,No,Two year,No,Mailed check,57.96,1304.72,No
10594-LONCL,Male,0,No,No,9,Yes,No,Fiber optic,Yes,No,Yes,No,Yes,Yes,One year,Yes,Credit card (automatic),83.54,696.15,Yes
10595-PBEAC,Female,1,Yes,No,19,Yes,Yes,DSL,No,No,No,No,No,No,Two year,No,Credit card (automatic),57.82,1040.73,No
10596-AMCPM,Male,0,No,No,36,Yes,Yes,DSL,No,No,No,Yes,No,Yes,Month-to-month,Yes,Bank transfer (automatic),58.72,2087.63,No
10597-DGLPO,Male,0,No,No,33,Yes,No,Fiber optic,Yes,No,No,No,Yes,Yes,Month-to-month,No,Credit card (automatic),88.64,2849.52,No
10598-LEEMA,Female,1,No,No,1,Yes,No,No,No internet service,No internet service,No internet service,No internet service,No internet service,No internet service,Month-to-month,No,Mailed check,20.01,9.86,No
10599-HMDJP,Male,1,Yes,Yes,12,Yes,No,DSL,No,No,No,No,No,No,Two year,Yes,Mailed check,46.79,583.3,No
10600-EBOLM,Male,0,No,No,10,Yes,Yes,Fiber optic,Yes,Yes,No,No,Yes,Yes,One year,No,Credit card (automatic),86.49,797.44,Yes
10601-AIOBF,Female,0,Yes,No,27,No,No phone service,DSL,Yes,No,No,Yes,Yes,Yes,Month-to-month,No,Mailed check,72.13,1933.22,No
10602-APAID,Female,0,No,No,13,Yes,Yes,DSL,Yes,Yes,No,Yes,Yes,No,One year,Yes,Electronic check,62.31,787.75,Yes
10603-IKEGA,Female,0,No,Yes,8,Yes,No,No,No internet service,No internet service,No internet service,No internet service,No internet service,No internet service,Month-to-month,No,Mailed check,25.1,79.64,Yes
10604-FHNAI,Female,0,Yes,No,24,Yes,No,Fiber optic,No,Yes,No,Yes,Yes,No,Month-to-month,No,Mailed check,98.64,2298.97,No
10605-CAAMN,Female,0,Yes,No,12,Yes,Yes,DSL,No,Yes,No,No,No,No,Month-to-month,Yes,Electronic check,54.66,546.34,Yes
10606-KFKFA,Male,0,No,No,5,Yes,No,Fiber optic,Yes,Yes,No,No,Yes,Yes,Month-to-month,Yes,Mailed check,82.32,448.16,No
10607-NNCGJ,Male,0,Yes,No,44,Yes,Yes,DSL,No,No,No,No,Yes,Yes,Month-to-month,Yes,Credit card (automatic),46.27,2016.72,No
10608-CCCLG,Female,0,No,Yes,2,Yes,No,No,No internet service,No internet service,No internet service,No internet service,No internet service,No internet service,One year,Yes,Credit card (automatic),18.0,8.01,Yes
10609-DDCJK,Male,1,Yes,No,0,No,No phone service,DSL,No,No,No,Yes,No,Yes,One year,Yes,Mailed check,51.34,21.47,No
10610-IBDHF,Female,0,No,No,3,No,No phone service,No,No internet service,No internet service,No internet service,No internet service,No internet service,No internet service,Month-to-month,No,Bank transfer (automatic),30.9,157.75,No
10611-NGPMG,Male,0,Yes,No,3,Yes,Yes,DSL,No,No,No,No,Yes,Yes,Month-to-month,No,Electronic check,35.52,190.68,Yes
10612-BDJJF,Male,0,No,No,15,No,No phone service,Fiber optic,No,No,No,No,Yes,Yes,One year,No,Bank transfer (automatic),81.53,1165.45,No
10613-CIMDJ,Male,0,No,Yes,19,Yes,No,No,No internet service,No internet service,No internet service,No internet service,No internet service,No internet service,Two year,Yes,Mailed check,18.0,362.42,No
10614-MBPFA,Female,0,No,No,11,Yes,No,DSL,No,No,Yes,No,Yes,No,Two year,Yes,Bank transfer (automatic),48.28,600.27,No
10615-FMLJA,Female,0,Yes,No,4,Yes,Yes,DSL,No,No,No,Yes,No,No,Month-to-month,Yes,Bank transfer (automatic),56.31,312.83,No
10616-PNHEF,Female,0,No,No,2,Yes,Yes,Fiber optic,No,No,Yes,No,No,No,Month-to-month,No,Electronic check,75.94,142.89,Yes
10617-BBPLI,Male,0,Yes,No,13,Yes,No,DSL,No,No,No,No,No,Yes,Month-to-month,Yes,Credit card (automatic),48.06,602.37,No
10618-CFJEN,Female,0,No,No,16,Yes,No,Fiber optic,No,No,No,Yes,No,Yes,Month-to-month,Yes,Bank transfer (automatic),78.71,1209.54,No
10619-LDJBH,Male,0,No,No,7,No,No phone service,Fiber optic,Yes,No,No,No,No,Yes,One year,No,Bank transfer (automatic),89.15,615.05,Yes
10620-JPGKB,Male,1,Yes,No,4,Yes,No,Fiber optic,No,Yes,Yes,No,No,No,Month-to-month,No,Electronic check,68.52,305.83,Yes
10621-FNHGO,Female,0,Yes,No,1,Yes,Yes,Fiber optic,No,No,No,Yes,No,No,Two year,No,Bank transfer (automatic),84.42,29.5,Yes
10622-AEBPF,Male,0,Yes,No,0,Yes,No,DSL,No,No,No,No,No,No,Two year,Yes,Electronic check,55.41,0.0,No
10623-GNNGC,Male,0,No,No,2,Yes,Yes,No,No internet service,No internet service,No internet service,No internet service,No internet service,No internet service,Month-to-month,Yes,Credit card (automatic),28.95,59.93,No
10624-GOEHP,Male,0,No,No,27,Yes,No,Fiber optic,No,No,No,Yes,No,Yes,One year,Yes,Credit card (automatic),88.54,2374.56,Yes
10625-OLPPH,Female,0,Yes,No,8,No,No phone service,Fiber optic,No,Yes,No,No,Yes,No,Month-to-month,No,Electronic check,91.02,674.86,Yes
10626-GFBFM,Female,0,Yes,No,0,Yes,Yes,DSL,No,No,Yes,Yes,No,No,One year,Yes,Bank transfer (automatic),59.77,69.37,No
10627-LOKIO,Female,0,No,No,14,Yes,Yes,Fiber optic,Yes,No,Yes,No,Yes,Yes,Two year,No,Electronic check,77.31,999.43,No
10628-BAKME,Male,0,No,Yes,15,Yes,No,DSL,Yes,No,Yes,Yes,No,Yes,Month-to-month,Yes,Credit card (automatic),44.29,620.34,No
10629-KFCPH,Male,0,Yes,Yes,11,Yes,Yes,DSL,No,No,No,No,No,No,One year,No,Electronic check,58.06,594.58,No
10630-GBPLG,Female,1,Yes,Yes,2,Yes,Yes,DSL,Yes,No,Yes,No,Yes,No,Month-to-month,Yes,Electronic check,54.88,51.28,Yes
10631-OOAIM,Male,0,Yes,No,28,Yes,No,Fiber optic,No,No,No,No,No,No,Month-to-month,Yes,Electronic check,87.4,2540.32,No
10632-GFPMB,Female,0,No,Yes,23,Yes,No,Fiber optic,No,Yes,No,No,Yes,No,One year,Yes,Bank transfer (automatic),94.58,2269.0,No
10633-CAOJM,Female,0,No,No,10,Yes,No,Fiber optic,Yes,No,Yes,No,Yes,No,Month-to-month,Yes,Electronic check,85.16,820.42,No
10634-EIMFE,Female,0,Yes,Yes,9,Yes,Yes,No,No internet service,No internet service,No internet service,No internet service,No internet service,No internet service,Month-to-month,No,Bank transfer (automatic),18.0,182.05,No
10635-LPCEH,Female,0,No,No,3,Yes,Yes,DSL,No,No,No,No,No,Yes,Month-to-month,Yes,Bank transfer (automatic),56.7,171.56,No
10636-PLBEF,Male,1,Yes,Yes,28,Yes,Yes,No,No internet service,No internet service,No internet service,No internet service,No internet service,No internet service,Month-to-month,Yes,Mailed check,18.0,533.05,No
10637-JHHOE,Male,0,No,No,18,No,No phone service,Fiber optic,No,No,No,No,No,No,One year,No,Mailed check,100.46,1875.86,No
10638-IDLIK,Male,0,Yes,No,1,Yes,Yes,DSL,No,No,Yes,Yes,No,Yes,Two year,Yes,Electronic check,72.81,31.72,Yes
10639-PGFDB,Female,0,No,No,9,Yes,Yes,DSL,No,Yes,Yes,Yes,No,No,Month-to-month,Yes,Credit card (automatic),55.27,476.74,No
10640-HFLOC,Male,1,Yes,No,46,No,No phone service,Fiber optic,Yes,Yes,No,Yes,No,Yes,Month-to-month,Yes,Electronic check,83.08,3957.53,No
10641-GJGFP,Female,0,Yes,No,12,Yes,No,DSL,No,No,Yes,No,No,No,Month-to-month,No,Credit card (automatic),60.93,674.28,No
10642-BHAMA,Female,0,No,Yes,7,Yes,Yes,No,No internet service,No internet service,No internet service,No internet service,No internet service,No internet service,Month-to-month,Yes,Mailed check,28.53,182.09,No
10643-FEIML,Female,0,Yes,Yes,20,Yes,Yes,No,No internet service,No internet service,No internet service,No internet service,No internet service,No internet service,Month-to-month,Yes,Bank transfer (automatic),22.41,385.31,No
10644-GBMLG,Male,0,No,Yes,4,Yes,No,DSL,No,No,No,Yes,Yes,Yes,One year,No,Electronic check,48.74,292.13,No
10645-OCPAK,Female,0,No,Yes,14,Yes,Yes,DSL,Yes,Yes,Yes,No,Yes,No,Two year,Yes,Electronic check,51.9,694.22,No
10646-PHNLC,Male,0,No,Yes,22,No,No phone service,DSL,No,Yes,Yes,No,Yes,No,Two year,Yes,Mailed check,53.47,1233.41,No
10647-KHGLO,Male,0,Yes,No,38,Yes,No,Fiber optic,Yes,Yes,No,No,No,No,Month-to-month,No,Electronic check,83.26,3095.39,Yes
10648-BMNNA,Male,0,Yes,Yes,23,Yes,No,DSL,No,No,No,No,No,No,Month-to-month,Yes,Mailed check,42.73,971.28,No
10649-GMPAF,Male,0,No,No,9,No,No phone service,No,No internet service,No internet service,No internet service,No internet service,No internet service,No internet service,Month-to-month,Yes,Mailed check,27.99,281.15,No
10650-MKJPK,Male,0,Yes,No,29,Yes,No,Fiber optic,Yes,Yes,Yes,Yes,No,Yes,Month-to-month,No,Electronic check,96.74,2688.98,No
10651-JHGDA,Male,0,No,No,45,Yes,No,No,No internet service,No internet service,No internet service,No internet service,No internet service,No internet service,One year,No,Electronic check,22.41,946.91,No
10652-ADELG,Male,0,No,Yes,12,Yes,No,Fiber optic,No,No,Yes,Yes,No,No,Month-to-month,Yes,Credit card (automatic),91.31,1025.59,No
10653-NDJNL,Male,0,No,No,0,Yes,No,DSL,No,No,Yes,No,No,No,Month-to-month,Yes,Bank transfer (automatic),56.6,0.0,No
10654-AKJGB,Female,0,No,No,42,Yes,No,Fiber optic,Yes,No,Yes,No,No,No,Month-to-month,Yes,Credit card (automatic),79.43,3379.49,Yes
10655-PMKBH,Female,0,Yes,No,3,Yes,No,Fiber optic,No,Yes,Yes,No,Yes,No,Two year,Yes,Electronic check,84.82,245.44,No
10656-LJJJE,Male,0,No,No,2,No,No phone service,Fiber optic,Yes,No,No,No,No,No,Month-to-month,Yes,Electronic check,75.34,0.0,Yes
10657-JBEHF,Male,0,No,No,7,Yes,Yes,No,No internet service,No internet service,No internet service,No internet service,No internet service,No internet service,Two year,Yes,Mailed check,27.64,110.16,Yes
10658-CHONI,Male,0,Yes,Yes,9,Yes,No,Fiber optic,No,Yes,No,No,No,No,Month-to-month,Yes,Credit card (automatic),100.42,970.77,No
10659-EMBBG,Male,0,Yes,Yes,32,No,No phone service,DSL,No,Yes,No,No,Yes,Yes,One year,No,Bank transfer (automatic),45.63,1488.8,No
10660-AJLBJ,Male,0,No,Yes,9,Yes,Yes,DSL,No,No,Yes,Yes,Yes,Yes,Month-to-month,Yes,Bank transfer (automatic),58.66,507.14,No
10661-DADML,Female,0,No,No,1,Yes,No,Fiber optic,No,Yes,No,No,Yes,Yes,One year,Yes,Electronic check,99.35,144.09,Yes
10662-KMJOE,Male,0,No,Yes,20,Yes,No,Fiber optic,No,Yes,No,No,Yes,Yes,Two year,No,Credit card (automatic),85.01,1728.66,No
10663-IALEB,Male,0,No,Yes,22,Yes,Yes,Fiber optic,Yes,Yes,No,No,Yes,Yes,Month-to-month,Yes,Mailed check,97.21,2095.06,Yes
10664-IFBNC,Male,0,No,No,33,Yes,Yes,DSL,Yes,No,No,No,No,No,Month-to-month,No,Electronic check,67.08,2302.15,No
10665-NHALC,Female,0,No,Yes,10,Yes,Yes,No,No internet service,No internet service,No internet service,No internet service,No internet service,No internet service,Month-to-month,Yes,Mailed check,18.0,80.22,No
10666-MJAKK,Female,0,No,No,1,Yes,No,No,No internet service,No internet service,No internet service,No internet service,No internet service,No internet service,One year,Yes,Electronic check,18.0,48.58,No
10667-HAMED,Male,1,Yes,No,16,Yes,Yes,DSL,No,Yes,No,Yes,No,No,One year,No,Mailed check,58.19,965.57,No
10668-GNEHL,Female,1,Yes,Yes,2,Yes,No,Fiber optic,No,No,Yes,No,No,Yes,One year,Yes,Bank transfer (automatic),88.53,182.76,Yes
10669-NKAED,Female,0,No,Yes,0,Yes,Yes,Fiber optic,Yes,Yes,Yes,No,No,Yes,One year,Yes,Electronic check,80.74,0.0,Yes
10670-CEJOC,Female,1,No,No,30,Yes,Yes,Fiber optic,No,No,No,Yes,Yes,No,Month-to-month,No,Electronic check,98.32,2946.52,No
10671-PHMPC,Female,0,Yes,No,10,No,No phone service,Fiber optic,No,No,No,Yes,Yes,No,One year,Yes,Mailed check,97.99,973.6,Yes
10672-AIOIF,Female,1,No,No,14,No,No phone service,Fiber optic,No,Yes,No,No,No,No,Month-to-month,Yes,Mailed check,102.65,1439.2,No
10673-JAHBI,Female,0,Yes,No,21,No,No phone service,DSL,No,No,No,No,Yes,No,Month-to-month,No,Mailed check,56.93,1145.72,Yes
10674-NHCME,Female,1,Yes,No,10,No,No phone service,Fiber optic,No,Yes,No,No,No,Yes,Month-to-month,No,Mailed check,83.17,811.15,No
10675-IMAIP,Female,0,No,No,1,Yes,No,DSL,No,Yes,No,No,No,Yes,One year,Yes,Electronic check,59.55,88.82,No
10676-ODDOD,Male,0,Yes,No,5,Yes,Yes,DSL,No,Yes,Yes,Yes,Yes,No,Two year,No,Mailed check,64.85,275.59,No
10677-JLINF,Male,0,No,No,4,No,No phone service,Fiber optic,No,Yes,No,Yes,No,No,One year,Yes,Credit card (automatic),89.71,278.33,No
10678-KHLND,Female,0,No,Yes,72,Yes,No,DSL,No,No,Yes,No,Yes,No,Month-to-month,Yes,Bank transfer (automatic),60.24,4282.83,No
10679-PCNAJ,Female,0,No,No,26,Yes,No,DSL,No,Yes,Yes,No,Yes,No,Month-to-month,Yes,Electronic check,48.36,1195.96,No
10680-OOGDN,Male,1,Yes,No,12,Yes,No,Fiber optic,No,Yes,Yes,Yes,No,No,Month-to-month,Yes,Bank transfer (automatic),93.62,1117.46,Yes
10681-HPNCA,Male,0,No,Yes,1,Yes,No,No,No internet service,No internet service,No internet service,No internet service,No internet service,No internet service,Month-to-month,Yes,Electronic check,18.0,53.28,No
10682-ENBCN,Female,0,No,No,2,Yes,Yes,Fiber optic,Yes,Yes,Yes,No,No,No,One year,No,Electronic check,93.31,181.64,Yes
10683-FCCLF,Male,0,Yes,No,33,Yes,No,DSL,Yes,Yes,No,Yes,No,No,Month-to-month,Yes,Bank transfer (automatic),46.17,1578.55,No
10684-EJIAM,Female,0,Yes,No,58,Yes,No,Fiber optic,No,No,Yes,Yes,Yes,No,Month-to-month,No,Electronic check,98.32,5692.0,No
10685-PCCPK,Male,1,No,No,0,Yes,No,Fiber optic,No,Yes,Yes,Yes,Yes,No,One year,No,Credit card (automatic),85.57,33.55,Yes
10686-PFHCC,Female,1,Yes,No,48,Yes,Yes,DSL,No,No,No,No,Yes,No,Month-to-month,No,Mailed check,53.32,2534.74,No
10687-FHFML,Male,0,No,No,9,Yes,Yes,DSL,Yes,No,No,No,No,No,One year,Yes,Bank transfer (automatic),56.38,503.44,No
10688-NJCDA,Female,0,No,No,4,Yes,No,DSL,No,Yes,No,No,No,No,One year,No,Electronic check,47.88,192.26,No
10689-MHDFK,Male,0,Yes,No,2,Yes,No,Fiber optic,No,Yes,No,No,No,No,Two year,Yes,Bank transfer (automatic),78.04,161.51,No
10690-CKLKF,Male,0,Yes,No,29,Yes,Yes,Fiber optic,Yes,Yes,No,Yes,No,Yes,Month-to-month,Yes,Electronic check,73.26,2189.56,No
10691-PLKII,Female,0,Yes,No,12,No,No phone service,Fiber optic,No,No,No,Yes,Yes,No,Month-to-month,Yes,Electronic check,87.43,1017.52,Yes
10692-JCCDL,Female,0,Yes,No,35,Yes,Yes,No,No internet service,No internet service,No internet service,No internet service,No internet service,No internet service,Two year,Yes,Credit card (automatic),29.92,1066.72,No
10693-GPCJH,Male,0,No,Yes,5,Yes,Yes,DSL,No,Yes,Yes,Yes,Yes,Yes,Month-to-month,Yes,Credit card (automatic),56.97,225.63,No
10694-KHFDK,Male,0,No,No,22,Yes,No,No,No internet service,No internet service,No internet service,No internet service,No internet service,No internet service,Two year,Yes,Credit card (automatic),23.49,474.26,No
10695-PLKEL,Female,0,No,No,2,Yes,No,Fiber optic,Yes,No,No,Yes,Yes,Yes,Month-to-month,Yes,Electronic check,77.0,115.56,No
10696-PBMFC,Male,0,Yes,No,1,Yes,Yes,DSL,Yes,No,No,Yes,No,Yes,One year,No,Bank transfer (automatic),56.06,0.0,No
10697-OFLEN,Male,0,No,No,2,Yes,No,No,No internet service,No internet service,No internet service,No internet service,No internet service,No internet service,Month-to-month,No,Credit card (automatic),18.94,9.83,No
10698-BOLMN,Male,0,No,No,33,Yes,No,Fiber optic,Yes,Yes,No,No,Yes,Yes,Month-to-month,Yes,Electronic check,89.55,2943.28,Yes
10699-EENIK,Male,1,No,Yes,21,No,No phone service,Fiber optic,No,No,No,No,No,No,Two year,Yes,Mailed check,73.73,1546.75,No
10700-HLLGO,Male,0,No,No,3,Yes,No,DSL,No,No,Yes,No,Yes,No,One year,No,Mailed check,51.95,222.97,No
10701-OLMON,Female,0,Yes,No,9,Yes,Yes,DSL,No,Yes,No,Yes,No,No,One year,No,Mailed check,56.25,581.41,No
10702-CJDFC,Male,0,Yes,No,28,Yes,No,No,No internet service,No internet service,No internet service,No internet service,No internet service,No internet service,Month-to-month,Yes,Credit card (automatic),18.0,448.4,No
10703-KIHFD,Male,1,No,No,6,Yes,No,DSL,No,No,Yes,No,Yes,No,Two year,No,Mailed check,61.38,318.25,No
10704-GMOKC,Female,0,No,Yes,50,Yes,No,No,No internet service,No internet service,No internet service,No internet service,No internet service,No internet service,One year,No,Electronic check,23.51,1148.62,No
10705-JOHPA,Female,0,Yes,No,49,Yes,No,DSL,No,No,No,Yes,No,No,Month-to-month,Yes,Electronic check,32.4,1638.44,No
10706-PCKPE,Female,0,No,No,16,Yes,No,DSL,No,No,Yes,Yes,No,No,Month-to-month,No,Bank transfer (automatic),45.15,715.99,No
10707-EPJNB,Female,0,Yes,No,19,Yes,No,DSL,Yes,Yes,No,Yes,Yes,Yes,Month-to-month,No,Electronic check,56.0,1048.41,No
10708-JHEGO,Female,0,Yes,No,21,Yes,No,Fiber optic,No,No,No,No,No,Yes,Month-to-month,No,Electronic check,102.76,2190.76,No
10709-PGNEH,Male,0,No,No,5,Yes,Yes,DSL,Yes,Yes,Yes,No,No,No,Two year,No,Bank transfer (automatic),59.59,430.09,Yes
10710-IDDPH,Male,1,Yes,No,9,Yes,Yes,Fiber optic,Yes,Yes,No,No,Yes,Yes,Month-to-month,Yes,Bank transfer (automatic),60.46,466.19,No
10711-AODFP,Male,0,No,No,2,Yes,No,DSL,Yes,No,No,No,No,No,Month-to-month,No,Electronic check,48.56,62.4,No
10712-MDFEP,Female,0,No,Yes,51,Yes,No,No,No internet service,No internet service,No internet service,No internet service,No internet service,No internet service,Month-to-month,No,Credit card (automatic),23.27,1160.89,No
10713-NIPJI,Female,1,No,Yes,25,Yes,No,No,No internet service,No internet service,No internet service,No internet service,No internet service,No internet service,Month-to-month,Yes,Bank transfer (automatic),18.0,326.51,No
10714-DMNDL,Female,0,Yes,Yes,0,Yes,No,DSL,No,Yes,Yes,No,No,Yes,Month-to-month,No,Bank transfer (automatic),61.07,0.0,No
10715-HJODB,Male,0,Yes,No,15,Yes,Yes,Fiber optic,Yes,No,No,Yes,Yes,No,Month-to-month,No,Bank transfer (automatic),85.68,1222.86,No
10716-MMNOB,Male,0,Yes,No,8,Yes,No,No,No internet service,No internet service,No internet service,No internet service,No internet service,No internet service,Month-to-month,No,Mailed check,31.4,298.42,No
10717-AEPOF,Male,1,No,Yes,33,Yes,No,Fiber optic,No,Yes,Yes,No,Yes,Yes,One year,Yes,Mailed check,77.46,2500.01,No
10718-IEMFF,Male,0,Yes,No,8,Yes,No,Fiber optic,No,No,Yes,Yes,Yes,Yes,Month-to-month,No,Credit card (automatic),90.21,699.39,No
10719-CPLDA,Male,0,No,No,20,Yes,No,Fiber optic,Yes,No,No,No,Yes,No,Two year,No,Electronic check,90.06,1866.74,No
10720-DAOEK,Male,0,Yes,No,3,Yes,No,No,No internet service,No internet service,No internet service,No internet service,No internet service,No internet service,Month-to-month,Yes,Credit card (automatic),35.95,118.37,No
10721-KHHEN,Female,1,No,No,16,Yes,Yes,DSL,No,No,No,Yes,No,Yes,Month-to-month,No,Mailed check,63.38,982.89,No
10722-PPJBL,Male,1,No,Yes,6,Yes,No,DSL,No,No,Yes,No,No,Yes,Two year,No,Mailed check,56.04,257.16,No
10723-FAGKD,Male,0,No,Yes,3,Yes,Yes,DSL,Yes,No,No,No,No,Yes,Month-to-month,Yes,Electronic check,43.09,101.12,No
10724-PEFPK,Male,0,No,No,19,Yes,No,Fiber optic,No,No,Yes,No,No,No,Month-to-month,Yes,Bank transfer (automatic),78.65,1500.49,No
10725-AIJDH,Male,0,Yes,No,20,Yes,Yes,DSL,No,No,No,No,No,Yes,Month-to-month,Yes,Bank transfer (automatic),59.57,1188.97,Yes
10726-EKHOA,Male,0,Yes,No,72,Yes,No,DSL,No,No,Yes,Yes,No,No,One year,No,Electronic check,55.32,3993.26,No
10727-HKMKD,Female,0,No,Yes,22,No,No phone service,Fiber optic,Yes,No,Yes,No,Yes,Yes,Month-to-month,Yes,Mailed check,93.8,2081.87,No
10728-BKFPB,Male,0,No,No,14,Yes,No,DSL,No,No,No,No,No,No,One year,No,Mailed check,46.67,615.15,No
10729-EBCKF,Male,0,Yes,No,48,Yes,No,DSL,Yes,Yes,No,Yes,No,No,Month-to-month,No,Bank transfer (automatic),52.09,2480.49,No
10730-APFCG,Female,0,No,Yes,35,Yes,No,Fiber optic,Yes,Yes,No,Yes,No,Yes,Month-to-month,Yes,Mailed check,96.4,3335.54,Yes
10731-BNFHO,Female,0,No,Yes,15,Yes,Yes,No,No internet service,No internet service,No internet service,No internet service,No internet service,No internet service,Two year,Yes,Mailed check,22.37,364.85,Yes
10732-OOPAK,Male,0,Yes,No,14,Yes,Yes,DSL,No,No,No,No,No,No,Month-to-month,No,Mailed check,54.7,704.65,No
10733-KMPIE,Male,0,Yes,Yes,56,Yes,No,DSL,No,No,No,No,Yes,No,Month-to-month,Yes,Mailed check,39.13,2123.75,No
10734-EMPLE,Male,0,No,Yes,19,Yes,Yes,DSL,No,Yes,Yes,No,No,No,One year,Yes,Credit card (automatic),50.56,1019.66,No
10735-FBFNK,Male,0,Yes,Yes,25,Yes,No,No,No internet service,No internet service,No internet service,No internet service,No internet service,No internet service,Two year,No,Electronic check,18.0,491.02,No
10736-DHMKI,Male,0,Yes,No,1,Yes,No,Fiber optic,Yes,Yes,No,No,Yes,Yes,One year,No,Electronic check,97.53,132.88,No
10737-IHCJP,Female,0,Yes,No,25,Yes,Yes,DSL,No,No,Yes,No,Yes,Yes,Month-to-month,Yes,Bank transfer (automatic),65.71,1624.14,Yes
10738-KKDPA,Female,1,No,Yes,6,Yes,No,Fiber optic,No,No,Yes,No,Yes,No,Two year,No,Bank transfer (automatic),84.12,512.59,No
10739-IEFPC,Male,0,No,No,2,Yes,Yes,DSL,No,Yes,Yes,Yes,No,Yes,Month-to-month,Yes,Credit card (automatic),56.05,94.69,No
10740-PKJHO,Male,1,Yes,No,37,Yes,No,DSL,Yes,No,No,No,No,Yes,Two year,No,Electronic check,57.65,2082.06,Yes
10741-GAJLE,Female,0,Yes,No,23,Yes,Yes,DSL,Yes,No,Yes,Yes,No,No,Month-to-month,No,Mailed check,57.31,1224.33,No
10742-JILKL,Female,0,Yes,No,10,Yes,Yes,DSL,No,No,No,No,No,Yes,Two year,Yes,Electronic check,56.26,527.88,No
10743-FHJAJ,Male,0,Yes,No,11,Yes,No,Fiber optic,No,No,No,No,No,No,Month-to-month,No,Mailed check,90.79,908.08,Yes
10744-KGCIF,Male,0,Yes,No,4,Yes,No,Fiber optic,No,No,No,Yes,Yes,Yes,One year,No,Credit card (automatic),84.42,363.11,No
10745-EHHLL,Male,0,Yes,No,0,Yes,Yes,Fiber optic,Yes,No,Yes,Yes,Yes,No,One year,Yes,Credit card (automatic),72.78,0.0,No
10746-CBOBN,Male,0,Yes,No,8,Yes,No,Fiber optic,Yes,No,No,No,No,No,One year,Yes,Credit card (automatic),78.65,626.45,No
10747-EPJPL,Male,1,No,Yes,3,Yes,No,Fiber optic,No,Yes,No,Yes,No,No,Two year,No,Mailed check,86.03,326.13,No
10748-PGHJO,Male,0,Yes,No,10,Yes,No,Fiber optic,No,Yes,No,No,No,No,Month-to-month,Yes,Bank transfer (automatic),98.81,937.07,No
10749-HMLHO,Female,0,Yes,No,35,Yes,Yes,Fiber optic,No,No,Yes,No,No,No,Month-to-month,Yes,Mailed check,95.69,3439.03,No
10750-JLKCN,Female,0,Yes,No,2,Yes,No,DSL,No,No,No,Yes,Yes,Yes,Month-to-month,Yes,Mailed check,40.86,82.92,No
10751-KBMDO,Female,0,No,No,1,Yes,No,Fiber optic,Yes,No,No,No,Yes,Yes,One year,Yes,Credit card (automatic),82.57,93.56,No
10752-ACKIG,Female,0,Yes,Yes,46,Yes,No,No,No internet service,No internet service,No internet service,No internet service,No internet service,No internet service,One year,Yes,Electronic check,18.0,830.5,No
10753-GAGJG,Male,0,No,Yes,27,Yes,Yes,Fiber optic,Yes,No,Yes,Yes,Yes,Yes,Month-to-month,No,Mailed check,88.55,2364.62,Yes
10754-DGHPC,Female,0,No,No,1,Yes,No,Fiber optic,Yes,No,Yes,No,No,Yes,Month-to-month,No,Bank transfer (automatic),86.25,70.9,No
10755-MJBGE,Female,0,No,No,1,Yes,Yes,DSL,No,No,No,Yes,Yes,No,Month-to-month,Yes,Bank transfer (automatic),53.22,32.93,No
10756-ENEOG,Male,0,No,No,23,Yes,Yes,No,No internet service,No internet service,No internet service,No internet service,No internet service,No internet service,One year,Yes,Bank transfer (automatic),22.16,477.61,No
10757-IKHFG,Female,0,Yes,No,9,Yes,Yes,No,No internet service,No internet service,No internet service,No internet service,No internet service,No internet service,Two year,No,Electronic check,22.49,275.02,No
10758-INKFA,Male,0,Yes,No,25,Yes,No,No,No internet service,No internet service,No internet service,No internet service,No internet service,No internet service,Month-to-month,No,Electronic check,18.0,469.99,No
10759-DHGPC,Male,1,No,No,10,Yes,No,DSL,No,No,No,No,No,No,Two year,No,Credit card (automatic),59.57,648.87,Yes
10760-JCKCL,Female,0,Yes,Yes,68,Yes,No,No,No internet service,No internet service,No internet service,No internet service,No internet service,No internet service,Two year,Yes,Mailed check,30.94,2079.85,No
10761-OAOJA,Female,0,Yes,No,23,Yes,No,DSL,No,No,No,No,Yes,No,Month-to-month,Yes,Electronic check,67.52,1598.97,Yes
10762-FNNAE,Female,0,No,No,0,Yes,Yes,Fiber optic,No,No,No,No,Yes,No,Month-to-month,No,Electronic check,80.99,85.7,Yes
10763-DEGFL,Male,0,No,No,8,Yes,Yes,Fiber optic,No,Yes,Yes,Yes,No,No,One year,No,Credit card (automatic),98.09,827.01,No
10764-IFIDA,Female,0,No,No,16,Yes,No,No,No internet service,No internet service,No internet service,No internet service,No internet service,No internet service,One year,No,Electronic check,31.72,494.32,No
10765-AJGMP,Male,0,No,No,3,Yes,Yes,Fiber optic,Yes,Yes,Yes,No,No,No,One year,No,Bank transfer (automatic),79.51,292.84,Yes
10766-MMCBP,Female,0,No,No,0,Yes,No,No,No internet service,No internet service,No internet service,No internet service,No internet service,No internet service,Month-to-month,Yes,Bank transfer (automatic),28.81,19.76,No
10767-NFFMG,Male,0,No,Yes,1,Yes,Yes,No,No internet service,No internet service,No internet service,No internet service,No internet service,No internet service,Month-to-month,Yes,Bank transfer (automatic),20.02,148.14,Yes
10768-EHGBO,Female,0,Yes,Yes,14,Yes,Yes,Fiber optic,No,No,No,No,No,Yes,Month-to-month,Yes,Mailed check,98.12,1377.51,No
10769-PAMNI,Female,0,No,No,20,Yes,Yes,No,No internet service,No internet service,No internet service,No internet service,No internet service,No internet service,Month-to-month,Yes,Mailed check,20.11,459.1,No
10770-ELKEL,Male,0,Yes,No,1,Yes,No,DSL,Yes,Yes,No,No,Yes,No,One year,No,Credit card (automatic),65.82,23.4,Yes
10771-PJDBE,Female,0,No,Yes,21,Yes,Yes,Fiber optic,Yes,No,No,No,No,Yes,Month-to-month,No,Bank transfer (automatic),88.85,1879.97,No
10772-BLGKI,Female,0,Yes,No,19,Yes,Yes,DSL,No,No,No,No,No,Yes,Two year,Yes,Electronic check,52.62,1025.99,No
10773-IKFAP,Male,0,Yes,No,56,Yes,Yes,No,No internet service,No internet service,No internet service,No internet service,No internet service,No internet service,Month-to-month,Yes,Electronic check,18.0,1070.63,No
10774-MFEDP,Female,0,No,No,36,Yes,No,No,No internet service,No internet service,No internet service,No internet service,No internet service,No internet service,Month-to-month,No,Electronic check,18.0,642.53,No
10775-LFFPP,Female,1,Yes,Yes,57,Yes,No,DSL,No,Yes,No,No,No,Yes,Two year,Yes,Mailed check,52.69,2858.05,No
10776-NFBON,Male,0,No,No,67,Yes,Yes,Fiber optic,No,No,Yes,No,No,Yes,Month-to-month,No,Bank transfer (automatic),82.64,5534.95,No
10777-PGNDM,Female,1,No,No,11,Yes,No,DSL,Yes,Yes,No,Yes,Yes,No,Month-to-month,No,Mailed check,58.99,591.14,Yes
10778-OLIPJ,Male,0,No,No,13,Yes,No,Fiber optic,No,Yes,No,No,No,No,Two year,Yes,Credit card (automatic),84.4,1132.39,Yes
10779-BENDI,Female,0,Yes,No,6,Yes,No,Fiber optic,No,Yes,Yes,Yes,No,No,Month-to-month,Yes,Mailed check,97.23,554.6,Yes
10780-DHHFF,Female,0,Yes,Yes,14,No,No phone service,DSL,Yes,No,Yes,No,No,Yes,Month-to-month,No,Mailed check,57.63,805.29,No
10781-PKHLM,Male,0,No,No,3,Yes,Yes,DSL,Yes,No,Yes,No,Yes,No,Month-to-month,No,Mailed check,59.43,210.44,No
10782-LJIOE,Female,0,Yes,No,22,Yes,Yes,Fiber optic,No,No,Yes,Yes,No,No,Two year,Yes,Electronic check,84.34,1800.34,No
10783-KAAOB,Male,0,Yes,No,0,Yes,Yes,DSL,No,No,No,No,Yes,No,One year,Yes,Bank transfer (automatic),68.0,35.57,Yes
10784-JJEDA,Male,0,No,No,5,Yes,Yes,Fiber optic,Yes,Yes,No,No,No,Yes,Month-to-month,Yes,Electronic check,79.7,390.89,Yes
10785-DDJDA,Female,0,No,Yes,4,Yes,No,DSL,Yes,No,Yes,No,No,No,Two year,No,Bank transfer (automatic),36.35,145.18,No
10786-INCMD,Male,0,No,Yes,55,Yes,No,No,No internet service,No internet service,No internet service,No internet service,No internet service,No internet service,Month-to-month,Yes,Mailed check,18.0,999.01,No
10787-EMMGP,Female,0,Yes,No,3,Yes,No,Fiber optic,No,Yes,No,Yes,Yes,No,Two year,No,Electronic check,84.87,174.54,No
10788-FEHPN,Male,1,No,Yes,44,Yes,No,Fiber optic,No,Yes,Yes,No,No,Yes,Month-to-month,No,Electronic check,82.46,3685.9,No
10789-AGLFK,Female,0,No,Yes,2,Yes,Yes,DSL,No,No,Yes,Yes,Yes,No,Month-to-month,Yes,Electronic check,50.25,117.77,Yes
10790-PEPGC,Female,0,No,No,21,No,No phone service,DSL,Yes,No,No,No,No,No,Month-to-month,Yes,Bank transfer (automatic),49.45,1029.68,No
10791-AIBMJ,Male,1,Yes,Yes,7,Yes,Yes,No,No internet service,No internet service,No internet service,No internet service,No internet service,No internet service,Month-to-month,Yes,Mailed check,18.89,86.18,No
10792-OCHLJ,Female,0,No,No,7,No,No phone service,Fiber optic,Yes,Yes,No,Yes,No,No,Month-to-month,Yes,Credit card (automatic),105.8,776.86,Yes
10793-IMPCF,Female,0,Yes,No,72,Yes,No,Fiber optic,No,Yes,No,No,Yes,No,Month-to-month,Yes,Mailed check,79.87,5792.24,No
10794-GOANG,Female,1,No,No,5,Yes,Yes,No,No internet service,No internet service,No internet service,No internet service,No internet service,No internet service,Month-to-month,Yes,Electronic check,24.86,76.31,No
10795-DPEHD,Male,0,No,No,4,Yes,No,DSL,Yes,No,No,Yes,No,No,Month-to-month,Yes,Credit card (automatic),61.5,239.69,Yes
10796-ODHOE,Female,0,No,No,17,Yes,Yes,Fiber optic,Yes,No,Yes,Yes,No,No,Two year,Yes,Credit card (automatic),90.3,1409.26,No
10797-MFLKN,Female,0,Yes,Yes,26,No,No phone service,DSL,Yes,No,No,No,No,No,Month-to-month,Yes,Electronic check,58.77,1557.51,No
10798-EAGFB,Male,0,No,Yes,72,Yes,No,Fiber optic,No,Yes,Yes,No,Yes,No,Month-to-month,No,Electronic check,85.77,6224.02,No
10799-KGFEH,Female,0,Yes,Yes,24,Yes,No,DSL,No,Yes,No,Yes,No,No,One year,Yes,Bank transfer (automatic),57.56,1400.32,No
10800-EKBFP,Male,0,Yes,No,16,Yes,No,DSL,No,No,No,Yes,Yes,No,One year,No,Credit card (automatic),49.99,716.52,No
10801-NLAEN,Male,0,No,No,10,Yes,No,Fiber optic,No,No,No,No,No,No,One year,Yes,Credit card (automatic),74.28,698.43,No
10802-FOGNB,Female,0,No,No,18,Yes,Yes,No,No internet service,No internet service,No internet service,No internet service,No internet service,No internet service,Two year,Yes,Electronic check,22.26,344.83,No
10803-AFCEL,Male,0,Yes,No,18,Yes,Yes,No,No internet service,No internet service,No internet service,No internet service,No internet service,No internet service,Two year,No,Bank transfer (automatic),34.25,583.19,Yes
10804-OKMPO,Female,0,Yes,No,4,Yes,No,Fiber optic,Yes,No,No,No,No,Yes,One year,Yes,Bank transfer (automatic),81.61,397.36,No
10805-BOAAM,Female,0,Yes,No,22,No,No phone service,Fiber optic,No,Yes,Yes,No,Yes,No,Two year,No,Bank transfer (automatic),82.54,1918.4,No
10806-KDJMP,Female,0,No,No,4,Yes,No,Fiber optic,No,No,No,No,No,No,Month-to-month,No,Mailed check,101.84,394.83,Yes
10807-BAFND,Male,0,No,No,13,Yes,No,Fiber optic,No,Yes,Yes,No,Yes,No,One year,Yes,Electronic check,87.54,1063.54,Yes
10808-JMLOG,Male,1,No,No,6,No,No phone service,Fiber optic,No,Yes,No,Yes,No,No,Month-to-month,Yes,Bank transfer (automatic),73.22,340.57,Yes
10809-PKFEJ,Female,0,Yes,Yes,7,Yes,Yes,DSL,No,No,No,Yes,No,No,Month-to-month,No,Bank transfer (automatic),73.7,485.15,No
10810-LMLLL,Female,0,No,No,19,Yes,No,No,No internet service,No internet service,No internet service,No internet service,No internet service,No internet service,Month-to-month,No,Bank transfer (automatic),20.56,288.46,Yes
10811-BEIIB,Male,0,No,No,1,Yes,No,Fiber optic,No,Yes,Yes,No,No,No,Month-to-month,Yes,Mailed check,82.28,104.27,No
10812-GJNDM,Female,0,No,Yes,0,No,No phone service,No,No internet service,No internet service,No internet service,No internet service,No internet service,No internet service,Month-to-month,No,Electronic check,18.0,67.07,No
10813-MCKPA,Male,0,No,No,2,Yes,No,No,No internet service,No internet service,No internet service,No internet service,No internet service,No internet service,Month-to-month,No,Mailed check,21.39,98.75,No
10814-CKINO,Male,1,No,Yes,3,No,No phone service,Fiber optic,No,No,Yes,No,Yes,No,Month-to-month,No,Electronic check,90.14,323.66,Yes
10815-IGPCM,Female,0,No,Yes,4,Yes,No,Fiber optic,Yes,No,Yes,No,No,No,Month-to-month,No,Electronic check,92.91,479.74,No
10816-CDPGG,Female,1,No,No,29,Yes,Yes,Fiber optic,Yes,Yes,No,Yes,No,Yes,Two year,Yes,Bank transfer (automatic),85.01,2486.77,No
10817-LLNBL,Female,0,Yes,No,11,Yes,No,DSL,Yes,No,No,Yes,No,No,Month-to-month,No,Bank transfer (automatic),58.82,633.92,No
10818-OEGGF,Male,1,No,No,12,Yes,Yes,Fiber optic,No,No,Yes,No,No,Yes,Month-to-month,No,Bank transfer (automatic),86.45,1056.6,Yes
10819-JJLHC,Male,0,No,No,20,Yes,No,No,No internet service,No internet service,No internet service,No internet service,No internet service,No internet service,Month-to-month,Yes,Credit card (automatic),19.88,285.52,No
10820-OACKB,Male,1,No,No,26,No,No phone service,No,No internet service,No internet service,No internet service,No internet service,No internet service,No internet service,Two year,Yes,Mailed check,18.0,409.78,No
10821-BNNBE,Male,0,Yes,No,0,Yes,Yes,Fiber optic,No,Yes,No,Yes,No,No,Two year,Yes,Mailed check,85.77,0.0,Yes
10822-MAJDN,Female,1,Yes,Yes,38,Yes,No,Fiber optic,Yes,Yes,Yes,No,Yes,Yes,Two year,Yes,Mailed check,87.4,3367.13,No
10823-JEBEJ,Male,0,No,No,72,Yes,No,DSL,No,Yes,No,Yes,Yes,No,Month-to-month,No,Mailed check,48.36,3422.89,No
10824-ODHAO,Female,0,No,No,2,Yes,No,DSL,No,No,No,No,Yes,No,Month-to-month,Yes,Mailed check,57.59,91.06,Yes
10825-LENNK,Male,0,No,No,21,Yes,Yes,No,No internet service,No internet service,No internet service,No internet service,No internet service,No internet service,Two year,No,Bank transfer (automatic),20.17,451.14,No
10826-LJAJJ,Male,0,Yes,No,0,Yes,Yes,Fiber optic,No,No,No,No,Yes,Yes,Month-to-month,Yes,Electronic check,75.51,28.41,Yes
10827-DHAKO,Female,0,Yes,No,1,No,No phone service,Fiber optic,No,No,Yes,No,No,No,Month-to-month,Yes,Mailed check,83.17,51.95,Yes
10828-BAKGB,Male,1,Yes,No,6,Yes,Yes,Fiber optic,No,No,Yes,No,Yes,Yes,Month-to-month,Yes,Mailed check,92.08,532.08,No
10829-AOLPF,Female,0,Yes,No,37,Yes,Yes,Fiber optic,Yes,Yes,Yes,No,No,No,Two year,No,Electronic check,79.9,2923.53,No
10830-FJBOA,Male,0,Yes,No,21,Yes,No,Fiber optic,No,No,Yes,No,No,No,Month-to-month,Yes,Bank transfer (automatic),74.12,1677.34,No
10831-NJCJN,Female,0,No,No,11,No,No phone service,Fiber optic,Yes,No,No,Yes,No,No,Two year,No,Electronic check,77.83,895.42,No
10832-EPFCI,Male,0,No,Yes,11,Yes,No,Fiber optic,Yes,No,Yes,No,No,No,Month-to-month,No,Bank transfer (automatic),80.83,852.85,Yes
10833-KEMBJ,Male,0,Yes,No,12,Yes,No,No,No internet service,No internet service,No internet service,No internet service,No internet service,No internet service,Two year,Yes,Electronic check,22.19,280.61,Yes
10834-FLHKF,Female,1,No,No,7,Yes,No,Fiber optic,Yes,No,No,No,No,No,Month-to-month,Yes,Electronic check,90.7,619.2,Yes
10835-DFHHM,Female,0,No,No,42,Yes,Yes,No,No internet service,No internet service,No internet service,No internet service,No internet service,No internet service,Month-to-month,Yes,Electronic check,25.59,1016.77,No
10836-JBHFP,Female,0,No,No,16,Yes,Yes,No,No internet service,No internet service,No internet service,No internet service,No internet service,No internet service,One year,No,Mailed check,18.0,355.02,No
10837-BAFMG,Male,0,No,No,13,No,No phone service,Fiber optic,No,No,No,No,No,Yes,Month-to-month,Yes,Credit card (automatic),89.3,1136.4,No
10838-NNJEN,Male,0,Yes,No,12,Yes,No,DSL,No,No,Yes,No,No,Yes,One year,Yes,Mailed check,50.83,580.85,No
10839-JHKML,Male,0,Yes,Yes,54,Yes,No,DSL,Yes,No,Yes,No,No,No,Two year,No,Credit card (automatic),55.0,2940.54,No
10840-IDGHM,Male,0,Yes,No,25,Yes,Yes,DSL,No,No,No,Yes,No,Yes,Month-to-month,Yes,Credit card (automatic),61.59,1436.28,No
10841-FBGMI,Male,0,No,No,3,Yes,No,No,No internet service,No internet service,No internet service,No internet service,No internet service,No internet service,Month-to-month,Yes,Electronic check,18.0,47.05,No
10842-EOBDC,Male,0,No,No,11,Yes,Yes,No,No internet service,No internet service,No internet service,No internet service,No internet service,No internet service,One year,No,Electronic check,18.0,240.81,No
10843-DJGJH,Female,0,Yes,Yes,6,Yes,Yes,DSL,Yes,Yes,Yes,Yes,Yes,Yes,Two year,Yes,Electronic check,51.65,300.29,No
10844-AMHEL,Male,0,No,No,72,Yes,No,DSL,No,No,No,No,Yes,Yes,Two year,Yes,Mailed check,57.09,4125.68,No
10845-GKKAB,Male,1,Yes,Yes,10,Yes,Yes,No,No internet service,No internet service,No internet service,No internet service,No internet service,No internet service,Month-to-month,No,Bank transfer (automatic),18.0,204.67,Yes
10846-AENNF,Female,0,No,No,1,Yes,No,DSL,No,Yes,No,No,No,No,One year,No,Electronic check,48.63,105.08,No
10847-JIHGL,Female,0,Yes,Yes,10,No,No phone service,No,No internet service,No internet service,No internet service,No internet service,No internet service,No internet service,Month-to-month,Yes,Mailed check,30.37,288.24,No
10848-ENOCP,Female,0,Yes,No,7,Yes,No,Fiber optic,Yes,Yes,No,No,No,No,Month-to-month,Yes,Bank transfer (automatic),77.75,531.68,Yes
10849-IMECP,Female,0,Yes,No,18,Yes,No,No,No internet service,No internet service,No internet service,No internet service,No internet service,No internet service,One year,No,Bank transfer (automatic),18.0,306.92,No
10850-CCNPF,Female,0,Yes,No,5,Yes,Yes,Fiber optic,No,No,No,No,Yes,No,Two year,No,Mailed check,84.61,433.08,No
10851-AKDMH,Male,0,No,No,0,Yes,No,DSL,No,No,No,No,No,Yes,Month-to-month,Yes,Credit card (automatic),69.65,0.0,No
10852-CPEBO,Male,0,Yes,No,2,Yes,No,Fiber optic,No,No,No,No,No,Yes,One year,Yes,Bank transfer (automatic),80.53,205.98,Yes
10853-BKMGJ,Female,0,No,Yes,6,Yes,No,No,No internet service,No internet service,No internet service,No internet service,No internet service,No internet service,Month-to-month,Yes,Credit card (automatic),26.45,148.0,No
10854-CECFM,Female,0,Yes,Yes,8,Yes,Yes,DSL,Yes,No,Yes,Yes,No,No,Month-to-month,Yes,Bank transfer (automatic),52.75,493.06,No
10855-JCHBC,Male,0,Yes,No,35,Yes,No,Fiber optic,No,No,No,No,Yes,No,Two year,No,Mailed check,68.15,2412.18,No
10856-HHAHJ,Female,0,No,Yes,6,Yes,No,Fiber optic,No,No,Yes,Yes,No,No,Month-to-month,Yes,Electronic check,90.96,523.33,Yes
10857-BLGFB,Male,0,No,Yes,0,No,No phone service,No,No internet service,No internet service,No internet service,No internet service,No internet service,No internet service,Month-to-month,Yes,Electronic check,23.41,0.0,Yes
10858-EGHCA,Male,0,Yes,No,30,Yes,No,DSL,No,Yes,Yes,Yes,No,No,Two year,Yes,Electronic check,59.85,1824.1,No
10859-MGMEE,Female,1,No,No,40,Yes,No,Fiber optic,No,No,Yes,No,Yes,No,One year,Yes,Electronic check,81.57,3350.53,No
10860-GAHLN,Male,1,No,Yes,13,Yes,Yes,DSL,No,No,No,Yes,No,No,One year,Yes,Electronic check,50.87,607.81,No
10861-PJOEH,Male,0,Yes,No,6,Yes,Yes,Fiber optic,Yes,No,No,No,Yes,Yes,Two year,No,Bank transfer (automatic),90.87,611.32,No
10862-JOJEL,Male,0,No,No,29,No,No phone service,Fiber optic,No,No,Yes,No,Yes,No,Month-to-month,Yes,Mailed check,78.47,2315.32,Yes
10863-GJCBF,Male,1,Yes,Yes,0,Yes,Yes,DSL,No,No,No,No,No,No,Month-to-month,No,Electronic check,55.07,31.27,No
10864-EIJDK,Female,0,Yes,No,51,Yes,No,No,No internet service,No internet service,No internet service,No internet service,No internet service,No internet service,One year,No,Electronic check,18.0,947.8,No
10865-CIHFA,Female,0,No,Yes,40,Yes,Yes,Fiber optic,No,Yes,Yes,No,No,Yes,Month-to-month,No,Mailed check,77.57,3060.1,No
10866-NJMLK,Female,0,Yes,Yes,15,Yes,Yes,Fiber optic,No,No,No,No,Yes,No,Two year,Yes,Bank transfer (automatic),87.18,1356.19,No
10867-ALFMC,Female,0,Yes,Yes,6,Yes,Yes,Fiber optic,Yes,Yes,No,No,No,Yes,One year,Yes,Credit card (automatic),90.45,596.56,Yes
10868-CFMCM,Female,1,Yes,Yes,0,Yes,Yes,Fiber optic,Yes,No,No,No,Yes,No,One year,Yes,Mailed check,89.27,80.81,Yes
10869-KJFED,Male,0,No,No,72,Yes,No,DSL,No,Yes,No,Yes,Yes,No,Two year,Yes,Electronic check,55.99,4040.54,No
10870-HBOLN,Male,1,No,Yes,28,Yes,No,No,No internet service,No internet service,No internet service,No internet service,No internet service,No internet service,Month-to-month,Yes,Electronic check,18.0,519.81,No
10871-KGDBO,Male,0,Yes,No,8,Yes,Yes,DSL,No,No,No,Yes,Yes,No,One year,Yes,Electronic check,53.56,467.84,No
10872-GMADI,Male,0,No,No,0,Yes,No,Fiber optic,Yes,No,Yes,No,No,Yes,Two year,Yes,Electronic check,70.92,5.53,No
10873-NDLMC,Female,0,Yes,No,20,Yes,No,DSL,Yes,Yes,No,Yes,Yes,Yes,Two year,Yes,Bank transfer (automatic),40.93,797.47,No
10874-JJBPN,Female,1,No,No,72,Yes,No,Fiber optic,Yes,Yes,No,Yes,No,No,Month-to-month,Yes,Electronic check,79.13,5734.39,No
10875-OCAJH,Male,0,No,No,24,Yes,No,No,No internet service,No internet service,No internet service,No internet service,No internet service,No internet service,Month-to-month,Yes,Electronic check,26.95,643.42,Yes
10876-ACNCM,Female,0,No,Yes,1,Yes,No,Fiber optic,No,Yes,Yes,No,No,Yes,Month-to-month,Yes,Bank transfer (automatic),65.5,105.44,Yes
10877-OBNEJ,Male,0,No,No,10,Yes,No,DSL,No,No,No,Yes,Yes,Yes,Two year,No,Electronic check,61.05,571.48,No
10878-CCHDD,Male,0,No,No,2,Yes,Yes,DSL,No,No,No,Yes,No,Yes,Month-to-month,Yes,Credit card (automatic),47.61,68.65,No
10879-CKAHO,Female,0,Yes,No,48,Yes,No,No,No internet service,No internet service,No internet service,No internet service,No internet service,No internet service,One year,No,Credit card (automatic),19.15,972.78,No
10880-AGEDD,Female,0,No,No,8,Yes,No,DSL,Yes,No,No,No,No,No,Month-to-month,Yes,Bank transfer (automatic),70.89,635.74,No
10881-HKKMN,Female,1,Yes,No,26,Yes,Yes,No,No internet service,No internet service,No internet service,No internet service,No internet service,No internet service,One year,No,Mailed check,27.63,777.79,No
10882-FPNLA,Male,0,Yes,Yes,1,Yes,No,DSL,Yes,No,No,No,No,Yes,Month-to-month,Yes,Electronic check,53.85,71.86,No
10883-NJHMN,Female,0,Yes,No,2,Yes,No,Fiber optic,No,Yes,No,Yes,No,No,Two year,No,Electronic check,79.31,185.92,No
10884-BFIAF,Male,0,Yes,Yes,22,No,No phone service,Fiber optic,Yes,No,Yes,No,No,No,Two year,Yes,Mailed check,91.98,2064.24,No
10885-PHJMB,Female,0,No,No,37,Yes,No,DSL,No,Yes,No,Yes,No,Yes,Month-to-month,No,Electronic check,47.94,1669.98,Yes
10886-EFECD,Male,0,No,No,4,Yes,No,Fiber optic,Yes,No,Yes,No,No,Yes,One year,Yes,Electronic check,85.4,315.59,No
10887-GDIKL,Female,1,Yes,No,10,Yes,No,Fiber optic,Yes,Yes,No,Yes,No,No,One year,No,Bank transfer (automatic),91.2,983.87,No
10888-NMMJB,Male,0,Yes,Yes,19,Yes,Yes,Fiber optic,No,Yes,No,Yes,Yes,No,Two year,Yes,Electronic check,91.63,1780.72,No
10889-PEHNE,Male,1,Yes,No,31,Yes,No,Fiber optic,Yes,No,Yes,Yes,Yes,Yes,One year,Yes,Bank transfer (automatic),68.94,2052.97,No
10890-JLHHI,Female,0,No,No,19,Yes,Yes,No,No internet service,No internet service,No internet service,No internet service,No internet service,No internet service,Two year,Yes,Mailed check,22.7,429.99,No
10891-JFPLD,Male,0,Yes,No,2,Yes,No,Fiber optic,No,No,No,No,No,No,Month-to-month,No,Credit card (automatic),81.87,130.94,Yes
10892-LKCOL,Female,0,Yes,Yes,15,Yes,Yes,DSL,Yes,No,No,Yes,Yes,No,Month-to-month,Yes,Credit card (automatic),51.5,791.94,No
10893-PNEFC,Female,0,No,No,43,Yes,No,Fiber optic,No,No,Yes,No,Yes,No,One year,Yes,Electronic check,85.34,3690.08,No
10894-BPGKE,Female,0,No,No,40,Yes,No,DSL,No,No,No,No,No,No,Two year,No,Bank transfer (automatic),73.96,2895.38,No
10895-IOCNO,Male,0,Yes,No,17,Yes,No,DSL,No,No,No,Yes,No,Yes,Month-to-month,Yes,Bank transfer (automatic),54.6,1037.48,No
10896-HFDLL,Female,0,Yes,No,72,Yes,Yes,Fiber optic,Yes,No,Yes,No,No,Yes,Month-to-month,Yes,Credit card (automatic),82.26,5873.3,Yes
10897-OIEPO,Male,0,No,No,2,Yes,No,Fiber optic,Yes,Yes,No,Yes,No,No,Two year,No,Bank transfer (automatic),76.69,180.82,No
10898-JPFNO,Female,1,Yes,Yes,13,Yes,No,Fiber optic,Yes,No,Yes,No,No,No,One year,Yes,Electronic check,84.12,1122.26,Yes
10899-OMIGL,Female,0,Yes,No,29,Yes,No,Fiber optic,No,No,No,Yes,No,No,Month-to-month,No,Electronic check,70.7,2102.88,Yes
10900-EBDBC,Male,0,No,No,3,No,No phone service,DSL,Yes,No,No,No,Yes,No,Two year,Yes,Bank transfer (automatic),63.33,201.78,No
10901-JLCDF,Male,0,No,Yes,72,Yes,No,Fiber optic,Yes,No,Yes,No,No,Yes,Month-to-month,Yes,Credit card (automatic),84.4,6091.9,Yes
10902-LCJNA,Female,0,Yes,Yes,8,Yes,No,Fiber optic,No,No,Yes,Yes,Yes,Yes,Month-to-month,Yes,Credit card (automatic),82.27,556.75,No
10903-APIIE,Male,0,No,No,8,Yes,Yes,DSL,No,No,No,No,No,No,Month-to-month,No,Mailed check,59.62,438.67,No
10904-IKGIL,Female,1,Yes,Yes,4,Yes,Yes,No,No internet service,No internet service,No internet service,No internet service,No internet service,No internet service,Two year,No,Credit card (automatic),18.0,173.14,No
10905-GIOBK,Male,0,No,No,6,No,No phone service,Fiber optic,No,No,No,Yes,Yes,Yes,One year,Yes,Mailed check,88.16,472.38,No
10906-KHGPF,Male,0,Yes,Yes,17,Yes,No,Fiber optic,No,No,Yes,Yes,Yes,No,Month-to-month,Yes,Mailed check,73.74,1223.03,Yes
10907-EDGCH,Female,0,No,Yes,11,Yes,No,No,No internet service,No internet service,No internet service,No internet service,No internet service,No internet service,Month-to-month,No,Mailed check,18.0,113.7,No
10908-BAKBI,Male,0,No,No,4,Yes,No,Fiber optic,No,No,No,No,Yes,No,One year,No,Bank transfer (automatic),63.01,264.84,No
10909-EKHCG,Female,0,No,No,33,No,No phone service,DSL,No,No,No,No,No,Yes,One year,Yes,Bank transfer (automatic),60.3,1970.31,No
10910-OBHNG,Female,0,No,Yes,1,Yes,Yes,DSL,No,No,Yes,No,No,Yes,Two year,Yes,Mailed check,63.02,41.8,No
10911-LELKD,Male,1,Yes,Yes,35,Yes,Yes,DSL,Yes,Yes,No,Yes,Yes,No,Two year,No,Bank transfer (automatic),57.09,1960.8,No
10912-AELIJ,Female,0,Yes,No,6,No,No phone service,Fiber optic,No,No,No,No,No,Yes,Month-to-month,No,Mailed check,94.5,595.57,No
10913-DMILB,Male,0,Yes,No,13,Yes,No,DSL,No,No,No,No,Yes,No,One year,Yes,Bank transfer (automatic),60.77,838.62,No
10914-DIDEK,Male,0,No,No,9,No,No phone service,DSL,Yes,No,Yes,Yes,No,No,Month-to-month,Yes,Mailed check,59.85,538.38,No
10915-HPAAI,Female,0,No,Yes,16,Yes,No,Fiber optic,No,Yes,No,No,No,Yes,Two year,No,Electronic check,83.88,1272.87,No
10916-IDMPB,Male,0,No,No,31,Yes,Yes,DSL,No,No,No,No,Yes,Yes,Month-to-month,Yes,Electronic check,64.07,1995.73,No
10917-PMIND,Female,0,Yes,No,72,Yes,Yes,Fiber optic,Yes,No,No,Yes,Yes,Yes,Month-to-month,Yes,Bank transfer (automatic),79.43,5804.87,Yes
10918-FLALI,Female,0,No,No,7,Yes,No,Fiber optic,No,No,No,Yes,Yes,No,Month-to-month,No,Credit card (automatic),89.35,593.55,No
10919-EOCDA,Male,0,No,Yes,16,Yes,No,DSL,No,No,No,No,No,No,Month-to-month,Yes,Mailed check,62.59,1080.18,No
10920-NINHD,Male,0,No,Yes,12,Yes,No,Fiber optic,No,No,No,No,No,Yes,Month-to-month,Yes,Electronic check,80.34,971.45,Yes
10921-BNIDI,Female,0,No,No,72,No,No phone service,DSL,Yes,Yes,No,No,No,No,Month-to-month,No,Electronic check,58.41,4191.76,No
10922-JCGGJ,Female,0,No,Yes,33,Yes,No,No,No internet service,No internet service,No internet service,No internet service,No internet service,No internet service,Month-to-month,Yes,Bank transfer (automatic),21.21,665.2,No
10923-MDBKI,Female,0,No,Yes,10,Yes,No,DSL,Yes,No,No,Yes,No,No,Month-to-month,Yes,Mailed check,47.17,504.33,No
10924-DHNBH,Male,0,Yes,No,12,Yes,No,DSL,Yes,Yes,No,Yes,Yes,Yes,Two year,Yes,Electronic check,62.15,715.17,No
10925-PKPJE,Male,1,Yes,No,5,Yes,Yes,Fiber optic,No,No,Yes,No,No,No,Month-to-month,Yes,Bank transfer (automatic),81.83,395.63,No
10926-GGLIC,Female,0,No,No,28,Yes,No,DSL,No,No,No,No,No,No,Two year,Yes,Electronic check,60.5,1666.56,No
10927-JDJDO,Male,1,Yes,No,37,Yes,No,Fiber optic,Yes,No,No,No,Yes,Yes,Month-to-month,No,Bank transfer (automatic),75.92,2789.62,Yes
10928-PMJEN,Female,0,No,No,67,Yes,No,Fiber optic,No,No,No,No,No,Yes,Month-to-month,Yes,Mailed check,79.66,5296.52,Yes
10929-FPOCM,Male,0,No,No,16,Yes,Yes,DSL,No,Yes,Yes,No,No,No,One year,No,Bank transfer (automatic),50.87,838.37,No
10930-DCBJL,Female,0,No,No,22,Yes,No,Fiber optic,Yes,No,Yes,No,No,No,Month-to-month,No,Credit card (automatic),80.07,1762.62,Yes
10931-IPAPB,Female,0,Yes,No,11,Yes,No,DSL,No,No,No,No,No,No,Month-to-month,Yes,Electronic check,47.84,470.33,No
10932-HOGLA,Female,0,Yes,No,18,Yes,Yes,DSL,No,No,No,No,Yes,Yes,Two year,Yes,Bank transfer (automatic),46.55,796.98,No
10933-EJFED,Female,0,Yes,Yes,8,Yes,Yes,Fiber optic,No,No,No,No,No,Yes,Month-to-month,Yes,Electronic check,85.44,614.09,Yes
10934-NMAPG,Female,0,Yes,No,26,Yes,No,No,No internet service,No internet service,No internet service,No internet service,No internet service,No internet service,Month-to-month,Yes,Credit card (automatic),18.0,524.73,Yes
10935-IFPPP,Female,0,No,Yes,0,Yes,No,Fiber optic,Yes,No,No,No,Yes,No,Two year,Yes,Electronic check,86.91,9.79,Yes
10936-COJND,Male,0,Yes,No,0,Yes,No,DSL,No,Yes,Yes,No,No,No,Month-to-month,No,Credit card (automatic),57.75,0.0,Yes
10937-JEOLL,Female,0,Yes,No,25,Yes,No,No,No internet service,No internet service,No internet service,No internet service,No internet service,No internet service,One year,No,Electronic check,18.0,430.35,No
10938-AEAIP,Female,1,Yes,No,53,Yes,No,DSL,No,No,No,No,No,No,Month-to-month,Yes,Electronic check,57.23,3018.41,No
10939-GCIBL,Female,1,No,No,20,Yes,No,DSL,No,No,No,No,No,Yes,Month-to-month,Yes,Bank transfer (automatic),59.26,1197.59,No
10940-GIFJE,Female,0,No,No,25,Yes,No,Fiber optic,No,No,No,No,Yes,No,Month-to-month,Yes,Bank transfer (automatic),79.01,2012.9,No
10941-LGNOO,Female,0,Yes,Yes,34,No,No phone service,Fiber optic,No,No,No,No,No,No,Two year,Yes,Bank transfer (automatic),91.48,3178.67,Yes
10942-FENBH,Male,0,No,No,8,Yes,Yes,DSL,No,Yes,Yes,No,No,No,Month-to-month,Yes,Mailed check,51.0,457.76,No
10943-OMGFE,Female,1,No,No,2,Yes,No,Fiber optic,Yes,Yes,Yes,Yes,Yes,Yes,Month-to-month,Yes,Bank transfer (automatic),91.89,210.65,Yes
10944-EIAPI,Female,0,Yes,Yes,54,Yes,No,Fiber optic,Yes,No,Yes,No,Yes,No,Month-to-month,Yes,Mailed check,58.81,3050.74,No
10945-FDJNG,Female,0,No,Yes,55,Yes,Yes,Fiber optic,No,Yes,No,No,Yes,No,Month-to-month,No,Mailed check,94.77,5229.32,No
10946-IENEH,Female,0,Yes,No,11,Yes,Yes,Fiber optic,No,No,No,Yes,No,Yes,Month-to-month,Yes,Mailed check,95.97,1133.06,Yes
10947-GMMHK,Male,1,Yes,No,4,No,No phone service,Fiber optic,No,No,Yes,No,Yes,Yes,Month-to-month,No,Electronic check,84.62,367.67,Yes
10948-LJBIC,Male,0,No,Yes,44,Yes,No,Fiber optic,No,No,No,No,No,No,One year,Yes,Credit card (automatic),94.51,4164.45,Yes
10949-FPFBL,Female,0,Yes,Yes,24,Yes,No,DSL,No,Yes,Yes,No,No,Yes,Two year,No,Credit card (automatic),52.75,1182.51,No
10950-MGILJ,Female,0,Yes,No,0,Yes,No,DSL,Yes,No,Yes,No,Yes,Yes,Month-to-month,No,Electronic check,52.58,0.0,No
10951-KAHBN,Male,1,Yes,Yes,2,Yes,Yes,No,No internet service,No internet service,No internet service,No internet service,No internet service,No internet service,Month-to-month,Yes,Mailed check,32.19,0.0,Yes
10952-AHBFO,Female,1,Yes,No,72,No,No phone service,Fiber optic,No,Yes,Yes,No,No,Yes,Two year,Yes,Mailed check,81.42,5832.67,No
10953-FEPHC,Male,0,No,No,0,Yes,No,Fiber optic,Yes,No,No,Yes,No,No,Two year,No,Mailed check,94.87,0.0,No
10954-PMJOD,Female,0,Yes,Yes,6,Yes,No,No,No internet service,No internet service,No internet service,No internet service,No internet service,No internet service,Month-to-month,Yes,Electronic check,18.0,109.45,Yes
10955-GOPGP,Male,0,Yes,No,15,Yes,No,Fiber optic,No,Yes,No,Yes,No,Yes,Month-to-month,No,Bank transfer (automatic),86.91,1302.02,Yes
10956-MLNHB,Male,0,No,No,4,Yes,Yes,Fiber optic,No,No,No,No,Yes,Yes,Month-to-month,No,Credit card (automatic),70.46,283.5,No
10957-KLBPD,Female,1,Yes,No,5,Yes,No,Fiber optic,Yes,Yes,No,No,No,Yes,Month-to-month,No,Electronic check,85.87,439.93,Yes
10958-PMJMI,Female,0,Yes,No,8,Yes,No,DSL,No,No,Yes,Yes,Yes,No,Month-to-month,Yes,Credit card (automatic),66.89,598.18,No
10959-JLIMM,Female,0,Yes,No,6,Yes,No,No,No internet service,No internet service,No internet service,No internet service,No internet service,No internet service,Two year,No,Credit card (automatic),19.38,252.35,No
10960-DIONC,Female,0,Yes,No,32,Yes,No,Fiber optic,Yes,No,No,Yes,Yes,No,Month-to-month,No,Mailed check,92.14,2979.44,No
10961-LEJIP,Male,0,Yes,No,13,Yes,Yes,DSL,No,No,Yes,Yes,Yes,No,Month-to-month,Yes,Electronic check,49.91,707.09,No
10962-FCJIF,Male,1,Yes,No,6,Yes,No,DSL,No,No,No,Yes,No,No,One year,No,Electronic check,57.63,353.3,Yes
10963-DPNDP,Female,0,Yes,Yes,7,Yes,Yes,No,No internet service,No internet service,No internet service,No internet service,No internet service,No internet service,Month-to-month,Yes,Mailed check,22.27,153.85,No
10964-HGAPF,Male,0,No,No,0,Yes,No,DSL,No,No,No,No,No,No,Month-to-month,Yes,Mailed check,51.05,1.57,No
10965-HCNIJ,Female,0,Yes,No,1,Yes,No,DSL,No,No,No,No,No,Yes,Two year,Yes,Bank transfer (automatic),56.21,72.44,No
10966-BNFLA,Female,0,No,Yes,25,Yes,No,Fiber optic,No,No,Yes,No,Yes,Yes,Month-to-month,No,Credit card (automatic),91.88,2301.17,No
10967-LKOBP,Female,0,Yes,No,2,Yes,Yes,No,No internet service,No internet service,No internet service,No internet service,No internet service,No internet service,Two year,Yes,Credit card (automatic),18.51,79.93,No
10968-PMEAH,Male,1,No,No,12,Yes,No,Fiber optic,No,No,No,No,No,Yes,Month-to-month,No,Credit card (automatic),78.0,956.88,Yes
10969-AMIJK,Female,0,No,Yes,36,Yes,Yes,No,No internet service,No internet service,No internet service,No internet service,No internet service,No internet service,Month-to-month,No,Credit card (automatic),18.0,680.53,No
10970-CPLBO,Male,1,Yes,Yes,9,No,No phone service,No,No internet service,No internet service,No internet service,No internet service,No internet service,No internet service,Two year,Yes,Mailed check,21.97,142.99,No
10971-AIPOD,Female,0,No,Yes,8,Yes,No,No,No internet service,No internet service,No internet service,No internet service,No internet service,No internet service,Month-to-month,No,Electronic check,20.34,130.67,No
10972-LAAGP,Male,1,No,No,41,Yes,No,Fiber optic,No,No,Yes,No,No,No,One year,Yes,Electronic check,95.3,3920.95,Yes
10973-BGLOG,Male,0,Yes,No,40,Yes,Yes,Fiber optic,Yes,No,Yes,No,Yes,Yes,Month-to-month,Yes,Electronic check,90.52,3548.69,Yes
10974-OJNIM,Male,0,No,No,42,Yes,Yes,DSL,No,No,No,Yes,Yes,Yes,Month-to-month,Yes,Bank transfer (automatic),57.96,2353.64,No
10975-PGPMN,Male,0,Yes,No,16,Yes,Yes,DSL,No,Yes,No,No,Yes,No,One year,Yes,Electronic check,45.4,745.43,No
10976-ALMPH,Female,1,Yes,No,60,Yes,No,Fiber optic,No,No,No,No,Yes,No,One year,No,Electronic check,84.59,5155.32,No
10977-HDMHD,Male,0,No,No,34,No,No phone service,DSL,Yes,Yes,Yes,No,No,Yes,Two year,Yes,Credit card (automatic),45.27,1515.36,No
10978-OHEDF,Male,0,Yes,No,10,Yes,No,Fiber optic,No,Yes,Yes,No,No,No,Month-to-month,Yes,Credit card (automatic),97.33,923.05,Yes
10979-BLBBI,Female,1,No,No,19,Yes,Yes,DSL,No,Yes,Yes,No,No,Yes,One year,No,Electronic check,51.39,971.32,No
10980-ONJCO,Male,0,No,Yes,2,Yes,Yes,DSL,Yes,No,No,No,No,Yes,Month-to-month,No,Electronic check,49.79,84.68,No
10981-JDJLH,Female,0,No,Yes,16,Yes,Yes,No,No internet service,No internet service,No internet service,No internet service,No internet service,No internet service,One year,Yes,Mailed check,18.39,190.6,No
10982-DKJJM,Male,0,Yes,Yes,6,Yes,No,Fiber optic,Yes,Yes,Yes,No,Yes,No,Month-to-month,Yes,Electronic check,88.29,489.17,Yes
10983-GEIDC,Female,0,No,Yes,6,Yes,No,Fiber optic,No,Yes,No,No,Yes,No,Month-to-month,Yes,Bank transfer (automatic),66.09,346.65,No
10984-MBAKF,Male,0,Yes,No,2,Yes,Yes,Fiber optic,No,Yes,Yes,Yes,No,No,Month-to-month,Yes,Bank transfer (automatic),79.24,228.55,Yes
10985-JBHFL,Male,0,Yes,No,8,Yes,Yes,Fiber optic,Yes,No,Yes,Yes,No,No,Month-to-month,Yes,Electronic check,99.65,794.77,Yes
10986-LEMBG,Male,0,No,No,13,Yes,No,DSL,No,No,Yes,No,No,No,One year,Yes,Mailed check,58.19,674.92,No
10987-BMNEB,Male,0,No,Yes,18,No,No phone service,Fiber optic,No,Yes,Yes,No,No,No,Month-to-month,Yes,Electronic check,87.47,1541.76,Yes
10988-KJKKB,Female,0,Yes,No,7,Yes,No,Fiber optic,No,Yes,No,Yes,No,No,One year,No,Credit card (automatic),89.07,596.64,No
10989-OGIEG,Male,0,No,No,31,Yes,No,DSL,Yes,No,No,No,No,Yes,Month-to-month,No,Mailed check,44.72,1350.39,No
10990-DBCBE,Female,0,Yes,No,14,Yes,Yes,DSL,No,No,Yes,No,Yes,Yes,Month-to-month,No,Credit card (automatic),75.62,1042.01,No
10991-FOOGC,Female,0,No,Yes,20,Yes,No,Fiber optic,Yes,Yes,No,No,No,No,Month-to-month,Yes,Electronic check,91.32,1896.5,Yes
10992-DHDGL,Female,0,No,No,6,Yes,Yes,Fiber optic,No,No,No,No,No,No,Two year,No,Electronic check,81.44,488.15,No
10993-FGACF,Female,1,No,Yes,33,Yes,No,No,No internet service,No internet service,No internet service,No internet service,No internet service,No internet service,Two year,Yes,Mailed check,26.19,858.86,No
10994-PCPON,Male,1,Yes,No,19,Yes,Yes,No,No internet service,No internet service,No internet service,No internet service,No internet service,No internet service,Month-to-month,Yes,Credit card (automatic),28.51,571.95,No
10995-OPPNG,Male,0,No,No,39,Yes,Yes,DSL,No,No,No,Yes,Yes,Yes,Month-to-month,Yes,Mailed check,47.13,1832.22,No
10996-ICNAJ,Male,1,Yes,No,3,Yes,No,Fiber optic,No,Yes,No,Yes,No,No,Month-to-month,Yes,Credit card (automatic),105.14,282.94,No
10997-OMFLA,Male,1,No,No,9,No,No phone service,No,No internet service,No internet service,No internet service,No internet service,No internet service,No internet service,Two year,No,Electronic check,21.19,177.82,Yes
10998-ANHIB,Male,0,Yes,Yes,2,No,No phone service,No,No internet service,No internet service,No internet service,No internet service,No internet service,No internet service,One year,No,Electronic check,18.0,10.9,No
10999-IEMHG,Male,0,Yes,Yes,4,Yes,Yes,DSL,No,No,No,No,No,No,Month-to-month,No,Electronic check,65.23,320.19,Yes
11000-GPDBE,Female,0,Yes,No,10,Yes,Yes,DSL,No,No,No,No,No,No,Month-to-month,Yes,Bank transfer (automatic),48.5,503.94,Yes
11001-PNKKC,Female,0,Yes,No,44,Yes,No,DSL,No,No,Yes,Yes,Yes,No,Two year,No,Credit card (automatic),41.2,1928.81,No
11002-ONIFA,Male,1,No,Yes,16,Yes,Yes,Fiber optic,Yes,No,No,No,Yes,Yes,Month-to-month,No,Mailed check,74.25,1175.92,Yes
11003-CLDPI,Male,0,Yes,No,8,Yes,Yes,DSL,Yes,No,Yes,No,No,No,One year,No,Electronic check,40.45,337.33,No
11004-KFDAH,Male,0,No,Yes,27,Yes,Yes,Fiber optic,No,Yes,No,No,Yes,Yes,Month-to-month,No,Bank transfer (automatic),79.92,2200.56,No
11005-NKBKO,Female,0,No,Yes,0,Yes,No,Fiber optic,No,Yes,No,No,Yes,Yes,One year,No,Electronic check,89.92,0.0,Yes
11006-KHFHF,Male,0,Yes,Yes,9,Yes,No,No,No internet service,No internet service,No internet service,No internet service,No internet service,No internet service,Month-to-month,Yes,Bank transfer (automatic),22.31,203.23,No
11007-EENNJ,Male,0,No,No,18,Yes,No,DSL,No,Yes,Yes,No,Yes,No,Month-to-month,No,Electronic check,52.54,973.14,Yes
11008-JKHGH,Male,1,No,No,17,Yes,Yes,DSL,Yes,No,No,No,No,Yes,One year,Yes,Credit card (automatic),48.5,923.59,No
11009-LHGBK,Female,0,No,No,18,Yes,No,No,No internet service,No internet service,No internet service,No internet service,No internet service,No internet service,Month-to-month,Yes,Credit card (automatic),18.42,336.49,No
11010-OPIMG,Female,1,No,Yes,4,Yes,Yes,Fiber optic,Yes,Yes,No,Yes,No,Yes,Month-to-month,No,Mailed check,82.63,394.48,Yes
11011-LKOFP,Male,0,Yes,Yes,8,Yes,No,No,No internet service,No internet service,No internet service,No internet service,No internet service,No internet service,Month-to-month,Yes,Electronic check,20.09,119.15,Yes
11012-IMAKP,Female,0,No,No,53,No,No phone service,DSL,No,No,No,No,Yes,Yes,Two year,No,Electronic check,40.91,2140.16,No
11013-BMPAJ,Female,0,Yes,Yes,72,Yes,No,No,No internet service,No internet service,No internet service,No internet service,No internet service,No internet service,Two year,Yes,Electronic check,36.65,2614.59,No
11014-LCKEA,Female,1,Yes,Yes,7,Yes,No,Fiber optic,Yes,No,No,Yes,No,No,Month-to-month,Yes,Mailed check,74.62,616.87,No
11015-DNMHF,Male,0,No,No,20,Yes,Yes,DSL,No,No,No,No,No,No,Month-to-month,Yes,Electronic check,46.88,988.59,No
11016-MALAC,Male,0,Yes,No,5,No,No phone service,Fiber optic,No,No,Yes,No,No,Yes,Month-to-month,No,Credit card (automatic),85.35,450.85,Yes
11017-NJOHK,Female,0,No,No,9,Yes,No,No,No internet service,No internet service,No internet service,No internet service,No internet service,No internet service,Two year,Yes,Credit card (automatic),30.32,326.55,No
11018-KNHMC,Female,1,Yes,Yes,31,Yes,No,Fiber optic,Yes,No,No,Yes,No,Yes,Two year,No,Electronic check,92.93,2807.45,Yes
11019-GLCDI,Female,0,Yes,No,13,No,No phone service,DSL,Yes,Yes,No,No,No,No,Month-to-month,No,Bank transfer (automatic),45.74,580.72,No
11020-PMDCE,Male,0,Yes,No,37,Yes,No,Fiber optic,No,No,Yes,No,Yes,No,One year,Yes,Bank transfer (automatic),71.83,2673.32,No
11021-GEDHD,Female,0,No,No,19,Yes,Yes,No,No internet service,No internet service,No internet service,No internet service,No internet service,No internet service,One year,Yes,Mailed check,27.22,468.43,No
11022-BJMNP,Female,0,Yes,Yes,19,Yes,No,DSL,No,No,No,No,Yes,No,Month-to-month,Yes,Electronic check,50.12,856.16,Yes
11023-FBCAE,Male,1,Yes,No,0,Yes,No,DSL,No,No,No,No,Yes,No,Month-to-month,Yes,Electronic check,57.31,0.0,No
11024-IBLGE,Female,1,No,No,27,Yes,Yes,DSL,No,No,Yes,No,Yes,Yes,One year,Yes,Bank transfer (automatic),56.84,1553.35,No
11025-BHKOM,Female,0,Yes,Yes,72,Yes,No,DSL,No,No,No,No,No,Yes,Month-to-month,Yes,Electronic check,46.36,3372.7,No
11026-MPFDM,Male,1,Yes,No,12,Yes,Yes,DSL,No,No,No,No,No,Yes,Month-to-month,No,Bank transfer (automatic),54.47,652.74,No
11027-DBCOG,Female,0,No,No,3,Yes,No,Fiber optic,No,No,Yes,Yes,Yes,No,Month-to-month,No,Credit card (automatic),91.84,218.21,No
11028-CMEJF,Female,0,No,No,72,Yes,Yes,Fiber optic,No,Yes,No,No,Yes,No,Two year,Yes,Bank transfer (automatic),85.92,6152.82,No
11029-FNDFC,Female,1,Yes,Yes,6,Yes,No,Fiber optic,Yes,No,Yes,Yes,Yes,Yes,One year,No,Credit card (automatic),75.92,458.43,Yes
11030-GGDBK,Female,0,No,Yes,10,No,No phone service,Fiber optic,Yes,No,No,No,No,No,Month-to-month,Yes,Bank transfer (automatic),85.83,851.9,Yes
11031-GCOAB,Male,0,Yes,No,1,Yes,No,DSL,No,No,No,No,No,No,One year,No,Electronic check,60.24,228.15,No
11032-JPILO,Male,0,Yes,No,2,Yes,Yes,Fiber optic,No,Yes,No,No,No,No,Two year,Yes,Credit card (automatic),85.88,193.09,Yes
11033-HOONF,Male,0,No,No,4,Yes,No,Fiber optic,No,No,Yes,No,No,No,Month-to-month,Yes,Electronic check,85.84,326.09,Yes
11034-NFNAB,Female,0,No,No,15,Yes,No,No,No internet service,No internet service,No internet service,No internet service,No internet service,No internet service,Month-to-month,Yes,Credit card (automatic),21.46,339.75,No
11035-DCNAP,Male,0,Yes,No,16,Yes,No,Fiber optic,No,No,No,No,No,No,Month-to-month,Yes,Mailed check,73.51,1278.96,No
11036-HGDPL,Male,0,Yes,No,18,Yes,Yes,DSL,Yes,Yes,Yes,Yes,No,No,Two year,No,Credit card (automatic),49.53,863.05,No
11037-LIKND,Female,0,Yes,Yes,17,Yes,Yes,Fiber optic,No,Yes,No,No,No,Yes,Month-to-month,Yes,Electronic check,83.8,1447.77,Yes
11038-AOJOA,Male,0,Yes,No,13,Yes,Yes,DSL,Yes,No,No,Yes,No,No,Two year,Yes,Electronic check,52.45,718.22,No
11039-AADAB,Female,1,No,No,32,No,No phone service,No,No internet service,No internet service,No internet service,No internet service,No internet service,No internet service,Month-to-month,Yes,Electronic check,18.0,571.06,No
11040-DGBHM,Female,0,No,Yes,54,Yes,No,Fiber optic,Yes,No,No,No,No,No,Month-to-month,Yes,Electronic check,80.09,4326.15,No
11041-GINFD,Female,0,Yes,Yes,6,Yes,Yes,Fiber optic,No,No,Yes,Yes,No,No,Month-to-month,Yes,Bank transfer (automatic),87.75,425.11,No
11042-FODGI,Male,0,No,Yes,2,Yes,No,Fiber optic,No,No,No,Yes,No,Yes,Month-to-month,No,Electronic check,87.54,221.16,Yes
11043-CCBAN,Male,0,No,No,11,Yes,Yes,DSL,Yes,Yes,No,No,Yes,Yes,Month-to-month,Yes,Bank transfer (automatic),66.81,733.2,No
11044-AMCNG,Female,0,Yes,No,0,Yes,Yes,Fiber optic,Yes,Yes,Yes,Yes,No,No,Month-to-month,No,Bank transfer (automatic),83.89,4.62,No
11045-OKINB,Male,0,No,No,42,Yes,No,Fiber optic,No,No,Yes,No,No,Yes,Two year,Yes,Bank transfer (automatic),96.33,4006.97,No
11046-GABPF,Female,1,No,No,5,Yes,No,DSL,No,No,No,No,Yes,Yes,Two year,Yes,Credit card (automatic),34.05,254.92,No
11047-KPEHL,Male,1,Yes,No,15,Yes,No,Fiber optic,No,No,Yes,No,Yes,Yes,Month-to-month,Yes,Electronic check,90.21,1271.95,Yes
11048-KBAPG,Male,0,No,No,2,No,No phone service,No,No internet service,No internet service,No internet service,No internet service,No internet service,No internet service,One year,Yes,Electronic check,18.0,0.0,No
11049-FHKOO,Male,0,No,No,16,Yes,No,DSL,Yes,No,Yes,No,No,No,Two year,Yes,Electronic check,67.72,1091.28,No
11050-MNHBN,Male,0,Yes,Yes,0,Yes,Yes,DSL,No,Yes,No,No,No,Yes,Month-to-month,Yes,Electronic check,39.16,7.49,No
11051-HFILP,Male,1,Yes,No,29,Yes,No,No,No internet service,No internet service,No internet service,No internet service,No internet service,No internet service,One year,Yes,Mailed check,18.0,459.64,No
11052-GBPHI,Female,0,No,No,62,Yes,No,DSL,No,No,No,No,No,Yes,One year,No,Credit card (automatic),51.83,3255.45,No
11053-GDIDL,Male,0,No,Yes,7,Yes,Yes,DSL,No,No,Yes,Yes,Yes,Yes,Month-to-month,No,Mailed check,41.2,256.28,Yes
11054-DINHD,Male,0,No,Yes,5,Yes,No,Fiber optic,No,No,Yes,No,Yes,No,Month-to-month,Yes,Mailed check,77.83,398.16,Yes
11055-NHOHG,Male,0,Yes,No,11,No,No phone service,Fiber optic,Yes,No,No,Yes,Yes,No,Month-to-month,Yes,Credit card (automatic),83.79,931.53,Yes
11056-JMFHG,Male,0,No,Yes,19,Yes,Yes,No,No internet service,No internet service,No internet service,No internet service,No internet service,No internet service,One year,Yes,Credit card (automatic),18.0,367.44,Yes
11057-ELMMD,Male,0,Yes,No,4,Yes,No,Fiber optic,No,No,No,No,Yes,No,Month-to-month,No,Credit card (automatic),81.29,344.49,Yes
11058-NPLBK,Female,0,Yes,No,32,Yes,Yes,No,No internet service,No internet service,No internet service,No internet service,No internet service,No internet service,Month-to-month,Yes,Credit card (automatic),20.81,641.21,No
11059-HIDDE,Female,0,Yes,Yes,4,Yes,Yes,Fiber optic,Yes,Yes,No,Yes,No,Yes,One year,No,Mailed check,68.85,267.53,No
11060-BGOEF,Female,0,No,No,0,Yes,Yes,Fiber optic,No,No,No,No,Yes,No,Month-to-month,Yes,Electronic check,94.81,0.0,Yes
11061-PDHHL,Male,1,Yes,No,14,Yes,No,DSL,No,Yes,No,Yes,No,No,Month-to-month,No,Bank transfer (automatic),57.0,831.95,No
11062-EPLFP,Male,1,Yes,Yes,2,Yes,Yes,Fiber optic,No,No,No,No,No,No,Month-to-month,No,Electronic check,73.72,86.56,Yes
11063-CAIIC,Female,0,Yes,No,23,Yes,Yes,No,No internet service,No internet service,No internet service,No internet service,No internet service,No internet service,Two year,Yes,Electronic check,19.53,468.47,No
11064-DMGBL,Female,0,Yes,No,3,No,No phone service,DSL,No,Yes,Yes,Yes,No,Yes,Month-to-month,No,Credit card (automatic),59.8,185.83,No
11065-CPFKH,Female,0,Yes,Yes,34,Yes,No,DSL,Yes,Yes,No,No,No,No,Month-to-month,No,Mailed check,54.59,1920.13,No
11066-OADOA,Female,0,No,Yes,12,Yes,Yes,Fiber optic,No,No,No,No,No,No,Month-to-month,Yes,Mailed check,88.44,1033.14,Yes
11067-BPHFI,Male,0,No,No,16,Yes,Yes,Fiber optic,No,No,No,No,Yes,Yes,Month-to-month,Yes,Bank transfer (automatic),90.99,1539.35,No
11068-BPCII,Female,0,No,No,4,Yes,No,DSL,Yes,No,Yes,No,Yes,No,One year,No,Mailed check,42.49,164.37,No
11069-MFNOC,Male,0,Yes,No,3,Yes,No,No,No internet service,No internet service,No internet service,No internet service,No internet service,No internet service,Two year,No,Mailed check,18.0,0.0,No
11070-EOBGJ,Female,0,Yes,Yes,19,Yes,No,Fiber optic,No,No,No,No,Yes,No,One year,No,Credit card (automatic),100.99,1931.06,Yes
11071-KHFHB,Male,0,No,No,5,Yes,Yes,Fiber optic,No,Yes,No,No,Yes,Yes,Month-to-month,No,Credit card (automatic),80.83,384.07,No
11072-CPGJL,Male,0,Yes,Yes,9,Yes,No,No,No internet service,No internet service,No internet service,No internet service,No internet service,No internet service,Month-to-month,No,Electronic check,25.01,220.07,No
11073-AGFHG,Male,0,No,No,13,No,No phone service,DSL,No,Yes,Yes,No,Yes,No,Month-to-month,Yes,Electronic check,65.27,868.28,Yes
11074-DCCOD,Female,0,No,No,5,Yes,Yes,No,No internet service,No internet service,No internet service,No internet service,No internet service,No internet service,Month-to-month,Yes,Bank transfer (automatic),21.47,159.08,No
11075-POIIM,Male,0,No,No,31,No,No phone service,DSL,Yes,No,No,Yes,Yes,No,Two year,Yes,Bank transfer (automatic),50.29,1698.11,No
11076-BEPAD,Male,0,Yes,Yes,56,Yes,No,DSL,No,Yes,No,No,No,Yes,Month-to-month,Yes,Bank transfer (automatic),60.23,3316.35,No
11077-BHDPE,Female,0,Yes,No,11,Yes,No,Fiber optic,Yes,Yes,No,No,Yes,Yes,Month-to-month,No,Bank transfer (automatic),88.8,1036.77,No
11078-KDEEE,Female,0,Yes,Yes,49,Yes,Yes,Fiber optic,Yes,Yes,No,No,No,No,Month-to-month,No,Bank transfer (automatic),81.57,4015.11,Yes
11079-KCGCB,Female,0,No,Yes,42,Yes,Yes,Fiber optic,No,Yes,No,No,Yes,No,Month-to-month,No,Credit card (automatic),84.53,3479.58,No
11080-CKCHD,Female,0,No,No,3,Yes,No,DSL,No,Yes,No,No,No,No,Two year,Yes,Bank transfer (automatic),51.99,198.09,No
11081-CJPED,Female,0,No,No,3,Yes,Yes,DSL,No,No,No,No,No,Yes,Month-to-month,No,Electronic check,46.47,222.74,No
11082-IHKPG,Female,0,Yes,No,12,Yes,No,Fiber optic,No,Yes,No,No,No,No,Two year,Yes,Credit card (automatic),85.62,993.97,No
11083-OHMED,Male,0,No,No,14,Yes,No,No,No internet service,No internet service,No internet service,No internet service,No internet service,No internet service,One year,No,Electronic check,35.89,480.55,No
11084-GAFOH,Male,0,No,No,8,Yes,Yes,Fiber optic,No,Yes,No,Yes,Yes,No,Month-to-month,Yes,Credit card (automatic),92.18,833.92,No
11085-GBNMN,Female,0,Yes,No,7,Yes,Yes,DSL,Yes,No,No,No,No,Yes,Two year,Yes,Credit card (automatic),70.23,492.33,No
11086-GMFME,Female,0,Yes,No,11,Yes,No,Fiber optic,Yes,Yes,Yes,No,No,No,Month-to-month,Yes,Electronic check,89.63,979.94,No
11087-DAMBO,Male,0,No,No,23,Yes,Yes,Fiber optic,No,No,No,Yes,No,Yes,Month-to-month,Yes,Bank transfer (automatic),92.43,2033.93,No
11088-GJCEH,Male,0,No,No,1,Yes,No,DSL,Yes,Yes,No,Yes,Yes,No,Two year,No,Mailed check,53.41,23.7,No
11089-MMHFE,Male,0,Yes,No,24,Yes,No,Fiber optic,Yes,No,No,No,No,No,Month-to-month,No,Credit card (automatic),80.24,1889.62,No
11090-MBIAK,Female,0,Yes,No,52,Yes,No,Fiber optic,No,Yes,No,Yes,No,No,Month-to-month,No,Mailed check,80.21,4248.21,No
11091-BMALD,Male,1,No,No,28,No,No phone service,DSL,No,No,No,No,Yes,Yes,Two year,Yes,Electronic check,62.81,1694.52,No
11092-DEEHK,Male,1,Yes,Yes,4,Yes,Yes,Fiber optic,No,No,Yes,No,Yes,No,One year,Yes,Electronic check,91.5,375.2,No
11093-OKCFL,Female,0,Yes,Yes,1,Yes,Yes,Fiber optic,No,No,No,No,No,No,Month-to-month,Yes,Mailed check,87.16,82.23,Yes
11094-MLCMB,Female,0,No,No,13,Yes,No,No,No internet service,No internet service,No internet service,No internet service,No internet service,No internet service,One year,No,Bank transfer (automatic),22.06,229.87,No
11095-HAIKG,Female,0,No,No,62,No,No phone service,Fiber optic,No,No,Yes,No,Yes,No,Two year,Yes,Electronic check,95.41,6038.38,No
11096-LJMOL,Male,1,No,No,34,No,No phone service,Fiber optic,No,Yes,Yes,No,No,No,Month-to-month,Yes,Mailed check,73.17,2564.23,No
11097-KDCFI,Female,0,Yes,Yes,16,Yes,No,DSL,Yes,No,No,Yes,No,Yes,One year,Yes,Mailed check,55.63,895.54,No
11098-OIDJE,Male,0,No,No,3,No,No phone service,Fiber optic,No,No,No,No,Yes,No,Two year,Yes,Credit card (automatic),98.2,391.78,Yes
11099-KMIPB,Male,0,No,Yes,25,Yes,No,DSL,No,No,No,Yes,No,No,Two year,No,Electronic check,61.47,1469.93,No
11100-BEAHE,Female,0,No,No,33,Yes,No,DSL,No,No,No,Yes,Yes,No,Month-to-month,Yes,Mailed check,43.87,1482.62,No
11101-LJBLI,Male,0,Yes,Yes,54,Yes,Yes,DSL,No,No,Yes,Yes,No,No,Month-to-month,Yes,Mailed check,59.64,3107.26,No
11102-BGHNF,Female,0,Yes,No,18,Yes,No,Fiber optic,No,No,Yes,No,No,No,One year,Yes,Bank transfer (automatic),85.91,1473.29,No
11103-NKGKA,Female,0,Yes,No,14,Yes,Yes,Fiber optic,No,Yes,Yes,No,No,Yes,Month-to-month,Yes,Credit card (automatic),93.92,1246.41,No
11104-DMGPA,Female,0,No,No,19,Yes,Yes,No,No internet service,No internet service,No internet service,No internet service,No internet service,No internet service,One year,Yes,Bank transfer (automatic),18.0,374.96,No
11105-MAKFD,Female,1,No,No,57,Yes,Yes,Fiber optic,No,No,No,Yes,Yes,Yes,Month-to-month,Yes,Mailed check,91.4,5188.73,No
11106-CLOEI,Male,0,Yes,No,19,Yes,Yes,Fiber optic,No,No,Yes,No,No,No,One year,Yes,Bank transfer (automatic),74.47,1433.51,Yes
11107-JJLNN,Female,0,Yes,No,5,Yes,No,DSL,No,No,No,No,No,No,Month-to-month,No,Electronic check,74.86,363.75,Yes
11108-LKJCE,Male,0,Yes,No,20,Yes,No,Fiber optic,No,No,No,No,Yes,No,Two year,Yes,Electronic check,99.93,1968.79,No
11109-JEIKL,Male,0,Yes,No,42,Yes,No,DSL,No,No,Yes,No,No,No,Month-to-month,Yes,Electronic check,56.07,2323.33,No
11110-JKDAJ,Female,0,No,No,16,Yes,Yes,Fiber optic,No,Yes,No,No,Yes,No,Month-to-month,Yes,Mailed check,76.6,1256.45,Yes
11111-EAFLP,Male,0,No,No,13,Yes,Yes,DSL,Yes,Yes,No,No,No,Yes,Two year,Yes,Mailed check,64.11,879.32,No
11112-JJOGA,Female,1,Yes,Yes,26,Yes,Yes,Fiber optic,No,No,Yes,No,No,No,Month-to-month,Yes,Bank transfer (automatic),93.05,2352.99,No
11113-JDIMA,Female,0,Yes,No,21,Yes,Yes,Fiber optic,No,No,Yes,No,Yes,No,Month-to-month,Yes,Credit card (automatic),99.47,2155.16,Yes
11114-IHEFG,Female,0,Yes,No,1,No,No phone service,Fiber optic,Yes,Yes,Yes,Yes,Yes,No,Two year,Yes,Mailed check,82.93,15.71,No
11115-DNNFG,Male,0,No,No,25,Yes,Yes,DSL,No,No,No,Yes,No,No,One year,No,Electronic check,55.15,1333.58,No
11116-KOFKM,Female,0,Yes,No,10,Yes,Yes,Fiber optic,No,No,No,No,Yes,No,One year,Yes,Electronic check,82.78,868.51,No
11117-OLFBE,Female,0,No,Yes,56,Yes,No,Fiber optic,No,Yes,No,No,No,No,Month-to-month,Yes,Electronic check,83.85,4613.63,Yes
11118-CGDAL,Male,0,No,No,70,No,No phone service,DSL,No,No,No,No,Yes,No,One year,No,Credit card (automatic),44.43,3092.04,No
11119-LFFGO,Female,0,No,No,11,Yes,Yes,DSL,No,No,No,Yes,No,Yes,Month-to-month,No,Credit card (automatic),66.78,738.53,No
11120-PKHOC,Female,0,No,No,69,Yes,Yes,DSL,Yes,Yes,No,No,No,Yes,Month-to-month,Yes,Electronic check,50.96,3605.58,No
11121-NFJBM,Female,0,No,No,7,No,No phone service,Fiber optic,Yes,Yes,No,No,No,No,Two year,No,Mailed check,80.92,570.33,No
11122-NIBCL,Female,1,Yes,Yes,22,No,No phone service,DSL,No,No,Yes,Yes,Yes,No,Month-to-month,Yes,Bank transfer (automatic),39.19,855.48,No
11123-OOMJL,Female,0,No,No,1,Yes,No,DSL,No,Yes,No,No,No,No,Two year,Yes,Electronic check,47.05,13.01,Yes
11124-LBIAE,Female,0,No,No,3,Yes,Yes,DSL,No,Yes,No,Yes,Yes,No,Two year,Yes,Bank transfer (automatic),59.15,222.62,No
11125-PAEHH,Male,0,Yes,Yes,39,Yes,Yes,Fiber optic,No,Yes,Yes,No,Yes,No,One year,No,Credit card (automatic),78.86,3101.2,No
11126-KHBHL,Female,1,Yes,No,44,Yes,Yes,DSL,No,No,No,No,No,Yes,One year,No,Credit card (automatic),43.83,1935.81,No
11127-EOAGM,Female,0,Yes,No,15,Yes,No,No,No internet service,No internet service,No internet service,No internet service,No internet service,No internet service,Month-to-month,Yes,Bank transfer (automatic),24.26,407.7,No
11128-FEANN,Female,0,Yes,No,8,Yes,Yes,DSL,No,No,No,Yes,Yes,Yes,Month-to-month,Yes,Electronic check,66.28,512.27,Yes
11129-PAFJL,Female,0,Yes,Yes,11,Yes,No,DSL,No,Yes,No,No,Yes,No,Month-to-month,No,Mailed check,54.69,600.87,Yes
11130-GJJAP,Male,0,No,No,40,Yes,Yes,Fiber optic,Yes,No,No,No,Yes,Yes,Month-to-month,Yes,Credit card (automatic),95.27,3840.2,No
11131-IODEB,Female,0,No,Yes,4,Yes,No,No,No internet service,No internet service,No internet service,No internet service,No internet service,No internet service,Two year,Yes,Electronic check,19.65,48.96,No
11132-NLJMH,Male,0,No,No,6,Yes,No,No,No internet service,No internet service,No internet service,No internet service,No internet service,No internet service,Month-to-month,Yes,Mailed check,22.49,112.43,No
11133-NBCOL,Female,0,No,No,30,Yes,No,DSL,No,Yes,No,No,No,Yes,One year,Yes,Electronic check,55.38,1708.28,No
11134-OIBNF,Female,0,No,No,54,Yes,Yes,DSL,Yes,Yes,No,No,No,No,One year,Yes,Electronic check,68.6,3704.59,No
11135-LDGNN,Male,0,No,No,1,Yes,No,Fiber optic,Yes,No,No,No,Yes,Yes,One year,No,Electronic check,87.03,146.35,No
11136-FJNIN,Male,0,Yes,No,32,Yes,No,DSL,Yes,Yes,No,Yes,Yes,No,One year,Yes,Electronic check,49.67,1623.51,No
11137-IJDPA,Female,0,No,No,20,Yes,No,Fiber optic,No,No,Yes,Yes,No,Yes,Month-to-month,No,Credit card (automatic),79.53,1497.48,Yes
11138-BPHNJ,Female,0,Yes,No,5,Yes,No,Fiber optic,No,Yes,No,No,No,No,Two year,Yes,Electronic check,75.28,346.96,No
11139-HNOBP,Female,0,No,No,28,Yes,Yes,Fiber optic,No,No,Yes,No,Yes,Yes,Two year,No,Bank transfer (automatic),80.05,2223.37,No
11140-DAGDK,Female,0,No,No,26,No,No phone service,No,No internet service,No internet service,No internet service,No internet service,No internet service,No internet service,One year,No,Credit card (automatic),36.64,919.56,No
11141-NHILI,Female,0,No,No,3,Yes,Yes,DSL,No,No,No,No,Yes,Yes,Two year,Yes,Credit card (automatic),54.15,137.41,No
11142-CEFFJ,Female,0,Yes,No,13,No,No phone service,Fiber optic,No,Yes,No,No,Yes,No,Month-to-month,No,Bank transfer (automatic),74.3,1009.53,Yes
11143-HFFDG,Male,0,Yes,No,28,Yes,No,Fiber optic,No,Yes,Yes,No,Yes,Yes,Month-to-month,No,Electronic check,86.91,2533.94,No
11144-NNHCG,Female,0,Yes,No,4,No,No phone service,Fiber optic,No,No,No,Yes,No,Yes,One year,No,Electronic check,86.07,428.62,Yes
11145-CHAAN,Female,0,Yes,No,12,No,No phone service,Fiber optic,No,No,Yes,No,No,No,Two year,Yes,Bank transfer (automatic),83.79,1011.12,No
11146-FJILN,Female,1,No,No,2,Yes,Yes,No,No internet service,No internet service,No internet service,No internet service,No internet service,No internet service,Month-to-month,Yes,Credit card (automatic),18.0,38.9,No
11147-DFPLE,Male,0,Yes,No,7,Yes,No,No,No internet service,No internet service,No internet service,No internet service,No internet service,No internet service,Month-to-month,Yes,Electronic check,26.2,242.04,Yes
11148-LOAFI,Male,0,No,Yes,4,Yes,No,Fiber optic,No,Yes,No,No,Yes,No,Month-to-month,Yes,Bank transfer (automatic),101.31,465.48,Yes
11149-OOLCK,Male,0,Yes,No,14,Yes,No,Fiber optic,No,Yes,No,No,No,Yes,Two year,No,Electronic check,86.94,1263.18,Yes
11150-OCNBM,Female,0,No,No,3,Yes,No,Fiber optic,Yes,No,Yes,No,Yes,No,Two year,Yes,Electronic check,81.57,207.09,No
11151-DJCLB,Male,0,Yes,No,9,Yes,Yes,No,No internet service,No internet service,No internet service,No internet service,No internet service,No internet service,Month-to-month,No,Mailed check,34.96,296.36,No
11152-ACPJP,Female,0,Yes,No,6,Yes,No,DSL,No,No,Yes,Yes,Yes,Yes,Two year,No,Electronic check,36.52,246.07,No
11153-FIKEO,Female,0,No,No,27,Yes,No,Fiber optic,No,Yes,No,Yes,No,No,Month-to-month,Yes,Bank transfer (automatic),64.68,1771.96,Yes
11154-CPNEE,Female,0,No,No,24,Yes,No,Fiber optic,Yes,No,No,No,No,Yes,Month-to-month,No,Mailed check,75.1,1834.98,Yes
11155-ELLPG,Female,0,Yes,No,1,Yes,Yes,Fiber optic,No,No,Yes,No,Yes,No,Month-to-month,No,Electronic check,104.77,116.06,Yes
11156-EGIEB,Female,0,No,Yes,61,Yes,No,DSL,No,No,No,Yes,No,Yes,Month-to-month,Yes,Mailed check,65.68,3980.68,No
11157-EHLDB,Female,0,No,No,27,Yes,No,Fiber optic,Yes,Yes,No,No,No,No,Month-to-month,Yes,Electronic check,84.46,2259.87,No
11158-JCIIH,Female,0,No,No,19,Yes,Yes,Fiber optic,No,Yes,No,Yes,Yes,Yes,Month-to-month,Yes,Bank transfer (automatic),83.54,1563.87,Yes
11159-HHHPH,Male,0,No,No,12,Yes,Yes,DSL,No,No,No,No,No,No,Two year,Yes,Mailed check,43.53,539.03,No
11160-AFLIH,Male,0,No,No,3,Yes,No,Fiber optic,Yes,No,No,No,Yes,Yes,Month-to-month,Yes,Credit card (automatic),88.85,238.31,Yes
11161-CKABK,Male,0,No,No,65,Yes,No,Fiber optic,No,No,Yes,No,No,Yes,Month-to-month,No,Electronic check,100.04,6495.44,No
11162-OBGLF,Female,0,No,No,0,Yes,Yes,No,No internet service,No internet service,No internet service,No internet service,No internet service,No internet service,One year,Yes,Bank transfer (automatic),18.0,14.93,No
11163-KBHOI,Male,0,No,No,23,Yes,No,DSL,No,Yes,No,No,No,Yes,One year,No,Electronic check,52.62,1080.72,Yes
11164-OGDMM,Female,0,No,No,14,No,No phone service,DSL,No,Yes,No,No,Yes,Yes,Two year,Yes,Mailed check,64.89,1073.02,No
11165-ADDHD,Male,0,No,No,46,Yes,Yes,DSL,No,No,Yes,No,No,Yes,Month-to-month,Yes,Mailed check,62.8,2898.27,No
11166-DMBLJ,Male,0,Yes,No,9,Yes,No,No,No internet service,No internet service,No internet service,No internet service,No internet service,No internet service,One year,Yes,Mailed check,21.04,134.78,No
11167-GODKF,Female,0,Yes,No,14,Yes,Yes,Fiber optic,Yes,No,No,Yes,Yes,No,Month-to-month,No,Mailed check,82.98,1135.71,No
11168-CGFCD,Male,0,No,No,27,Yes,Yes,Fiber optic,No,No,No,No,No,No,Month-to-month,Yes,Electronic check,85.33,2317.08,Yes
11169-JNEIN,Female,0,No,No,0,Yes,Yes,DSL,No,No,Yes,No,Yes,No,Month-to-month,No,Credit card (automatic),56.79,97.1,No
11170-FMDKK,Male,0,Yes,No,1,Yes,Yes,Fiber optic,Yes,No,No,Yes,Yes,No,Month-to-month,Yes,Credit card (automatic),85.28,52.23,No
11171-GBDED,Male,0,Yes,Yes,4,No,No phone service,Fiber optic,No,Yes,Yes,No,Yes,Yes,Month-to-month,Yes,Electronic check,87.75,252.08,Yes
11172-DKMPI,Male,0,No,No,3,Yes,Yes,No,No internet service,No internet service,No internet service,No internet service,No internet service,No internet service,One year,No,Bank transfer (automatic),29.6,85.72,Yes
11173-NKMBF,Female,1,Yes,No,0,Yes,Yes,Fiber optic,No,No,Yes,No,Yes,Yes,Month-to-month,No,Electronic check,93.88,0.0,Yes
11174-NHHKG,Female,0,Yes,No,19,Yes,Yes,No,No internet service,No internet service,No internet service,No internet service,No internet service,No internet service,Two year,No,Credit card (automatic),26.87,480.47,No
11175-JKDGM,Male,0,Yes,Yes,31,No,No phone service,DSL,Yes,No,No,No,Yes,Yes,Two year,No,Bank transfer (automatic),61.04,1936.75,No
11176-PJFKP,Male,0,No,No,62,Yes,No,Fiber optic,No,No,No,Yes,Yes,Yes,Month-to-month,Yes,Electronic check,96.98,5992.89,Yes
11177-FBHHN,Female,0,Yes,Yes,11,Yes,No,No,No internet service,No internet service,No internet service,No internet service,No internet service,No internet service,One year,Yes,Bank transfer (automatic),22.86,226.1,No
11178-KGKIH,Male,1,No,No,6,Yes,No,Fiber optic,Yes,No,No,No,No,Yes,Month-to-month,Yes,Mailed check,85.88,550.65,Yes
11179-NIOIF,Male,0,No,No,39,Yes,Yes,No,No internet service,No internet service,No internet service,No internet service,No internet service,No internet service,Month-to-month,Yes,Bank transfer (automatic),18.0,700.26,No
11180-BLGCM,Female,0,No,Yes,37,Yes,No,No,No internet service,No internet service,No internet service,No internet service,No internet service,No internet service,Two year,Yes,Mailed check,18.0,639.61,No
11181-GIJNJ,Male,0,Yes,Yes,19,Yes,No,Fiber optic,Yes,No,Yes,Yes,No,Yes,Month-to-month,Yes,Bank transfer (automatic),74.99,1356.92,No
11182-BNMFM,Male,0,Yes,No,6,Yes,Yes,DSL,Yes,No,Yes,No,No,No,Month-to-month,Yes,Electronic check,52.35,365.26,Yes
11183-FIMIO,Female,0,No,No,47,Yes,No,Fiber optic,No,Yes,No,No,No,No,Month-to-month,No,Mailed check,84.38,3992.67,No
11184-MENEI,Female,1,No,No,3,Yes,Yes,Fiber optic,Yes,Yes,Yes,No,No,Yes,One year,Yes,Mailed check,92.81,268.53,No
11185-HGHFC,Female,0,Yes,No,0,Yes,No,Fiber optic,Yes,No,No,No,Yes,Yes,Month-to-month,Yes,Bank transfer (automatic),76.59,54.74,No
11186-GHOHA,Female,0,Yes,No,31,Yes,No,Fiber optic,No,No,No,Yes,No,No,Two year,Yes,Electronic check,91.37,2762.51,No
11187-PGCBN,Male,0,No,No,16,No,No phone service,No,No internet service,No internet service,No internet service,No internet service,No internet service,No internet service,Month-to-month,No,Electronic check,19.29,371.68,No
11188-BNONH,Female,0,No,No,5,Yes,Yes,No,No internet service,No internet service,No internet service,No internet service,No internet service,No internet service,Two year,Yes,Electronic check,18.0,108.06,Yes
11189-ICNCF,Female,0,Yes,No,22,Yes,No,Fiber optic,No,Yes,No,No,Yes,No,Two year,Yes,Mailed check,66.54,1459.67,No
11190-KJAFL,Male,0,Yes,Yes,29,No,No phone service,Fiber optic,Yes,No,Yes,No,No,No,Two year,Yes,Electronic check,84.16,2484.41,No
11191-CKPDI,Female,0,Yes,No,37,Yes,No,Fiber optic,Yes,Yes,Yes,No,No,Yes,One year,Yes,Mailed check,85.56,3232.54,No
11192-CACGM,Female,0,Yes,Yes,6,Yes,No,Fiber optic,No,No,No,No,No,No,Month-to-month,Yes,Mailed check,84.92,493.09,Yes
11193-GKENA,Male,0,Yes,No,0,No,No phone service,No,No internet service,No internet service,No internet service,No internet service,No internet service,No internet service,Two year,Yes,Mailed check,26.47,0.0,No
11194-KHJHJ,Female,0,No,No,14,Yes,Yes,Fiber optic,No,No,Yes,Yes,No,No,Two year,Yes,Credit card (automatic),92.13,1259.41,No
11195-LJMJB,Female,0,No,Yes,38,Yes,No,No,No internet service,No internet service,No internet service,No internet service,No internet service,No internet service,Month-to-month,Yes,Bank transfer (automatic),28.18,1052.86,No
11196-JCDAD,Male,0,Yes,No,4,Yes,No,Fiber optic,No,No,No,No,Yes,No,Month-to-month,Yes,Bank transfer (automatic),82.67,296.46,Yes
11197-PECNK,Female,0,No,No,10,Yes,Yes,Fiber optic,Yes,No,Yes,Yes,No,Yes,Month-to-month,Yes,Mailed check,80.07,895.78,No
11198-OJPBM,Female,0,No,Yes,5,Yes,Yes,Fiber optic,No,No,No,Yes,No,No,One year,Yes,Bank transfer (automatic),83.81,441.13,No
11199-FHGKN,Male,0,No,No,0,Yes,Yes,Fiber optic,Yes,No,No,No,No,No,Month-to-month,Yes,Electronic check,86.66,47.02,Yes
11200-ADCFI,Male,0,No,No,45,Yes,No,Fiber optic,No,No,No,Yes,No,No,One year,Yes,Mailed check,86.02,3817.83,No
11201-IGOLI,Female,0,No,Yes,2,Yes,Yes,Fiber optic,No,No,No,Yes,No,No,One year,No,Electronic check,83.02,243.06,Yes
11202-HEING,Female,0,No,Yes,29,Yes,No,DSL,No,No,No,No,No,No,Month-to-month,No,Electronic check,49.03,1395.65,No
11203-EPOHO,Female,0,Yes,Yes,8,Yes,Yes,Fiber optic,Yes,No,Yes,No,Yes,No,Two year,Yes,Electronic check,72.45,634.31,Yes
11204-GIJAO,Male,1,Yes,No,6,Yes,Yes,DSL,No,No,No,No,Yes,No,Two year,Yes,Mailed check,70.34,427.51,Yes
11205-MIOGA,Female,0,No,Yes,56,Yes,No,Fiber optic,Yes,No,No,No,Yes,Yes,Month-to-month,No,Bank transfer (automatic),80.53,4497.62,No
11206-AEHIL,Female,0,No,Yes,21,Yes,No,No,No internet service,No internet service,No internet service,No internet service,No internet service,No internet service,Two year,No,Electronic check,18.0,434.95,No
11207-FLMJL,Male,0,Yes,No,23,Yes,Yes,No,No internet service,No internet service,No internet service,No internet service,No internet service,No internet service,Two year,Yes,Electronic check,29.73,700.47,No
11208-HOFKF,Female,0,No,Yes,28,Yes,Yes,Fiber optic,No,Yes,No,Yes,No,No,One year,Yes,Bank transfer (automatic),84.05,2419.02,No
11209-DKEPN,Female,0,Yes,No,8,Yes,Yes,DSL,No,No,No,Yes,Yes,Yes,Month-to-month,No,Electronic check,56.34,427.73,No
11210-BCCNL,Female,1,No,Yes,16,Yes,Yes,Fiber optic,Yes,No,Yes,No,Yes,No,Month-to-month,Yes,Bank transfer (automatic),91.43,1447.34,No
11211-KENEF,Male,0,Yes,Yes,6,Yes,Yes,Fiber optic,No,No,Yes,Yes,Yes,Yes,Two year,Yes,Electronic check,92.45,496.67,No
11212-ELFHO,Male,0,No,No,35,No,No phone service,Fiber optic,Yes,Yes,Yes,Yes,Yes,No,One year,No,Electronic check,88.84,3096.15,No
11213-BDMPF,Female,0,Yes,Yes,18,Yes,Yes,DSL,No,Yes,No,No,No,Yes,Month-to-month,Yes,Bank transfer (automatic),55.18,984.08,No
11214-LEAIC,Female,0,No,Yes,5,Yes,Yes,DSL,Yes,No,No,No,No,Yes,Two year,Yes,Credit card (automatic),64.12,354.54,No
11215-BIGEL,Male,0,Yes,No,46,Yes,No,Fiber optic,No,No,Yes,No,No,No,Month-to-month,Yes,Bank transfer (automatic),84.19,3868.71,No
11216-FLKPD,Female,0,No,Yes,17,Yes,Yes,DSL,No,No,No,No,No,Yes,Month-to-month,No,Mailed check,53.81,956.35,No
11217-ADIAJ,Male,0,Yes,No,13,Yes,Yes,DSL,No,Yes,No,Yes,Yes,No,Two year,Yes,Bank transfer (automatic),49.89,654.87,No
11218-COOEG,Male,0,No,Yes,0,Yes,No,No,No internet service,No internet service,No internet service,No internet service,No internet service,No internet service,Month-to-month,No,Mailed check,23.75,53.61,No
11219-IFCMG,Male,0,Yes,No,48,Yes,No,Fiber optic,No,Yes,No,No,Yes,No,Month-to-month,Yes,Credit card (automatic),82.0,3952.43,Yes
11220-ONDCN,Male,0,No,Yes,60,Yes,Yes,DSL,No,No,Yes,Yes,No,No,Two year,No,Bank transfer (automatic),62.83,3728.48,No
11221-GKKGD,Male,0,No,No,16,No,No phone service,DSL,No,No,No,Yes,Yes,Yes,One year,Yes,Credit card (automatic),34.56,562.28,No
11222-LGKNB,Female,1,No,No,11,No,No phone service,Fiber optic,No,No,No,No,Yes,No,One year,No,Electronic check,77.2,934.84,Yes
11223-ALOPB,Male,0,Yes,No,8,Yes,No,DSL,Yes,No,No,No,Yes,No,One year,Yes,Mailed check,68.65,588.6,No
11224-DHCOJ,Female,0,No,No,6,Yes,No,Fiber optic,No,No,Yes,No,No,No,Month-to-month,Yes,Electronic check,73.76,416.62,Yes
11225-OFFMI,Female,0,Yes,No,17,Yes,No,Fiber optic,No,No,No,No,Yes,No,Month-to-month,No,Bank transfer (automatic),75.47,1287.06,No
11226-IDIOO,Female,0,Yes,No,2,No,No phone service,Fiber optic,Yes,No,Yes,No,Yes,No,One year,No,Bank transfer (automatic),94.51,143.77,No
11227-MPFPP,Male,0,Yes,No,50,No,No phone service,DSL,No,Yes,No,No,No,No,Month-to-month,Yes,Electronic check,45.47,2256.11,Yes
11228-BJNKF,Female,0,Yes,No,3,Yes,No,DSL,Yes,No,Yes,No,Yes,Yes,Two year,No,Mailed check,44.86,191.51,No
11229-BHDEH,Female,0,No,No,27,No,No phone service,No,No internet service,No internet service,No internet service,No internet service,No internet service,No internet service,Month-to-month,No,Bank transfer (automatic),22.5,528.78,No
11230-NKHLN,Female,0,Yes,No,7,Yes,No,No,No internet service,No internet service,No internet service,No internet service,No internet service,No internet service,Month-to-month,Yes,Bank transfer (automatic),36.38,217.42,No
11231-LPFDO,Male,0,Yes,No,5,Yes,No,No,No internet service,No internet service,No internet service,No internet service,No internet service,No internet service,Month-to-month,No,Electronic check,24.62,52.42,No
11232-ALGHI,Female,0,No,Yes,16,Yes,No,Fiber optic,No,No,No,No,No,No,Month-to-month,Yes,Credit card (automatic),69.49,1051.41,No
11233-BADME,Male,0,No,No,28,Yes,No,Fiber optic,No,Yes,No,Yes,No,No,Two year,Yes,Electronic check,83.33,2300.63,Yes
11234-JLAEF,Male,0,No,No,25,No,No phone service,DSL,No,No,No,Yes,No,Yes,Month-to-month,Yes,Credit card (automatic),62.97,1563.74,Yes
11235-CLOGN,Female,0,No,Yes,5,Yes,Yes,Fiber optic,No,Yes,Yes,No,Yes,Yes,Month-to-month,No,Electronic check,80.04,419.97,Yes
11236-FDCEC,Female,0,No,No,8,Yes,No,No,No internet service,No internet service,No internet service,No internet service,No internet service,No internet service,Month-to-month,Yes,Electronic check,18.0,135.94,No
11237-JIIFM,Male,1,No,No,40,Yes,No,DSL,Yes,No,No,No,No,Yes,Month-to-month,No,Mailed check,51.19,2078.7,No
11238-KFLND,Male,0,No,No,25,Yes,Yes,Fiber optic,No,No,No,No,Yes,No,Month-to-month,No,Bank transfer (automatic),81.0,2016.34,No
11239-DBJDH,Female,0,No,Yes,24,Yes,Yes,DSL,Yes,Yes,No,No,No,No,Month-to-month,Yes,Electronic check,48.28,1163.94,No
11240-MJBIN,Female,1,Yes,Yes,6,Yes,Yes,No,No internet service,No internet service,No internet service,No internet service,No internet service,No internet service,One year,Yes,Electronic check,22.32,116.08,No
11241-AMBOP,Female,0,No,Yes,31,No,No phone service,Fiber optic,No,Yes,Yes,No,No,No,Two year,Yes,Credit card (automatic),71.12,2123.25,No
11242-BKMON,Female,0,No,Yes,8,Yes,No,No,No internet service,No internet service,No internet service,No internet service,No internet service,No internet service,Two year,Yes,Credit card (automatic),26.09,152.2,No
11243-FONPG,Female,0,Yes,No,10,Yes,No,DSL,Yes,No,Yes,No,No,No,Two year,No,Electronic check,45.08,402.87,No
11244-MOOCK,Male,0,No,No,6,Yes,No,No,No internet service,No internet service,No internet service,No internet service,No internet service,No internet service,Month-to-month,No,Bank transfer (automatic),18.53,120.17,No
11245-IEEKL,Male,0,No,No,2,Yes,No,DSL,Yes,No,No,No,Yes,Yes,One year,No,Electronic check,45.31,129.81,No
11246-DIHLD,Male,1,No,Yes,10,Yes,No,DSL,No,No,Yes,No,No,Yes,One year,Yes,Mailed check,56.94,597.3,No
11247-DPBIC,Male,0,Yes,Yes,0,Yes,No,DSL,No,No,No,No,Yes,Yes,Month-to-month,No,Mailed check,42.98,0.0,No
11248-DNGJH,Male,1,No,No,12,No,No phone service,DSL,No,No,No,No,Yes,No,Month-to-month,No,Mailed check,56.51,728.05,Yes
11249-HPDOG,Female,0,Yes,No,25,Yes,No,DSL,No,No,Yes,No,No,Yes,Month-to-month,No,Bank transfer (automatic),48.05,1215.43,No
11250-JAPFF,Male,0,Yes,No,64,Yes,No,Fiber optic,No,Yes,No,No,Yes,No,Month-to-month,Yes,Electronic check,82.0,5213.8,No
11251-FPLBH,Female,0,No,No,1,Yes,Yes,No,No internet service,No internet service,No internet service,No internet service,No internet service,No internet service,Month-to-month,Yes,Mailed check,33.52,0.0,No
11252-NOPOE,Male,1,No,No,6,Yes,Yes,No,No internet service,No internet service,No internet service,No internet service,No internet service,No internet service,Two year,No,Credit card (automatic),18.0,62.59,Yes
11253-PEBPD,Male,0,No,Yes,13,Yes,No,Fiber optic,No,No,No,No,No,No,Two year,No,Bank transfer (automatic),81.65,1095.09,No
11254-LIIFK,Female,0,No,No,3,Yes,No,DSL,No,No,No,No,No,No,Month-to-month,No,Mailed check,51.14,150.33,Yes
11255-OIDOK,Male,0,No,Yes,2,Yes,Yes,DSL,No,No,No,Yes,No,No,Month-to-month,Yes,Electronic check,52.26,24.33,No
11256-ABMAH,Male,0,No,No,12,Yes,Yes,Fiber optic,Yes,Yes,No,No,No,No,Month-to-month,Yes,Bank transfer (automatic),88.7,1007.75,Yes
11257-IPJLF,Male,0,Yes,No,17,Yes,No,Fiber optic,Yes,Yes,No,No,No,No,Month-to-month,No,Credit card (automatic),84.09,1446.93,Yes
11258-BFILC,Male,0,No,No,34,No,No phone service,Fiber optic,No,No,Yes,No,No,No,One year,Yes,Credit card (automatic),80.71,2747.23,No
11259-IBKEK,Female,0,No,Yes,72,Yes,No,Fiber optic,No,No,No,Yes,No,Yes,Two year,Yes,Mailed check,89.98,6505.84,No
11260-BGKJO,Male,1,No,No,29,Yes,No,DSL,No,No,Yes,No,Yes,No,Month-to-month,Yes,Mailed check,38.93,1110.02,Yes
11261-IGLEO,Male,0,Yes,Yes,5,Yes,Yes,Fiber optic,Yes,No,Yes,No,Yes,No,Month-to-month,Yes,Bank transfer (automatic),103.24,590.46,Yes
11262-DLDOJ,Male,0,Yes,Yes,27,Yes,No,Fiber optic,No,No,Yes,No,No,No,Two year,Yes,Electronic check,85.36,2303.64,No
11263-HJMJN,Male,0,Yes,No,15,Yes,No,Fiber optic,No,No,Yes,No,Yes,No,Month-to-month,Yes,Credit card (automatic),86.72,1261.22,Yes
11264-JJJAE,Male,1,No,No,11,No,No phone service,DSL,No,Yes,No,Yes,Yes,No,Month-to-month,No,Electronic check,59.77,551.97,Yes
11265-NBPMK,Male,0,No,No,54,Yes,No,DSL,No,No,No,Yes,No,No,Month-to-month,Yes,Bank transfer (automatic),56.43,3061.32,No
11266-IGPJH,Male,0,No,No,24,No,No phone service,No,No internet service,No internet service,No internet service,No internet service,No internet service,No internet service,Month-to-month,No,Bank transfer (automatic),19.81,353.85,No
11267-FIFGG,Male,0,Yes,Yes,22,Yes,No,Fiber optic,No,Yes,Yes,No,No,Yes,Two year,No,Electronic check,75.05,1667.8,No
11268-PIKHM,Female,0,Yes,Yes,0,Yes,Yes,Fiber optic,No,Yes,No,No,Yes,No,One year,Yes,Electronic check,91.01,0.0,Yes
11269-ADGKH,Female,1,Yes,Yes,40,Yes,Yes,DSL,No,No,No,No,No,Yes,Month-to-month,Yes,Bank transfer (automatic),67.54,2621.96,No
11270-GLCOD,Female,1,Yes,No,31,Yes,No,Fiber optic,No,No,No,No,No,Yes,Month-to-month,No,Electronic check,85.43,2596.43,Yes
11271-LGHGF,Male,0,No,No,7,Yes,No,Fiber optic,Yes,No,Yes,No,No,No,Two year,Yes,Electronic check,76.99,516.29,No
11272-IIKMG,Male,0,No,No,6,Yes,No,DSL,No,Yes,No,No,No,Yes,Month-to-month,Yes,Mailed check,58.88,380.25,No
11273-HFAAP,Female,0,Yes,No,1,Yes,No,Fiber optic,No,Yes,No,No,Yes,No,Month-to-month,No,Credit card (automatic),77.34,33.33,No
11274-FBNHA,Female,0,Yes,No,1,Yes,Yes,Fiber optic,No,Yes,No,Yes,No,No,Two year,Yes,Electronic check,90.9,153.67,Yes
11275-MBHPL,Female,0,Yes,No,22,Yes,Yes,DSL,Yes,No,No,No,Yes,No,Two year,No,Bank transfer (automatic),48.73,1103.53,No
11276-FLJBB,Female,0,Yes,Yes,4,Yes,Yes,DSL,No,Yes,Yes,No,No,No,Two year,Yes,Electronic check,61.46,380.83,No
11277-KNPGE,Male,0,No,No,51,Yes,No,Fiber optic,No,No,No,No,No,No,One year,Yes,Bank transfer (automatic),70.96,3706.3,No
11278-EHLPL,Female,1,No,No,36,Yes,No,Fiber optic,No,No,No,No,Yes,No,Month-to-month,Yes,Credit card (automatic),108.28,3982.11,No
11279-GLNID,Male,0,No,No,8,Yes,No,DSL,Yes,Yes,Yes,No,No,No,Two year,No,Electronic check,62.63,484.48,No
11280-JDBCA,Female,0,No,Yes,9,Yes,Yes,Fiber optic,No,Yes,No,No,No,No,Month-to-month,Yes,Credit card (automatic),92.76,931.63,Yes
11281-AGNPN,Male,0,Yes,Yes,7,Yes,No,Fiber optic,No,No,Yes,No,Yes,No,Month-to-month,No,Credit card (automatic),89.81,709.82,Yes
11282-ECGNB,Male,0,Yes,No,1,Yes,Yes,No,No internet service,No internet service,No internet service,No internet service,No internet service,No internet service,Month-to-month,No,Bank transfer (automatic),27.67,25.16,No
11283-CAPHB,Male,0,Yes,Yes,0,Yes,No,Fiber optic,No,Yes,No,No,Yes,No,Month-to-month,Yes,Bank transfer (automatic),78.26,32.12,No
11284-OGKIF,Male,0,No,No,12,Yes,No,DSL,No,No,No,No,No,No,Month-to-month,No,Credit card (automatic),56.74,647.37,Yes
11285-BBIJH,Female,0,No,Yes,57,Yes,Yes,No,No internet service,No internet service,No internet service,No internet service,No internet service,No internet service,Month-to-month,No,Credit card (automatic),18.0,1027.07,No
11286-NNNID,Male,0,No,No,49,Yes,Yes,DSL,No,No,Yes,No,No,No,Month-to-month,Yes,Electronic check,43.94,2146.22,No
11287-DOOPB,Male,0,Yes,No,33,Yes,No,Fiber optic,No,No,No,Yes,No,No,Month-to-month,Yes,Credit card (automatic),93.54,3186.24,Yes
11288-NJAJM,Female,1,No,No,19,Yes,No,DSL,No,No,Yes,Yes,No,No,Month-to-month,Yes,Electronic check,46.64,837.89,No
11289-DJJKH,Female,0,Yes,No,38,No,No phone service,Fiber optic,No,No,No,No,Yes,Yes,Month-to-month,Yes,Credit card (automatic),88.96,3454.22,No
11290-BMLKH,Female,1,Yes,No,14,Yes,Yes,No,No internet service,No internet service,No internet service,No internet service,No internet service,No internet service,Month-to-month,No,Electronic check,25.71,357.11,Yes
11291-AOADG,Female,1,Yes,No,3,Yes,No,Fiber optic,Yes,No,Yes,No,Yes,Yes,Month-to-month,No,Bank transfer (automatic),87.99,232.17,No
11292-IPEBL,Male,1,Yes,No,23,Yes,Yes,Fiber optic,No,No,No,No,No,No,Month-to-month,Yes,Bank transfer (automatic),86.45,1946.56,No
11293-GKBII,Female,1,No,Yes,50,No,No phone service,No,No internet service,No internet service,No internet service,No internet service,No internet service,No internet service,Month-to-month,No,Mailed check,20.35,943.43,No
11294-CMPHK,Male,0,No,Yes,0,Yes,No,DSL,Yes,No,No,No,No,No,One year,No,Bank transfer (automatic),59.41,21.84,No
11295-DCAEM,Female,1,Yes,Yes,5,Yes,Yes,DSL,No,No,No,No,Yes,Yes,Month-to-month,Yes,Credit card (automatic),56.26,320.79,Yes
11296-NKDAJ,Male,0,Yes,Yes,6,Yes,No,No,No internet service,No internet service,No internet service,No internet service,No internet service,No internet service,Month-to-month,No,Electronic check,31.29,228.51,No
11297-PHHMH,Female,0,Yes,No,2,Yes,Yes,Fiber optic,No,No,No,No,Yes,Yes,Two year,Yes,Electronic check,82.62,230.49,Yes
11298-CFLLG,Female,0,Yes,No,5,Yes,Yes,Fiber optic,No,No,No,No,No,No,Month-to-month,Yes,Bank transfer (automatic),94.14,511.47,Yes
11299-PIEIP,Female,0,Yes,No,9,Yes,No,Fiber optic,No,No,Yes,Yes,No,Yes,One year,No,Bank transfer (automatic),83.55,755.94,Yes
11300-FJPJJ,Female,0,No,Yes,56,Yes,Yes,DSL,No,No,No,No,No,No,One year,Yes,Mailed check,47.52,2638.06,No
11301-DMPAA,Male,0,Yes,No,39,No,No phone service,DSL,No,No,No,No,No,No,Month-to-month,Yes,Bank transfer (automatic),48.73,1878.05,No
11302-NJEMN,Female,0,No,No,58,Yes,No,DSL,Yes,No,No,No,Yes,Yes,One year,Yes,Credit card (automatic),48.57,2803.83,No
11303-CEEAN,Male,0,Yes,No,2,Yes,No,DSL,Yes,No,No,No,No,No,One year,No,Electronic check,62.03,137.1,No
11304-HEEIH,Male,0,Yes,No,0,Yes,No,Fiber optic,No,Yes,Yes,Yes,No,No,Month-to-month,Yes,Bank transfer (automatic),76.16,36.02,No
11305-PMACL,Female,0,Yes,No,2,Yes,No,Fiber optic,Yes,No,No,No,No,No,One year,Yes,Bank transfer (automatic),87.84,206.32,No
11306-GAAEI,Female,0,No,No,49,No,No phone service,Fiber optic,Yes,Yes,No,No,No,No,Two year,No,Mailed check,93.54,4497.04,No
11307-FJBKP,Male,0,No,No,3,No,No phone service,DSL,No,No,Yes,Yes,No,No,Month-to-month,No,Credit card (automatic),37.01,89.98,No
11308-IPFEE,Male,0,Yes,No,17,Yes,No,DSL,Yes,Yes,Yes,No,Yes,No,Month-to-month,Yes,Mailed check,60.74,989.92,No
11309-OLCNP,Male,0,No,No,5,No,No phone service,Fiber optic,Yes,Yes,No,No,Yes,Yes,Month-to-month,Yes,Bank transfer (automatic),101.43,495.99,No
11310-FOOMP,Male,0,Yes,Yes,0,Yes,Yes,Fiber optic,No,No,No,No,No,Yes,Month-to-month,Yes,Mailed check,86.73,16.54,Yes
11311-DMLJN,Male,0,No,No,1,No,No phone service,Fiber optic,No,No,No,Yes,No,No,Month-to-month,Yes,Electronic check,92.57,40.53,Yes
11312-OBPMC,Female,0,Yes,No,24,Yes,Yes,Fiber optic,No,No,Yes,No,No,Yes,Month-to-month,No,Electronic check,89.28,2141.82,No
11313-IKKIF,Female,0,No,Yes,4,Yes,Yes,DSL,No,Yes,Yes,No,Yes,Yes,Month-to-month,Yes,Electronic check,52.33,196.92,No
11314-JJNID,Male,0,No,Yes,5,Yes,Yes,DSL,Yes,No,Yes,Yes,Yes,No,Two year,Yes,Credit card (automatic),51.58,265.37,No
11315-KEJFM,Female,1,No,No,9,Yes,Yes,No,No internet service,No internet service,No internet service,No internet service,No internet service,No internet service,One year,No,Mailed check,24.41,199.71,Yes
11316-OIMPE,Male,0,Yes,No,21,Yes,Yes,DSL,No,No,No,Yes,Yes,No,Month-to-month,No,Bank transfer (automatic),49.73,968.71,No
11317-HKAEJ,Female,0,Yes,No,12,Yes,Yes,No,No internet service,No internet service,No internet service,No internet service,No internet service,No internet service,Month-to-month,No,Credit card (automatic),18.0,94.07,No
11318-AJNFG,Male,0,No,Yes,57,Yes,No,No,No internet service,No internet service,No internet service,No internet service,No internet service,No internet service,Month-to-month,No,Electronic check,24.82,1376.09,No
11319-LNEAF,Female,0,No,No,11,Yes,No,Fiber optic,No,No,No,No,Yes,No,Two year,No,Credit card (automatic),78.55,851.06,No
11320-JEFPP,Female,1,No,No,4,Yes,No,Fiber optic,No,Yes,No,No,No,No,Month-to-month,Yes,Mailed check,90.24,345.84,Yes
11321-KJOGG,Male,0,Yes,No,15,Yes,No,No,No internet service,No internet service,No internet service,No internet service,No internet service,No internet service,Month-to-month,Yes,Electronic check,18.0,310.76,Yes
11322-BOLCL,Female,0,Yes,No,11,No,No phone service,No,No internet service,No internet service,No internet service,No internet service,No internet service,No internet service,Two year,No,Bank transfer (automatic),18.0,235.56,No
11323-PFCBD,Male,0,No,No,30,Yes,Yes,Fiber optic,No,No,No,Yes,No,Yes,Month-to-month,Yes,Credit card (automatic),85.27,2459.12,No
11324-EKJIC,Male,0,Yes,Yes,54,No,No phone service,DSL,No,No,No,No,No,Yes,Month-to-month,No,Mailed check,58.88,3135.66,No
11325-CFEFG,Female,0,Yes,Yes,36,Yes,No,DSL,No,Yes,No,No,No,No,Two year,Yes,Bank transfer (automatic),53.48,1956.54,No
11326-KPCOM,Male,0,No,Yes,9,Yes,No,DSL,No,No,No,Yes,Yes,No,Month-to-month,Yes,Electronic check,66.46,646.77,No
11327-EHPDJ,Female,0,No,No,4,Yes,No,DSL,No,No,No,No,No,No,One year,No,Bank transfer (automatic),46.88,266.11,No
11328-BDBCD,Female,1,Yes,No,49,Yes,Yes,DSL,No,No,No,No,No,No,Two year,Yes,Bank transfer (automatic),74.01,3610.74,No
11329-DJIPJ,Male,0,Yes,No,9,Yes,No,Fiber optic,No,Yes,No,No,No,Yes,Month-to-month,No,Mailed check,93.03,725.9,No
11330-FIDIK,Female,0,No,No,29,Yes,No,Fiber optic,No,No,No,No,Yes,Yes,Two year,Yes,Credit card (automatic),86.89,2442.11,No
11331-MIFEC,Male,0,Yes,No,72,Yes,No,Fiber optic,No,No,No,No,No,Yes,Month-to-month,Yes,Credit card (automatic),89.73,6445.65,No
11332-NOEOC,Male,0,No,Yes,17,Yes,No,DSL,No,Yes,No,No,No,Yes,Two year,Yes,Mailed check,41.5,633.59,No
11333-EEBNP,Female,0,Yes,Yes,13,Yes,Yes,DSL,No,No,No,No,No,No,Month-to-month,Yes,Mailed check,44.15,517.79,No
11334-NIOGN,Male,0,Yes,No,24,Yes,No,Fiber optic,No,No,No,No,Yes,Yes,Two year,Yes,Credit card (automatic),82.9,1955.75,No
11335-FEODH,Female,0,No,No,4,Yes,Yes,Fiber optic,Yes,No,No,No,Yes,Yes,One year,Yes,Credit card (automatic),83.22,239.27,No
11336-BHAPJ,Female,0,No,No,13,Yes,Yes,Fiber optic,No,No,Yes,No,No,No,One year,Yes,Mailed check,99.52,1303.84,No
11337-ACENF,Male,0,Yes,Yes,7,Yes,Yes,Fiber optic,No,No,No,No,No,No,Two year,Yes,Mailed check,88.09,728.33,No
11338-DPGGB,Female,0,Yes,No,3,Yes,No,Fiber optic,No,No,No,No,No,No,Month-to-month,No,Credit card (automatic),92.48,309.66,No
11339-BBONO,Male,0,Yes,No,18,Yes,No,Fiber optic,No,No,No,No,Yes,No,Month-to-month,No,Mailed check,84.81,1555.87,No
11340-BMINE,Male,0,No,No,17,Yes,No,Fiber optic,No,No,Yes,No,No,No,Month-to-month,No,Mailed check,79.05,1400.55,Yes
11341-KHEPM,Male,0,Yes,No,28,Yes,Yes,DSL,Yes,No,Yes,No,No,Yes,Month-to-month,No,Electronic check,59.32,1760.92,No
11342-KEAFP,Male,0,No,No,41,Yes,No,No,No internet service,No internet service,No internet service,No internet service,No internet service,No internet service,One year,Yes,Mailed check,21.05,882.51,No
11343-DOCPF,Female,1,No,No,4,Yes,Yes,Fiber optic,No,Yes,Yes,No,No,No,Two year,No,Electronic check,88.08,401.24,Yes
11344-BHALI,Male,0,No,No,30,Yes,Yes,DSL,No,No,No,Yes,Yes,Yes,Month-to-month,Yes,Bank transfer (automatic),53.13,1614.9,No
11345-HAJLO,Male,0,No,No,9,Yes,No,Fiber optic,Yes,Yes,No,No,No,No,Month-to-month,Yes,Mailed check,74.97,708.81,No
11346-IBCBM,Male,0,No,Yes,19,Yes,Yes,Fiber optic,No,No,No,No,No,Yes,Two year,Yes,Bank transfer (automatic),102.32,1891.11,No
11347-PNHPB,Female,0,Yes,No,37,Yes,No,DSL,Yes,Yes,No,No,No,No,Month-to-month,No,Electronic check,49.51,1930.15,No
11348-JBPOA,Female,1,Yes,No,5,No,No phone service,No,No internet service,No internet service,No internet service,No internet service,No internet service,No internet service,One year,No,Electronic check,19.02,75.43,No
11349-GLBJE,Male,0,Yes,Yes,18,Yes,No,Fiber optic,No,No,No,No,Yes,Yes,Month-to-month,Yes,Bank transfer (automatic),89.04,1530.53,No
11350-ECCML,Female,0,No,No,13,Yes,Yes,Fiber optic,Yes,No,No,No,No,No,Month-to-month,Yes,Mailed check,70.71,952.01,Yes
11351-CFNDM,Female,0,No,No,31,Yes,No,Fiber optic,Yes,No,Yes,No,No,Yes,One year,Yes,Mailed check,96.0,2999.55,Yes
11352-CBMCD,Male,0,Yes,Yes,23,Yes,No,DSL,No,Yes,No,No,No,No,Month-to-month,No,Credit card (automatic),47.96,1058.69,Yes
11353-FPDHC,Male,0,No,No,29,Yes,No,Fiber optic,No,Yes,Yes,No,No,No,Month-to-month,Yes,Mailed check,92.07,2626.75,No
11354-LCCHD,Female,0,No,Yes,6,Yes,Yes,Fiber optic,Yes,No,Yes,Yes,No,No,One year,Yes,Electronic check,73.81,350.58,No
11355-ABMNJ,Female,0,Yes,No,24,Yes,No,Fiber optic,No,No,Yes,No,Yes,Yes,Month-to-month,Yes,Mailed check,90.36,2220.17,No
11356-MMNBN,Female,1,Yes,No,18,Yes,No,DSL,No,Yes,Yes,No,Yes,Yes,One year,Yes,Mailed check,39.73,745.01,No
11357-CFHPL,Male,0,Yes,No,12,Yes,No,Fiber optic,Yes,No,No,No,Yes,No,Two year,Yes,Bank transfer (automatic),95.27,1199.36,Yes
11358-AIAJP,Female,0,No,No,9,Yes,No,Fiber optic,Yes,No,No,Yes,No,No,One year,Yes,Electronic check,87.93,800.36,No
11359-BCGIC,Female,0,Yes,No,8,Yes,No,No,No internet service,No internet service,No internet service,No internet service,No internet service,No internet service,One year,Yes,Mailed check,21.95,184.86,No
11360-HOIJG,Female,0,Yes,No,0,Yes,Yes,DSL,Yes,No,No,No,Yes,No,Month-to-month,Yes,Electronic check,62.04,59.9,Yes
11361-DDDFD,Female,0,No,No,3,Yes,No,DSL,No,No,No,No,No,Yes,One year,Yes,Bank transfer (automatic),47.4,154.47,No
11362-EILGH,Male,0,No,No,1,Yes,Yes,Fiber optic,Yes,No,Yes,No,No,No,Month-to-month,Yes,Bank transfer (automatic),79.69,52.39,Yes
11363-EEMKG,Male,1,No,Yes,37,Yes,Yes,DSL,No,No,Yes,No,No,Yes,One year,Yes,Mailed check,45.57,1750.39,No
11364-KMNLH,Male,0,No,No,39,Yes,Yes,Fiber optic,No,Yes,Yes,No,No,Yes,Month-to-month,Yes,Mailed check,76.32,2948.28,No
11365-IONBC,Female,0,Yes,Yes,37,No,No phone service,No,No internet service,No internet service,No internet service,No internet service,No internet service,No internet service,Month-to-month,No,Bank transfer (automatic),22.9,843.23,Yes
11366-LLBJG,Male,0,No,Yes,34,Yes,No,DSL,No,No,Yes,No,No,No,One year,No,Electronic check,53.99,1796.58,No
11367-LBLNO,Female,0,No,Yes,5,Yes,Yes,Fiber optic,No,No,Yes,No,Yes,No,One year,Yes,Bank transfer (automatic),72.43,298.31,Yes
11368-PBNNB,Female,0,No,Yes,13,No,No phone service,Fiber optic,Yes,No,No,Yes,No,No,Month-to-month,Yes,Credit card (automatic),84.99,1087.88,No
11369-OLPMD,Male,0,Yes,No,47,Yes,No,DSL,No,No,No,No,No,No,Month-to-month,Yes,Bank transfer (automatic),57.61,2779.11,No
11370-ABCGJ,Female,0,Yes,No,28,Yes,Yes,DSL,No,No,No,No,No,No,Month-to-month,No,Electronic check,60.09,1809.48,No
11371-AFCCD,Female,0,Yes,No,0,Yes,Yes,No,No internet service,No internet service,No internet service,No internet service,No internet service,No internet service,One year,No,Electronic check,30.77,0.0,No
11372-MDGCH,Female,0,No,No,12,Yes,Yes,DSL,Yes,No,No,No,No,No,Month-to-month,Yes,Mailed check,49.59,581.92,No
11373-HKPPM,Male,1,Yes,No,0,Yes,Yes,Fiber optic,Yes,Yes,No,No,Yes,No,Month-to-month,No,Electronic check,90.69,0.0,No
11374-GBEFL,Male,0,No,No,6,Yes,Yes,DSL,No,No,Yes,No,No,Yes,Month-to-month,Yes,Bank transfer (automatic),54.31,364.05,Yes
11375-PJDPM,Male,0,No,No,11,Yes,Yes,Fiber optic,No,No,Yes,Yes,Yes,No,Month-to-month,No,Bank transfer (automatic),87.67,959.62,No
11376-JENIK,Male,0,Yes,Yes,44,Yes,Yes,DSL,Yes,No,No,No,No,Yes,Month-to-month,Yes,Credit card (automatic),67.86,2998.37,No
11377-GBKAB,Male,0,No,No,21,Yes,No,DSL,No,Yes,No,Yes,Yes,No,Month-to-month,Yes,Mailed check,46.6,1013.94,No
11378-CKBKC,Male,0,Yes,No,9,Yes,No,DSL,Yes,No,Yes,Yes,No,No,Month-to-month,Yes,Bank transfer (automatic),65.5,557.38,No
11379-JOKKO,Male,0,No,No,13,Yes,Yes,DSL,No,No,No,No,No,Yes,Two year,Yes,Electronic check,64.31,868.88,No
11380-LNLPI,Male,0,Yes,No,34,Yes,Yes,No,No internet service,No internet service,No internet service,No internet service,No internet service,No internet service,One year,Yes,Electronic check,18.0,595.37,No
11381-DLIKC,Male,0,Yes,No,7,No,No phone service,Fiber optic,No,Yes,No,No,Yes,No,Two year,No,Electronic check,90.64,718.12,No
11382-LAKEJ,Male,0,Yes,No,19,Yes,Yes,Fiber optic,No,No,Yes,No,No,No,One year,Yes,Electronic check,83.91,1560.64,No
11383-JNBDB,Female,0,No,No,6,No,No phone service,No,No internet service,No internet service,No internet service,No internet service,No internet service,No internet service,Two year,Yes,Mailed check,18.0,115.06,Yes
11384-BMCED,Male,0,No,No,13,Yes,No,DSL,Yes,Yes,Yes,No,No,Yes,Month-to-month,Yes,Mailed check,49.93,591.34,No
11385-BOKNN,Female,0,Yes,No,0,Yes,No,No,No internet service,No internet service,No internet service,No internet service,No internet service,No internet service,Month-to-month,No,Bank transfer (automatic),18.0,0.0,No
11386-PPJBN,Female,0,Yes,No,38,Yes,Yes,Fiber optic,No,No,Yes,No,Yes,No,One year,Yes,Electronic check,89.84,3371.36,Yes
11387-FGLJF,Male,1,No,No,0,Yes,No,Fiber optic,Yes,No,No,Yes,No,No,Two year,No,Electronic check,74.69,32.15,No
11388-GAFKC,Male,0,Yes,Yes,5,Yes,No,No,No internet service,No internet service,No internet service,No internet service,No internet service,No internet service,Month-to-month,Yes,Credit card (automatic),18.0,104.13,Yes
11389-AHDPJ,Female,0,No,No,8,Yes,No,DSL,No,No,Yes,No,Yes,Yes,Month-to-month,Yes,Bank transfer (automatic),48.54,431.19,No
11390-HJNKD,Male,0,No,No,19,No,No phone service,DSL,No,No,Yes,Yes,No,Yes,Two year,Yes,Electronic check,54.1,1042.9,No
11391-DLNJD,Male,0,No,No,25,Yes,Yes,DSL,No,Yes,Yes,No,Yes,No,Month-to-month,Yes,Credit card (automatic),69.78,1819.55,No
11392-FNIEP,Female,0,No,No,1,No,No phone service,No,No internet service,No internet service,No internet service,No internet service,No internet service,No internet service,Month-to-month,No,Bank transfer (automatic),18.0,0.0,Yes
11393-LMJNO,Male,0,Yes,No,0,No,No phone service,DSL,No,No,Yes,No,No,Yes,Month-to-month,Yes,Electronic check,54.73,13.54,No
11394-HHDOK,Male,0,Yes,No,32,Yes,No,No,No internet service,No internet service,No internet service,No internet service,No internet service,No internet service,Month-to-month,Yes,Electronic check,24.1,862.67,No
11395-JIIEF,Female,1,Yes,No,24,No,No phone service,DSL,No,Yes,No,Yes,Yes,No,Two year,Yes,Mailed check,55.78,1359.06,No
11396-ECKHI,Female,0,Yes,No,35,Yes,No,Fiber optic,Yes,No,No,No,No,No,Month-to-month,No,Mailed check,97.82,3458.79,Yes
11397-ODIIG,Female,0,No,No,22,Yes,Yes,Fiber optic,No,No,No,No,No,No,Month-to-month,No,Credit card (automatic),88.85,2058.19,Yes
11398-PHOCO,Male,1,Yes,Yes,27,Yes,Yes,No,No internet service,No internet service,No internet service,No internet service,No internet service,No internet service,Month-to-month,No,Mailed check,21.91,509.95,No
11399-ECGFK,Female,0,No,No,9,Yes,No,DSL,No,No,No,Yes,No,Yes,One year,Yes,Mailed check,46.02,511.02,Yes
11400-CILAJ,Male,0,No,No,17,Yes,Yes,DSL,Yes,No,No,No,No,No,Month-to-month,No,Bank transfer (automatic),64.14,1126.03,Yes
11401-COOOK,Male,0,Yes,Yes,32,Yes,No,No,No internet service,No internet service,No internet service,No internet service,No internet service,No internet service,Month-to-month,No,Mailed check,18.0,546.06,Yes
11402-OJKGC,Male,0,Yes,No,3,Yes,Yes,No,No internet service,No internet service,No internet service,No internet service,No internet service,No internet service,Two year,Yes,Electronic check,22.41,135.46,No
11403-NCBIK,Female,0,Yes,No,10,Yes,No,DSL,No,Yes,No,Yes,No,No,Month-to-month,Yes,Mailed check,44.93,410.56,No
11404-DJMFB,Male,0,Yes,Yes,26,Yes,Yes,Fiber optic,Yes,No,No,No,No,No,One year,No,Electronic check,99.09,2623.3,Yes
11405-IOGJE,Male,0,No,No,15,Yes,Yes,DSL,No,No,No,No,No,Yes,Two year,No,Credit card (automatic),55.84,763.26,No
11406-GNDMP,Female,0,Yes,Yes,22,Yes,No,Fiber optic,No,Yes,No,Yes,No,No,Month-to-month,Yes,Mailed check,94.55,2009.63,Yes
11407-PJMOG,Female,0,No,Yes,6,Yes,No,Fiber optic,Yes,No,No,Yes,Yes,No,Month-to-month,Yes,Mailed check,91.64,550.03,No
11408-BGODD,Male,0,No,No,0,Yes,No,Fiber optic,Yes,Yes,Yes,No,No,Yes,Month-to-month,Yes,Mailed check,86.06,19.16,No
11409-ALCEE,Female,0,Yes,No,0,Yes,No,Fiber optic,No,No,No,No,Yes,No,Month-to-month,No,Credit card (automatic),91.15,0.0,No
11410-BDAOI,Male,0,Yes,Yes,57,Yes,Yes,DSL,No,No,Yes,No,No,No,One year,No,Bank transfer (automatic),54.77,3056.45,No
11411-AFGCL,Male,0,No,No,57,Yes,Yes,Fiber optic,No,No,Yes,No,Yes,Yes,Month-to-month,Yes,Mailed check,64.74,3621.79,No
11412-OAGCM,Male,0,Yes,Yes,4,Yes,No,No,No internet service,No internet service,No internet service,No internet service,No internet service,No internet service,Two year,No,Credit card (automatic),18.0,0.0,No
11413-JLLFM,Female,0,Yes,Yes,3,No,No phone service,No,No internet service,No internet service,No internet service,No internet service,No internet service,No internet service,Two year,No,Credit card (automatic),26.21,149.63,No
11414-LNFNP,Female,0,No,Yes,0,Yes,No,Fiber optic,No,No,Yes,Yes,No,No,Two year,Yes,Electronic check,79.14,0.0,No
11415-LDLKF,Male,0,No,Yes,5,Yes,Yes,DSL,Yes,No,Yes,Yes,Yes,Yes,Month-to-month,Yes,Mailed check,53.63,325.26,No
11416-KJDPO,Male,0,No,No,8,Yes,No,DSL,No,No,No,No,Yes,No,Month-to-month,Yes,Credit card (automatic),59.28,387.1,No
11417-MHIBG,Male,0,Yes,No,5,Yes,Yes,No,No internet service,No internet service,No internet service,No internet service,No internet service,No internet service,Month-to-month,Yes,Mailed check,20.95,14.52,Yes
11418-IILEA,Male,1,No,Yes,31,Yes,Yes,Fiber optic,No,Yes,No,No,No,No,One year,No,Mailed check,73.72,2170.28,No
11419-FOPHA,Female,0,Yes,No,27,Yes,No,Fiber optic,Yes,No,No,No,No,No,Month-to-month,Yes,Electronic check,74.15,1993.74,Yes
11420-BMMPA,Female,0,No,No,1,Yes,No,DSL,No,No,Yes,No,Yes,No,Two year,No,Mailed check,56.92,78.01,No
11421-EBPOJ,Female,0,Yes,No,23,Yes,Yes,DSL,Yes,Yes,Yes,Yes,No,No,Month-to-month,Yes,Bank transfer (automatic),63.8,1451.83,No
11422-JNDAG,Female,0,Yes,No,14,Yes,No,No,No internet service,No internet service,No internet service,No internet service,No internet service,No internet service,One year,Yes,Electronic check,34.14,429.97,No
11423-HEBHA,Female,1,No,No,2,Yes,No,No,No internet service,No internet service,No internet service,No internet service,No internet service,No internet service,Month-to-month,Yes,Electronic check,35.63,81.39,No
11424-OGALF,Male,1,No,Yes,26,Yes,No,Fiber optic,No,Yes,No,Yes,No,Yes,Month-to-month,Yes,Electronic check,89.53,2316.12,Yes
11425-MFOEO,Female,0,No,No,1,Yes,No,Fiber optic,No,No,No,No,No,No,Month-to-month,Yes,Electronic check,93.12,110.93,Yes
11426-BBIEE,Male,0,Yes,Yes,3,Yes,Yes,No,No internet service,No internet service,No internet service,No internet service,No internet service,No internet service,Month-to-month,Yes,Electronic check,24.77,0.0,No
11427-GFBKA,Male,0,No,Yes,3,Yes,Yes,DSL,No,No,No,No,Yes,No,Month-to-month,Yes,Credit card (automatic),47.69,141.8,No
11428-PEDLC,Female,0,No,No,55,Yes,No,No,No internet service,No internet service,No internet service,No internet service,No internet service,No internet service,One year,Yes,Electronic check,18.0,1012.39,No
11429-BJBNO,Female,0,No,No,23,Yes,No,DSL,No,No,No,No,Yes,No,Month-to-month,No,Bank transfer (automatic),55.92,1299.99,No
11430-DBDCI,Male,0,Yes,No,10,Yes,Yes,No,No internet service,No internet service,No internet service,No internet service,No internet service,No internet service,Two year,Yes,Electronic check,28.76,284.14,No
11431-GNMKO,Male,0,Yes,No,34,No,No phone service,Fiber optic,No,No,No,No,No,Yes,Two year,No,Bank transfer (automatic),78.94,2668.44,No
11432-LCMON,Male,0,No,No,4,No,No phone service,Fiber optic,No,Yes,No,No,Yes,No,Month-to-month,Yes,Mailed check,84.61,336.29,No
11433-HIMGF,Female,0,No,No,53,Yes,Yes,Fiber optic,Yes,No,No,Yes,Yes,No,One year,Yes,Mailed check,91.21,4873.39,No
11434-DEHCB,Female,0,No,No,23,Yes,Yes,DSL,No,No,Yes,No,Yes,Yes,Month-to-month,No,Credit card (automatic),54.38,1270.95,No
11435-CLGHA,Female,0,Yes,No,16,Yes,Yes,DSL,No,No,No,Yes,Yes,No,Month-to-month,Yes,Electronic check,55.3,864.12,No
11436-MGILM,Female,0,No,No,31,Yes,No,Fiber optic,No,No,No,No,No,No,Two year,No,Bank transfer (automatic),94.64,2906.86,Yes
11437-NNOCO,Male,0,No,No,20,Yes,No,Fiber optic,No,No,No,Yes,Yes,No,Two year,Yes,Credit card (automatic),113.19,2290.14,No
11438-CHDNH,Female,0,Yes,Yes,43,Yes,Yes,DSL,Yes,No,No,No,Yes,Yes,One year,Yes,Bank transfer (automatic),45.08,1928.03,No
11439-ENCOD,Male,0,No,No,35,No,No phone service,Fiber optic,Yes,No,No,No,No,No,Two year,No,Credit card (automatic),84.25,3038.17,No
11440-NPDHF,Female,0,Yes,Yes,4,Yes,No,DSL,No,Yes,Yes,Yes,Yes,Yes,One year,No,Electronic check,71.21,277.72,No
11441-GIOFC,Female,0,Yes,No,5,Yes,No,Fiber optic,No,No,Yes,No,No,No,One year,No,Credit card (automatic),85.86,388.31,Yes
11442-OMCKC,Female,0,No,Yes,1,Yes,No,No,No internet service,No internet service,No internet service,No internet service,No internet service,No internet service,Month-to-month,Yes,Bank transfer (automatic),18.0,70.91,No
11443-LJBAP,Male,0,No,No,4,Yes,Yes,DSL,No,Yes,Yes,Yes,Yes,No,Month-to-month,Yes,Electronic check,59.64,284.59,Yes
11444-PKJAD,Male,0,No,Yes,8,Yes,No,DSL,No,Yes,No,No,Yes,Yes,Month-to-month,Yes,Mailed check,54.29,429.18,Yes
11445-CELIL,Female,0,Yes,No,0,Yes,No,Fiber optic,Yes,No,Yes,No,Yes,No,Month-to-month,No,Bank transfer (automatic),74.67,16.65,Yes
11446-MHLIP,Male,0,Yes,Yes,7,No,No phone service,Fiber optic,No,Yes,No,No,Yes,No,One year,No,Electronic check,81.71,643.39,Yes
11447-PPMEH,Male,0,No,No,29,Yes,Yes,Fiber optic,No,No,No,No,No,No,Month-to-month,Yes,Bank transfer (automatic),91.14,2659.97,No
11448-DEOLC,Female,0,Yes,No,36,Yes,No,DSL,No,No,Yes,No,No,No,One year,Yes,Electronic check,49.08,1763.68,No
11449-ELCEK,Female,0,No,Yes,0,Yes,Yes,Fiber optic,Yes,Yes,No,Yes,No,Yes,Month-to-month,Yes,Credit card (automatic),88.7,37.13,No
11450-NEFIA,Male,1,Yes,No,0,Yes,No,Fiber optic,No,Yes,Yes,Yes,Yes,No,Month-to-month,No,Mailed check,103.31,7.44,Yes
11451-LJNFA,Female,0,No,No,3,Yes,No,DSL,Yes,Yes,Yes,No,No,Yes,Month-to-month,No,Electronic check,45.95,105.82,Yes
11452-FBHKC,Male,0,No,No,41,Yes,Yes,Fiber optic,No,No,No,No,No,No,Month-to-month,Yes,Electronic check,83.15,3431.1,No
11453-JNFFO,Male,0,Yes,No,12,Yes,No,No,No internet service,No internet service,No internet service,No internet service,No internet service,No internet service,Two year,Yes,Credit card (automatic),23.7,251.84,No
11454-DEBJO,Female,0,No,Yes,72,Yes,Yes,DSL,No,No,No,No,No,Yes,One year,Yes,Electronic check,57.7,4208.25,No
11455-JHPJG,Male,0,Yes,No,43,Yes,Yes,Fiber optic,No,No,No,Yes,No,No,Month-to-month,Yes,Electronic check,88.91,3815.3,No
11456-JFGLA,Female,1,Yes,Yes,44,Yes,No,DSL,No,No,No,Yes,Yes,No,One year,Yes,Mailed check,53.86,2263.2,No
11457-NPNEG,Male,0,Yes,Yes,2,Yes,No,No,No internet service,No internet service,No internet service,No internet service,No internet service,No internet service,Month-to-month,Yes,Electronic check,24.83,56.0,No
11458-PABIL,Male,0,No,Yes,12,Yes,Yes,DSL,No,No,Yes,Yes,No,No,Month-to-month,Yes,Electronic check,51.77,643.04,No
11459-CFOGI,Male,0,Yes,Yes,72,Yes,Yes,DSL,Yes,No,Yes,Yes,No,No,Two year,No,Bank transfer (automatic),50.7,3738.65,No
11460-EPDKL,Male,0,No,No,3,Yes,No,No,No internet service,No internet service,No internet service,No internet service,No internet service,No internet service,One year,Yes,Electronic check,18.51,5.65,No
11461-OBCPP,Male,1,Yes,No,17,Yes,No,Fiber optic,Yes,No,No,No,Yes,Yes,Two year,No,Electronic check,96.07,1640.1,No
11462-OEKOM,Male,0,Yes,No,8,Yes,No,Fiber optic,No,No,Yes,No,Yes,Yes,Two year,Yes,Bank transfer (automatic),82.95,617.09,No
11463-BMDAD,Female,0,No,No,9,Yes,No,No,No internet service,No internet service,No internet service,No internet service,No internet service,No internet service,Month-to-month,Yes,Credit card (automatic),32.6,255.43,No
11464-PGONL,Male,0,No,No,44,Yes,No,Fiber optic,No,No,No,Yes,No,No,Month-to-month,Yes,Credit card (automatic),73.0,3089.82,No
11465-CPJHF,Male,1,No,Yes,17,Yes,Yes,Fiber optic,No,No,No,No,No,No,Month-to-month,Yes,Mailed check,94.23,1576.69,No
11466-FNOAE,Male,0,No,Yes,28,Yes,Yes,Fiber optic,No,No,No,No,Yes,Yes,Two year,Yes,Mailed check,94.59,2639.96,No
11467-CPOPJ,Female,0,No,No,22,Yes,Yes,No,No internet service,No internet service,No internet service,No internet service,No internet service,No internet service,Two year,No,Credit card (automatic),19.27,477.78,No
11468-OAHGG,Male,0,Yes,No,15,Yes,No,DSL,Yes,Yes,No,No,No,No,Two year,No,Bank transfer (automatic),70.82,1154.0,No
11469-LJNJJ,Male,0,Yes,No,31,Yes,No,No,No internet service,No internet service,No internet service,No internet service,No internet service,No internet service,Month-to-month,Yes,Bank transfer (automatic),19.9,580.28,No
11470-DMOKF,Male,0,No,No,70,Yes,Yes,Fiber optic,No,No,No,Yes,No,No,One year,Yes,Credit card (automatic),90.16,6318.22,No
11471-PMION,Female,0,No,Yes,68,Yes,Yes,Fiber optic,No,No,No,No,No,No,One year,No,Bank transfer (automatic),76.93,5196.01,No
11472-COIDE,Female,0,No,Yes,31,Yes,Yes,DSL,No,No,No,No,Yes,Yes,Month-to-month,Yes,Credit card (automatic),56.92,1821.92,No
11473-GFJHH,Female,0,No,No,13,Yes,Yes,DSL,No,No,No,No,Yes,No,Month-to-month,Yes,Credit card (automatic),48.18,632.92,No
11474-HCOPN,Male,0,Yes,No,3,Yes,No,Fiber optic,Yes,No,No,No,No,No,One year,Yes,Mailed check,66.64,224.34,No
11475-JFGIJ,Male,0,Yes,No,0,Yes,Yes,No,No internet service,No internet service,No internet service,No internet service,No internet service,No internet service,One year,Yes,Credit card (automatic),29.86,42.08,No
11476-JNLOP,Male,0,No,No,5,Yes,No,Fiber optic,No,Yes,No,No,No,No,One year,Yes,Mailed check,87.4,524.73,No
11477-DEHAL,Female,1,Yes,No,8,Yes,Yes,Fiber optic,No,No,No,No,No,No,Month-to-month,Yes,Bank transfer (automatic),94.77,658.0,No
11478-FODEK,Male,0,Yes,No,2,No,No phone service,No,No internet service,No internet service,No internet service,No internet service,No internet service,No internet service,Month-to-month,Yes,Electronic check,20.59,11.36,No
11479-EBHOB,Female,0,No,Yes,5,Yes,No,No,No internet service,No internet service,No internet service,No internet service,No internet service,No internet service,One year,Yes,Credit card (automatic),18.0,108.64,No
11480-DLMEN,Female,0,Yes,No,1,Yes,Yes,Fiber optic,No,Yes,No,No,No,Yes,Two year,Yes,Electronic check,88.26,34.3,Yes
11481-AFBNE,Male,0,No,Yes,14,Yes,No,DSL,No,No,No,No,No,No,Two year,Yes,Credit card (automatic),57.7,845.42,No
11482-OFKHI,Male,0,Yes,Yes,2,Yes,Yes,Fiber optic,Yes,No,No,Yes,No,No,Month-to-month,No,Electronic check,80.9,129.71,No
11483-MOLPF,Female,0,No,No,27,Yes,No,No,No internet service,No internet service,No internet service,No internet service,No internet service,No internet service,Two year,No,Bank transfer (automatic),18.14,491.29,No
11484-ELDBB,Male,0,No,No,8,Yes,Yes,Fiber optic,No,No,No,No,No,Yes,Month-to-month,No,Electronic check,88.84,769.24,No
11485-GEPGM,Female,0,Yes,No,22,Yes,No,DSL,No,No,No,Yes,Yes,Yes,Two year,No,Bank transfer (automatic),52.58,1076.21,No
11486-KAAPE,Female,0,Yes,Yes,42,Yes,No,Fiber optic,Yes,No,No,No,Yes,No,Month-to-month,No,Mailed check,87.09,3710.7,No
11487-BHNOC,Male,0,Yes,No,1,Yes,Yes,Fiber optic,No,No,No,Yes,No,No,Two year,No,Credit card (automatic),85.74,0.0,Yes
11488-AMBJJ,Male,0,No,Yes,72,Yes,Yes,No,No internet service,No internet service,No internet service,No internet service,No internet service,No internet service,Month-to-month,No,Bank transfer (automatic),19.06,1400.48,No
11489-GFLHG,Male,0,Yes,No,20,Yes,Yes,Fiber optic,Yes,No,Yes,No,No,No,Two year,No,Bank transfer (automatic),82.11,1656.44,No
11490-NJMHC,Male,0,Yes,No,1,Yes,No,No,No internet service,No internet service,No internet service,No internet service,No internet service,No internet service,One year,Yes,Electronic check,18.0,0.0,No
11491-FMGOP,Male,0,Yes,Yes,7,No,No phone service,DSL,No,Yes,Yes,Yes,No,No,Month-to-month,Yes,Electronic check,47.49,380.01,No
11492-JKAAG,Male,0,No,Yes,43,Yes,No,No,No internet service,No internet service,No internet service,No internet service,No internet service,No internet service,Month-to-month,Yes,Credit card (automatic),18.0,701.85,No
11493-MKMCC,Male,0,No,Yes,18,Yes,No,Fiber optic,No,No,No,Yes,No,No,Month-to-month,No,Electronic check,71.86,1344.25,Yes
11494-OEOPK,Female,0,No,No,6,Yes,Yes,No,No internet service,No internet service,No internet service,No internet service,No internet service,No internet service,Month-to-month,Yes,Credit card (automatic),18.0,98.06,Yes
11495-FBPCF,Male,0,No,No,56,Yes,Yes,No,No internet service,No internet service,No internet service,No internet service,No internet service,No internet service,Month-to-month,No,Electronic check,24.39,1319.58,No
11496-CNEIL,Male,0,Yes,No,30,Yes,No,Fiber optic,Yes,No,No,Yes,Yes,Yes,Month-to-month,No,Electronic check,79.93,2439.62,Yes
11497-PCLKM,Male,0,No,No,26,Yes,No,Fiber optic,No,No,Yes,Yes,No,Yes,Two year,Yes,Credit card (automatic),90.17,2332.98,No
11498-MFKEE,Male,0,Yes,No,43,Yes,No,No,No internet service,No internet service,No internet service,No internet service,No internet service,No internet service,Two year,No,Credit card (automatic),26.77,1117.53,No
11499-KNNFF,Female,0,No,No,29,Yes,No,Fiber optic,No,Yes,No,No,Yes,No,Month-to-month,No,Electronic check,71.03,2082.65,Yes
11500-AKOIE,Male,0,No,No,6,Yes,No,Fiber optic,Yes,No,No,Yes,No,No,Month-to-month,No,Mailed check,101.02,612.78,No
11501-AHGGO,Female,0,Yes,No,17,Yes,Yes,No,No internet service,No internet service,No internet service,No internet service,No internet service,No internet service,Month-to-month,No,Credit card (automatic),18.01,354.21,No
11502-NEAIP,Female,0,Yes,Yes,36,Yes,No,Fiber optic,No,Yes,No,Yes,No,No,Month-to-month,Yes,Electronic check,73.75,2590.64,No
11503-KIHEN,Female,0,No,No,3,Yes,No,No,No internet service,No internet service,No internet service,No internet service,No internet service,No internet service,Two year,Yes,Electronic check,27.76,83.4,No
11504-CHACL,Female,0,Yes,No,3,Yes,Yes,Fiber optic,No,No,Yes,Yes,No,Yes,Month-to-month,Yes,Bank transfer (automatic),85.5,332.94,Yes
11505-KGNOD,Female,0,Yes,Yes,3,No,No phone service,Fiber optic,No,Yes,Yes,No,No,Yes,One year,No,Electronic check,65.64,276.71,No
11506-GLKMN,Male,1,No,No,4,Yes,No,DSL,No,No,No,No,Yes,Yes,Month-to-month,No,Mailed check,48.97,234.3,No
11507-EFPNG,Female,0,No,Yes,2,Yes,No,DSL,Yes,No,No,Yes,No,No,One year,Yes,Mailed check,49.96,88.87,No
11508-OMJPL,Female,1,No,Yes,36,No,No phone service,Fiber optic,No,Yes,No,No,No,Yes,Two year,No,Credit card (automatic),93.34,3453.69,No
11509-GPGGK,Male,0,No,Yes,34,Yes,No,Fiber optic,Yes,Yes,No,No,Yes,No,Month-to-month,Yes,Credit card (automatic),80.94,2661.2,No
11510-MMGCO,Female,0,Yes,No,3,Yes,No,Fiber optic,Yes,No,No,No,No,Yes,Two year,No,Mailed check,80.84,224.74,No
11511-LCGNB,Male,0,Yes,No,24,Yes,Yes,No,No internet service,No internet service,No internet service,No internet service,No internet service,No internet service,Month-to-month,No,Mailed check,23.43,573.8,No
11512-NBCND,Male,0,No,Yes,19,Yes,No,Fiber optic,No,No,Yes,No,Yes,Yes,Month-to-month,Yes,Bank transfer (automatic),82.39,1554.42,Yes
11513-PFMHP,Male,0,No,Yes,6,Yes,Yes,DSL,No,No,No,No,No,Yes,Two year,Yes,Electronic check,52.33,327.03,No
11514-JJGDB,Male,0,Yes,No,5,Yes,Yes,Fiber optic,No,No,No,No,No,No,One year,Yes,Credit card (automatic),95.12,487.49,No
11515-BODFC,Female,0,Yes,No,5,Yes,No,Fiber optic,No,Yes,No,No,Yes,Yes,Month-to-month,No,Electronic check,87.11,433.01,Yes
11516-FEEBH,Female,1,Yes,No,26,Yes,Yes,No,No internet service,No internet service,No internet service,No internet service,No internet service,No internet service,Month-to-month,Yes,Electronic check,18.0,476.49,No
11517-EKBGM,Female,1,No,No,7,Yes,No,Fiber optic,Yes,No,Yes,No,Yes,Yes,Month-to-month,Yes,Bank transfer (automatic),96.58,716.8,Yes
11518-POIIA,Male,0,Yes,No,6,Yes,No,Fiber optic,No,Yes,No,No,No,Yes,One year,No,Mailed check,98.43,585.21,Yes
11519-GIFAB,Male,1,No,No,0,Yes,Yes,Fiber optic,Yes,No,No,No,Yes,No,Two year,Yes,Mailed check,90.41,20.49,No
11520-DNPDB,Male,0,No,Yes,47,Yes,Yes,No,No internet service,No internet service,No internet service,No internet service,No internet service,No internet service,Month-to-month,No,Electronic check,25.63,1142.35,Yes
11521-HBCPN,Female,0,No,Yes,27,Yes,Yes,Fiber optic,No,Yes,No,No,No,No,One year,Yes,Mailed check,91.69,2530.54,No
11522-DIJAH,Male,0,No,No,12,Yes,No,Fiber optic,No,No,No,Yes,Yes,No,Month-to-month,Yes,Credit card (automatic),83.99,1048.99,Yes
11523-LONEG,Female,0,Yes,No,57,Yes,Yes,Fiber optic,No,No,Yes,No,Yes,No,One year,No,Bank transfer (automatic),95.41,5413.65,No
11524-PHOEP,Female,1,Yes,No,6,Yes,No,DSL,No,Yes,No,No,No,No,Month-to-month,No,Electronic check,52.42,350.01,Yes
11525-HJKHI,Male,0,No,No,22,Yes,No,No,No internet service,No internet service,No internet service,No internet service,No internet service,No internet service,Month-to-month,Yes,Electronic check,18.0,428.42,No
11526-BCADO,Male,1,Yes,Yes,7,Yes,No,Fiber optic,No,Yes,No,No,No,Yes,Month-to-month,Yes,Mailed check,74.75,530.62,Yes
11527-OEKAH,Male,1,Yes,No,7,Yes,Yes,Fiber optic,No,Yes,Yes,No,No,No,Month-to-month,Yes,Bank transfer (automatic),76.44,545.04,No
11528-BABOM,Male,0,No,No,37,Yes,Yes,DSL,No,No,No,No,Yes,Yes,Month-to-month,No,Bank transfer (automatic),50.91,1926.94,No
11529-PEIIB,Male,0,Yes,No,30,Yes,No,DSL,No,No,No,No,No,No,Month-to-month,Yes,Credit card (automatic),51.65,1560.42,No
11530-BCGKC,Female,0,No,Yes,6,Yes,No,Fiber optic,No,No,No,No,Yes,Yes,Month-to-month,Yes,Electronic check,82.78,409.21,No
11531-ANNNF,Female,0,Yes,No,1,Yes,Yes,Fiber optic,No,No,No,No,Yes,No,Month-to-month,No,Bank transfer (automatic),101.18,169.67,Yes
11532-CANPM,Male,0,Yes,No,8,Yes,No,Fiber optic,No,No,No,No,No,No,One year,Yes,Bank transfer (automatic),82.61,606.47,Yes
11533-DMAAL,Male,0,Yes,No,28,Yes,No,No,No internet service,No internet service,No internet service,No internet service,No internet service,No internet service,Month-to-month,No,Credit card (automatic),21.46,544.54,No
11534-BJHBK,Male,0,No,No,2,Yes,Yes,No,No internet service,No internet service,No internet service,No internet service,No internet service,No internet service,Month-to-month,No,Electronic check,18.0,49.11,Yes
11535-BOKKP,Female,1,No,No,22,Yes,No,Fiber optic,No,Yes,No,No,Yes,No,Two year,Yes,Electronic check,78.82,1761.46,No
11536-JJHLF,Female,0,Yes,No,44,No,No phone service,DSL,No,No,No,No,Yes,No,Month-to-month,Yes,Mailed check,45.57,1999.01,Yes
11537-PLKDC,Female,0,Yes,No,3,Yes,No,Fiber optic,No,No,No,No,No,No,Month-to-month,No,Mailed check,94.09,262.67,Yes
11538-AKCLN,Female,0,No,No,39,Yes,Yes,Fiber optic,Yes,No,Yes,Yes,No,No,One year,No,Mailed check,87.66,3486.86,No
11539-IEMFE,Male,0,Yes,Yes,1,Yes,No,DSL,No,No,No,No,Yes,No,Month-to-month,Yes,Credit card (automatic),49.77,46.85,No
11540-AJADP,Female,0,Yes,Yes,21,Yes,Yes,DSL,Yes,Yes,No,No,Yes,Yes,One year,No,Credit card (automatic),64.13,1402.82,No
11541-OCKHL,Female,0,Yes,No,31,Yes,Yes,DSL,No,Yes,No,Yes,No,Yes,Month-to-month,No,Electronic check,59.95,1925.94,No
11542-LGOKO,Male,0,No,No,11,Yes,Yes,DSL,No,No,No,No,No,No,Month-to-month,No,Bank transfer (automatic),66.05,724.34,No
11543-GOHNJ,Male,0,Yes,No,4,Yes,No,No,No internet service,No internet service,No internet service,No internet service,No internet service,No internet service,Two year,Yes,Electronic check,22.25,0.0,No
11544-GJBDO,Female,0,Yes,Yes,51,Yes,No,Fiber optic,Yes,No,No,No,No,Yes,Month-to-month,Yes,Credit card (automatic),100.6,5221.56,No
11545-KFCOC,Male,0,No,Yes,0,Yes,Yes,DSL,No,Yes,No,Yes,No,No,Month-to-month,No,Electronic check,41.54,22.6,No
11546-OFANP,Male,0,Yes,No,16,Yes,No,DSL,Yes,No,No,No,No,Yes,Month-to-month,No,Credit card (automatic),57.0,909.71,No
11547-AEAJH,Male,0,No,Yes,9,No,No phone service,DSL,Yes,Yes,No,No,No,No,Month-to-month,No,Mailed check,57.82,515.88,No
11548-BPFJJ,Female,0,No,No,12,Yes,No,Fiber optic,No,No,Yes,No,No,No,Month-to-month,Yes,Mailed check,77.44,924.61,Yes
11549-EJLLD,Female,0,No,No,15,Yes,No,Fiber optic,No,No,Yes,No,No,No,Month-to-month,Yes,Bank transfer (automatic),88.23,1279.96,No
11550-ANNCM,Male,1,Yes,Yes,15,Yes,No,DSL,No,No,Yes,No,No,No,One year,Yes,Mailed check,48.85,778.76,No
11551-LDBLB,Male,0,No,No,4,Yes,Yes,No,No internet service,No internet service,No internet service,No internet service,No internet service,No internet service,One year,No,Electronic check,18.0,148.91,No
11552-BKAJB,Female,0,Yes,No,22,Yes,No,Fiber optic,Yes,No,Yes,No,No,Yes,Month-to-month,No,Bank transfer (automatic),97.98,2076.44,No
11553-FCJEA,Female,0,Yes,Yes,0,Yes,No,No,No internet service,No internet service,No internet service,No internet service,No internet service,No internet service,One year,No,Bank transfer (automatic),20.03,0.0,No
11554-HMDID,Male,0,No,No,0,Yes,No,DSL,No,No,No,No,Yes,No,Two year,Yes,Credit card (automatic),49.57,47.01,No
11555-NOOOB,Male,0,No,Yes,13,Yes,Yes,Fiber optic,No,No,No,No,No,No,Two year,Yes,Mailed check,81.33,1064.19,No
11556-CELJO,Female,0,Yes,No,15,No,No phone service,Fiber optic,Yes,No,Yes,No,No,No,Month-to-month,No,Bank transfer (automatic),72.31,1148.31,No
11557-MMNFG,Male,0,Yes,Yes,6,Yes,Yes,Fiber optic,Yes,No,Yes,No,Yes,Yes,Two year,No,Credit card (automatic),99.68,649.36,No
11558-DGOJC,Female,0,Yes,No,16,Yes,No,DSL,No,No,Yes,No,Yes,Yes,Month-to-month,Yes,Credit card (automatic),44.86,772.82,No
11559-GDMMH,Male,0,No,No,14,Yes,No,No,No internet service,No internet service,No internet service,No internet service,No internet service,No internet service,Two year,Yes,Electronic check,18.74,280.76,No
11560-IGHHB,Female,0,No,Yes,8,Yes,No,No,No internet service,No internet service,No internet service,No internet service,No internet service,No internet service,One year,Yes,Mailed check,21.68,213.16,No
11561-IFKDO,Male,1,No,Yes,21,Yes,Yes,DSL,No,No,No,Yes,Yes,Yes,Two year,Yes,Electronic check,54.52,1167.05,No
11562-EJEGN,Female,0,No,No,63,Yes,Yes,No,No internet service,No internet service,No internet service,No internet service,No internet service,No internet service,Month-to-month,No,Mailed check,18.0,1190.25,No
11563-IGIDJ,Male,1,No,No,13,Yes,No,Fiber optic,No,Yes,Yes,Yes,Yes,No,One year,No,Credit card (automatic),99.06,1296.4,No
11564-NJDFH,Male,0,Yes,No,30,No,No phone service,DSL,No,Yes,Yes,No,Yes,No,Month-to-month,No,Credit card (automatic),42.64,1330.16,No
11565-NIAAM,Male,0,Yes,Yes,5,Yes,No,Fiber optic,No,Yes,No,No,No,Yes,Two year,Yes,Credit card (automatic),82.59,349.37,No
11566-HKGIK,Male,0,No,No,28,Yes,Yes,DSL,Yes,No,Yes,Yes,No,Yes,Two year,No,Mailed check,52.22,1521.58,No
11567-CJLEC,Female,0,Yes,No,20,Yes,Yes,DSL,Yes,No,No,No,Yes,No,Month-to-month,No,Electronic check,62.97,1273.74,Yes
11568-OEJAN,Male,0,Yes,Yes,20,Yes,No,DSL,No,No,No,No,Yes,Yes,Month-to-month,No,Electronic check,51.56,1040.39,No
11569-KDFBM,Female,0,Yes,No,44,Yes,Yes,Fiber optic,Yes,No,No,Yes,No,No,Month-to-month,Yes,Bank transfer (automatic),86.2,3838.0,Yes
11570-GHAMD,Female,0,No,Yes,5,Yes,No,Fiber optic,No,Yes,No,No,Yes,No,Month-to-month,Yes,Electronic check,98.84,491.35,Yes
11571-KDMEN,Male,0,Yes,No,9,Yes,No,DSL,No,No,No,No,No,No,Two year,No,Electronic check,53.05,528.98,No
11572-LLDIG,Female,0,Yes,No,1,Yes,No,Fiber optic,No,Yes,Yes,Yes,No,Yes,Month-to-month,Yes,Mailed check,79.48,20.89,Yes
11573-MBAIA,Male,0,No,Yes,25,Yes,Yes,DSL,No,No,No,No,Yes,No,Month-to-month,No,Electronic check,63.6,1565.13,Yes
11574-FPOOB,Female,0,Yes,No,37,Yes,No,Fiber optic,No,No,No,No,No,Yes,One year,No,Electronic check,83.24,3045.72,No
11575-PDFEP,Male,0,No,No,10,Yes,No,DSL,No,No,No,No,Yes,No,One year,Yes,Credit card (automatic),72.05,682.85,No
11576-KFCEB,Male,0,Yes,No,8,Yes,Yes,Fiber optic,No,No,No,No,No,No,Month-to-month,Yes,Electronic check,75.84,631.01,Yes
11577-GCANH,Female,0,No,Yes,21,Yes,Yes,DSL,No,No,No,No,Yes,No,Month-to-month,Yes,Credit card (automatic),33.87,651.63,No
11578-HCMGI,Female,0,Yes,Yes,1,Yes,Yes,Fiber optic,Yes,No,No,No,No,No,One year,No,Credit card (automatic),82.72,21.29,No
11579-HCOMB,Male,0,No,No,6,Yes,Yes,No,No internet service,No internet service,No internet service,No internet service,No internet service,No internet service,Month-to-month,No,Mailed check,25.71,122.71,Yes
11580-MJPGG,Female,0,No,Yes,9,Yes,Yes,Fiber optic,No,No,No,No,No,No,Month-to-month,Yes,Credit card (automatic),85.59,773.9,No
11581-IEDHN,Male,0,No,No,14,Yes,No,Fiber optic,No,Yes,No,No,No,Yes,Month-to-month,Yes,Electronic check,85.2,1233.84,Yes
11582-DPDLN,Male,0,No,No,12,Yes,No,DSL,No,Yes,No,No,Yes,No,Two year,Yes,Credit card (automatic),64.85,797.87,No
11583-LBMOA,Female,0,Yes,No,4,Yes,No,Fiber optic,No,No,Yes,No,No,No,Month-to-month,Yes,Credit card (automatic),76.6,345.96,No
11584-DGLPI,Male,0,No,No,15,Yes,No,No,No internet service,No internet service,No internet service,No internet service,No internet service,No internet service,Two year,Yes,Credit card (automatic),18.0,237.95,No
11585-PILJO,Female,0,No,No,52,Yes,No,DSL,No,No,No,Yes,No,No,One year,Yes,Electronic check,59.25,3039.23,Yes
11586-AEGMG,Male,1,No,No,0,Yes,No,Fiber optic,No,No,No,No,No,Yes,Month-to-month,Yes,Credit card (automatic),84.69,0.0,Yes
11587-JPFPK,Male,0,No,No,22,Yes,No,Fiber optic,No,No,No,No,Yes,No,One year,No,Credit card (automatic),92.69,2044.09,No
11588-JDCLM,Male,0,Yes,Yes,19,Yes,No,DSL,No,Yes,No,No,No,No,Month-to-month,Yes,Credit card (automatic),54.31,990.75,No
11589-IOLMJ,Female,0,No,Yes,51,Yes,No,No,No internet service,No internet service,No internet service,No internet service,No internet service,No internet service,Two year,No,Electronic check,33.34,1562.42,No
11590-DHMAG,Male,0,Yes,Yes,20,Yes,No,Fiber optic,Yes,Yes,No,Yes,No,Yes,Two year,Yes,Electronic check,84.21,1567.39,No
11591-LFMLA,Male,0,No,No,19,Yes,No,DSL,No,No,No,Yes,Yes,No,Month-to-month,Yes,Mailed check,63.59,1218.08,No
11592-ODLON,Female,0,Yes,Yes,29,Yes,Yes,DSL,No,Yes,No,Yes,No,No,Two year,Yes,Bank transfer (automatic),51.79,1547.5,No
11593-EKHOD,Male,0,Yes,Yes,6,Yes,Yes,Fiber optic,Yes,No,No,No,Yes,Yes,Month-to-month,No,Electronic check,90.13,487.06,No
11594-CBDKJ,Female,1,No,No,18,Yes,No,Fiber optic,Yes,Yes,Yes,No,Yes,Yes,Month-to-month,Yes,Credit card (automatic),83.8,1505.27,No
11595-NMDMJ,Female,0,No,No,14,Yes,No,Fiber optic,No,Yes,No,Yes,Yes,No,Month-to-month,No,Mailed check,82.55,1240.23,No
11596-EMGIB,Female,0,No,No,11,Yes,No,Fiber optic,No,No,Yes,No,No,Yes,One year,Yes,Mailed check,92.93,1060.79,No
11597-EPKJI,Male,0,No,No,1,Yes,No,DSL,No,No,Yes,No,No,No,Month-to-month,No,Mailed check,57.55,53.05,No
11598-LNMCA,Female,0,No,No,6,Yes,No,DSL,No,No,Yes,No,No,No,Month-to-month,Yes,Bank transfer (automatic),52.13,323.0,Yes
11599-BNFPE,Male,0,No,No,6,Yes,Yes,Fiber optic,Yes,No,No,No,Yes,Yes,Two year,No,Electronic check,83.45,511.24,No
11600-AAKDL,Female,0,Yes,No,25,Yes,Yes,DSL,No,Yes,Yes,No,No,No,Two year,No,Electronic check,60.86,1519.62,No
11601-ODOFF,Male,0,No,No,50,Yes,Yes,DSL,No,No,No,No,Yes,No,Two year,No,Mailed check,54.08,2631.19,No
11602-PJNFA,Female,0,No,No,5,Yes,Yes,Fiber optic,No,Yes,Yes,No,Yes,Yes,Month-to-month,No,Bank transfer (automatic),70.25,344.7,No
11603-JIKGG,Female,0,No,Yes,1,Yes,Yes,DSL,No,No,No,No,No,Yes,One year,Yes,Bank transfer (automatic),49.58,36.74,Yes
11604-KGBBF,Female,0,No,Yes,72,Yes,Yes,No,No internet service,No internet service,No internet service,No internet service,No internet service,No internet service,Two year,No,Electronic check,18.0,1307.53,No
11605-GCMDN,Male,0,No,No,23,Yes,No,Fiber optic,No,No,Yes,No,No,No,Month-to-month,Yes,Electronic check,98.69,2290.91,Yes
11606-LCGGD,Female,0,Yes,Yes,43,Yes,No,DSL,No,No,No,No,No,No,Two year,Yes,Mailed check,49.45,2103.28,No
11607-MGEAJ,Male,0,No,Yes,3,Yes,Yes,No,No internet service,No internet service,No internet service,No internet service,No internet service,No internet service,Month-to-month,Yes,Mailed check,22.91,102.05,No
11608-DGMPP,Male,0,Yes,No,32,Yes,No,DSL,Yes,No,Yes,No,Yes,No,One year,No,Bank transfer (automatic),48.41,1581.06,No
11609-OBBAB,Male,0,No,Yes,33,Yes,Yes,Fiber optic,Yes,No,No,Yes,No,No,One year,Yes,Bank transfer (automatic),84.33,2816.47,No
11610-JNHKH,Male,1,Yes,No,3,Yes,Yes,Fiber optic,No,Yes,No,Yes,Yes,Yes,Two year,Yes,Mailed check,93.32,234.33,No
11611-HOPAA,Male,0,No,Yes,3,Yes,No,Fiber optic,No,No,No,No,No,No,Month-to-month,Yes,Electronic check,91.32,356.89,No
11612-LJDFH,Male,1,No,Yes,7,Yes,No,Fiber optic,No,Yes,Yes,No,No,No,Two year,No,Electronic check,94.34,605.06,No
11613-MBMPC,Female,0,No,No,4,Yes,Yes,No,No internet service,No internet service,No internet service,No internet service,No internet service,No internet service,Month-to-month,No,Bank transfer (automatic),18.0,144.79,No
11614-FJDLB,Female,0,No,No,72,Yes,No,Fiber optic,No,No,No,No,No,No,Month-to-month,Yes,Mailed check,88.25,6380.24,No
11615-GDHHG,Male,0,Yes,No,9,Yes,Yes,Fiber optic,No,Yes,No,Yes,No,No,Month-to-month,Yes,Electronic check,73.34,717.16,No
11616-JIDGJ,Male,0,No,No,28,Yes,No,Fiber optic,No,No,No,No,No,Yes,Month-to-month,No,Electronic check,89.21,2487.74,No
11617-JOLAD,Female,0,No,No,32,Yes,No,DSL,No,No,No,No,No,No,Month-to-month,Yes,Electronic check,46.37,1408.22,No
11618-BIPEC,Female,0,Yes,Yes,9,Yes,No,Fiber optic,Yes,No,No,No,No,No,Two year,Yes,Credit card (automatic),80.85,685.88,No
11619-DFJAG,Male,1,Yes,No,22,No,No phone service,DSL,No,Yes,No,No,Yes,No,Month-to-month,Yes,Mailed check,45.84,1008.05,No
11620-HGGIM,Female,0,Yes,Yes,2,Yes,No,DSL,No,No,Yes,No,No,Yes,Month-to-month,No,Bank transfer (automatic),61.89,142.65,No
11621-DNPGI,Male,1,No,No,10,No,No phone service,Fiber optic,Yes,No,No,Yes,No,Yes,Two year,Yes,Credit card (automatic),95.68,996.98,No
11622-OEBOE,Female,0,No,Yes,68,Yes,No,Fiber optic,No,No,No,No,No,No,Month-to-month,Yes,Electronic check,69.39,4619.92,Yes
11623-DHPOE,Female,1,No,Yes,3,Yes,No,DSL,Yes,Yes,No,Yes,Yes,Yes,One year,Yes,Mailed check,48.21,147.97,No
11624-IICMJ,Female,0,No,No,9,Yes,No,DSL,No,No,No,No,No,No,Month-to-month,No,Mailed check,51.37,528.03,No
11625-OFFDK,Female,0,Yes,No,31,Yes,No,DSL,No,No,Yes,No,No,No,Month-to-month,No,Credit card (automatic),27.34,970.97,No
11626-MJCAL,Female,0,No,No,21,Yes,Yes,DSL,Yes,No,No,No,Yes,Yes,Month-to-month,Yes,Credit card (automatic),61.91,1409.14,No
11627-GOOEN,Male,1,Yes,No,19,Yes,No,Fiber optic,Yes,No,Yes,No,No,No,Month-to-month,No,Bank transfer (automatic),81.83,1650.81,No
11628-JOGAH,Male,0,Yes,Yes,38,Yes,No,DSL,No,No,No,No,No,No,One year,Yes,Bank transfer (automatic),41.0,1552.66,Yes
11629-CGLCN,Female,0,Yes,Yes,0,Yes,No,Fiber optic,No,Yes,No,No,No,No,Two year,Yes,Credit card (automatic),86.07,19.99,No
11630-CJIMB,Male,0,Yes,No,29,Yes,No,DSL,Yes,Yes,No,No,No,No,Two year,Yes,Credit card (automatic),40.06,1216.61,No
11631-NDFNC,Male,0,Yes,Yes,42,Yes,Yes,DSL,No,No,No,Yes,No,Yes,Month-to-month,No,Credit card (automatic),50.71,2180.44,Yes
11632-LJNJG,Female,0,Yes,No,0,Yes,No,No,No internet service,No internet service,No internet service,No internet service,No internet service,No internet service,Month-to-month,Yes,Electronic check,28.6,0.0,No
11633-GOECB,Male,0,Yes,No,16,Yes,No,Fiber optic,No,Yes,Yes,Yes,No,No,One year,Yes,Mailed check,78.25,1239.56,No
11634-OODNO,Male,0,Yes,Yes,8,Yes,No,DSL,Yes,Yes,Yes,No,No,No,Month-to-month,No,Bank transfer (automatic),59.73,436.34,No
11635-MDKHH,Female,0,No,No,1,Yes,Yes,No,No internet service,No internet service,No internet service,No internet service,No internet service,No internet service,Two year,No,Electronic check,26.4,53.96,Yes
11636-MEMFH,Male,0,Yes,No,10,Yes,No,DSL,No,Yes,No,No,No,Yes,Month-to-month,Yes,Bank transfer (automatic),73.01,771.41,Yes
11637-OAEDP,Female,0,Yes,No,20,Yes,No,No,No internet service,No internet service,No internet service,No internet service,No internet service,No internet service,Two year,Yes,Electronic check,24.23,480.03,No
11638-DKBJA,Female,1,Yes,Yes,50,Yes,Yes,DSL,No,No,Yes,No,No,Yes,Month-to-month,No,Bank transfer (automatic),56.91,2863.5,No
11639-NOFGE,Male,0,No,Yes,19,Yes,No,No,No internet service,No internet service,No internet service,No internet service,No internet service,No internet service,Month-to-month,Yes,Credit card (automatic),18.0,401.66,Yes
11640-POHIK,Female,0,No,No,38,Yes,Yes,DSL,No,Yes,No,No,No,No,Month-to-month,Yes,Mailed check,45.46,1755.43,No
11641-KBKMD,Male,0,No,No,2,Yes,Yes,No,No internet service,No internet service,No internet service,No internet service,No internet service,No internet service,Month-to-month,Yes,Bank transfer (automatic),18.0,0.0,No
11642-KIECF,Male,1,No,No,4,Yes,No,Fiber optic,No,No,No,Yes,Yes,No,One year,Yes,Mailed check,84.37,341.53,Yes
11643-OCNEC,Female,0,Yes,No,70,Yes,Yes,DSL,No,Yes,Yes,Yes,Yes,No,Two year,Yes,Bank transfer (automatic),56.24,3922.95,No
11644-FLPJE,Male,0,Yes,No,43,Yes,No,No,No internet service,No internet service,No internet service,No internet service,No internet service,No internet service,Month-to-month,No,Mailed check,24.6,1038.73,No
11645-NIPCF,Male,1,Yes,No,5,Yes,No,Fiber optic,No,No,No,Yes,Yes,No,Month-to-month,Yes,Mailed check,89.01,427.02,No
11646-HGPFN,Male,0,No,Yes,19,No,No phone service,Fiber optic,No,No,No,No,No,Yes,Month-to-month,No,Credit card (automatic),73.31,1277.71,Yes
11647-OBPOG,Male,0,No,No,9,Yes,Yes,Fiber optic,Yes,No,Yes,No,No,No,Month-to-month,No,Electronic check,82.8,806.91,Yes
11648-HAOID,Male,0,Yes,Yes,12,Yes,Yes,Fiber optic,Yes,No,No,No,No,No,Month-to-month,Yes,Bank transfer (automatic),80.1,978.04,Yes
11649-HOJGN,Male,0,Yes,No,39,Yes,No,Fiber optic,Yes,No,No,No,No,No,One year,Yes,Electronic check,88.54,3534.97,No
11650-MJGBP,Male,0,No,Yes,26,No,No phone service,No,No internet service,No internet service,No internet service,No internet service,No internet service,No internet service,One year,Yes,Mailed check,19.33,426.52,No
11651-ADLPP,Female,0,Yes,No,5,Yes,No,Fiber optic,Yes,No,Yes,No,No,Yes,One year,Yes,Credit card (automatic),78.68,361.46,No
11652-BHJPG,Male,0,No,No,7,Yes,No,DSL,No,No,No,No,No,No,One year,Yes,Electronic check,49.48,314.65,No
11653-HKFAN,Female,0,No,Yes,6,No,No phone service,DSL,No,No,Yes,No,Yes,No,Two year,Yes,Mailed check,48.18,292.95,No
11654-MMLIF,Female,1,No,No,30,Yes,No,Fiber optic,Yes,No,No,Yes,No,Yes,Month-to-month,Yes,Credit card (automatic),66.18,1962.93,No
11655-LMJAA,Male,0,Yes,Yes,13,Yes,Yes,No,No internet service,No internet service,No internet service,No internet service,No internet service,No internet service,Month-to-month,Yes,Mailed check,33.45,459.4,No
11656-PHFHH,Female,0,Yes,Yes,60,Yes,No,Fiber optic,Yes,No,No,Yes,No,Yes,Month-to-month,No,Mailed check,87.7,5403.39,No
11657-OKNHJ,Female,0,No,Yes,33,Yes,No,DSL,No,No,No,Yes,Yes,Yes,Month-to-month,Yes,Electronic check,46.82,1543.47,No
11658-OGGJD,Female,0,No,No,4,Yes,No,DSL,No,Yes,Yes,No,Yes,No,Month-to-month,Yes,Electronic check,62.93,288.34,No
11659-ILBKI,Male,0,Yes,Yes,30,Yes,No,Fiber optic,Yes,Yes,No,No,No,Yes,Month-to-month,Yes,Bank transfer (automatic),88.12,2618.83,No
11660-JCNMO,Female,0,No,No,14,Yes,Yes,DSL,Yes,Yes,No,No,Yes,No,Month-to-month,Yes,Credit card (automatic),54.82,827.21,No
11661-PBMDE,Female,1,No,Yes,5,Yes,Yes,Fiber optic,No,Yes,No,No,No,No,One year,No,Bank transfer (automatic),79.92,432.47,No
11662-BMOAJ,Female,0,Yes,No,9,Yes,No,Fiber optic,No,No,No,Yes,Yes,No,One year,Yes,Credit card (automatic),78.82,736.37,Yes
11663-KEIOL,Female,0,No,No,71,Yes,No,DSL,No,Yes,No,Yes,No,Yes,Month-to-month,Yes,Bank transfer (automatic),67.53,4792.11,No
11664-LOELK,Female,0,Yes,No,13,Yes,No,Fiber optic,No,No,No,No,No,No,One year,No,Credit card (automatic),88.26,1198.46,No
11665-JINML,Female,0,No,Yes,25,Yes,Yes,Fiber optic,No,No,No,No,No,No,One year,Yes,Credit card (automatic),88.2,2237.6,No
11666-JFCDD,Male,0,Yes,No,12,Yes,No,Fiber optic,No,Yes,Yes,Yes,No,No,Month-to-month,Yes,Electronic check,77.18,996.84,No
11667-ACCMN,Female,0,No,Yes,9,No,No phone service,Fiber optic,No,No,Yes,No,No,Yes,Two year,Yes,Mailed check,80.16,673.27,No
11668-AMIKA,Female,0,Yes,No,31,Yes,Yes,No,No internet service,No internet service,No internet service,No internet service,No internet service,No internet service,Month-to-month,Yes,Electronic check,21.23,669.05,Yes
11669-IAPBB,Male,0,Yes,No,37,Yes,Yes,Fiber optic,Yes,No,No,Yes,Yes,No,Two year,No,Mailed check,96.27,3565.38,No
11670-NFGKA,Male,0,No,No,1,Yes,Yes,DSL,No,No,No,No,No,No,Two year,Yes,Mailed check,64.61,48.81,No
11671-CBHIM,Female,0,No,No,6,Yes,Yes,No,No internet service,No internet service,No internet service,No internet service,No internet service,No internet service,One year,No,Bank transfer (automatic),25.96,168.72,No
11672-BBJOI,Female,0,No,Yes,14,Yes,Yes,Fiber optic,No,No,No,No,No,No,One year,Yes,Mailed check,86.74,1250.95,No
11673-NDEMK,Male,0,No,Yes,7,Yes,Yes,No,No internet service,No internet service,No internet service,No internet service,No internet service,No internet service,Two year,Yes,Electronic check,28.48,231.09,No
11674-IFJLI,Female,0,No,Yes,30,No,No phone service,No,No internet service,No internet service,No internet service,No internet service,No internet service,No internet service,Month-to-month,No,Electronic check,33.31,1018.96,No
11675-IGNLJ,Female,0,No,No,2,No,No phone service,Fiber optic,No,No,No,No,Yes,Yes,Month-to-month,Yes,Electronic check,92.48,142.49,Yes
11676-IEPEL,Male,0,Yes,Yes,31,Yes,Yes,No,No internet service,No internet service,No internet service,No internet service,No internet service,No internet service,One year,Yes,Electronic check,26.55,842.0,No
11677-HJDIG,Female,1,Yes,No,19,No,No phone service,Fiber optic,No,No,Yes,No,No,No,Two year,No,Mailed check,87.06,1591.29,No
11678-GMOCD,Male,0,Yes,No,6,No,No phone service,DSL,Yes,No,No,Yes,No,No,One year,Yes,Mailed check,53.33,333.43,No
11679-GKKNE,Female,0,Yes,No,8,Yes,No,DSL,No,Yes,Yes,Yes,No,No,Two year,Yes,Electronic check,51.63,388.69,No
11680-LCAGF,Female,1,Yes,No,4,Yes,Yes,Fiber optic,No,No,No,No,Yes,Yes,Month-to-month,Yes,Credit card (automatic),95.4,438.31,Yes
11681-JOGON,Male,0,No,No,5,Yes,Yes,Fiber optic,No,Yes,Yes,No,Yes,No,Two year,Yes,Bank transfer (automatic),84.82,420.49,No
11682-BMLDB,Male,1,No,No,25,Yes,Yes,No,No internet service,No internet service,No internet service,No internet service,No internet service,No internet service,Two year,No,Mailed check,18.0,402.4,No
11683-HGABB,Female,0,No,No,9,Yes,Yes,Fiber optic,No,Yes,No,No,No,Yes,Month-to-month,No,Credit card (automatic),86.64,814.64,Yes
11684-DCALN,Female,0,No,No,23,Yes,No,Fiber optic,No,No,No,No,No,Yes,Two year,No,Credit card (automatic),88.19,2027.48,No
11685-BPKIM,Female,1,Yes,No,14,No,No phone service,No,No internet service,No internet service,No internet service,No internet service,No internet service,No internet service,Month-to-month,No,Electronic check,18.38,247.86,No
11686-AIGBB,Male,0,Yes,No,3,Yes,Yes,Fiber optic,No,No,Yes,No,Yes,No,Two year,Yes,Mailed check,78.39,219.83,No
11687-EMEDL,Male,0,No,Yes,13,Yes,No,DSL,No,No,No,No,No,Yes,Two year,No,Credit card (automatic),63.63,798.26,No
11688-JJMLC,Male,0,No,No,28,Yes,No,No,No internet service,No internet service,No internet service,No internet service,No internet service,No internet service,Month-to-month,No,Electronic check,28.08,825.18,Yes
11689-DJDBE,Male,0,Yes,No,7,Yes,Yes,Fiber optic,No,Yes,No,No,Yes,No,Month-to-month,Yes,Electronic check,70.07,479.86,Yes
11690-OEEKO,Male,0,No,No,20,Yes,No,Fiber optic,No,Yes,No,No,No,No,Month-to-month,Yes,Mailed check,87.68,1783.33,Yes
11691-KJAFK,Male,0,Yes,No,4,Yes,No,Fiber optic,No,Yes,No,Yes,No,No,Month-to-month,No,Mailed check,88.83,379.07,No
11692-BGDOE,Female,0,Yes,No,2,Yes,Yes,DSL,No,No,No,No,Yes,Yes,Month-to-month,No,Electronic check,64.1,178.45,Yes
11693-EEBEC,Male,0,Yes,No,8,Yes,Yes,DSL,Yes,No,Yes,No,No,No,Month-to-month,No,Electronic check,44.05,356.61,No
11694-DMBDM,Male,0,Yes,Yes,9,Yes,No,DSL,No,Yes,No,No,Yes,No,Month-to-month,Yes,Mailed check,50.86,370.35,Yes
11695-IHMNO,Male,0,No,No,28,Yes,Yes,DSL,No,No,Yes,Yes,Yes,Yes,Month-to-month,No,Credit card (automatic),63.32,1810.61,No
11696-KLCAA,Male,0,Yes,Yes,12,Yes,No,No,No internet service,No internet service,No internet service,No internet service,No internet service,No internet service,Two year,Yes,Bank transfer (automatic),23.85,275.23,No
11697-FCDAH,Female,0,No,No,1,Yes,No,Fiber optic,Yes,No,No,No,Yes,No,Month-to-month,No,Credit card (automatic),86.75,72.32,Yes
11698-AEFOB,Male,0,Yes,Yes,20,Yes,Yes,DSL,No,No,Yes,No,No,Yes,One year,No,Electronic check,73.02,1572.8,No
11699-GPGPA,Female,0,No,Yes,12,Yes,Yes,Fiber optic,Yes,No,Yes,No,Yes,Yes,Month-to-month,Yes,Electronic check,98.93,1241.16,No
11700-DLMPD,Male,0,No,Yes,8,No,No phone service,Fiber optic,No,No,Yes,No,No,Yes,One year,Yes,Mailed check,79.33,652.14,No
11701-EAAGI,Female,0,No,No,32,Yes,No,DSL,No,No,No,No,No,No,Two year,Yes,Electronic check,58.12,1846.47,Yes
11702-APBFO,Male,0,Yes,No,3,Yes,No,DSL,No,No,No,No,Yes,Yes,Month-to-month,Yes,Electronic check,48.63,153.93,Yes
11703-OFBID,Male,1,No,No,48,Yes,No,Fiber optic,No,No,Yes,Yes,Yes,Yes,Month-to-month,Yes,Electronic check,88.98,4159.91,No
11704-MGFKM,Male,0,No,No,8,Yes,Yes,Fiber optic,No,Yes,No,Yes,No,No,One year,Yes,Electronic check,96.4,823.62,No
11705-KCHGI,Male,0,Yes,No,12,No,No phone service,No,No internet service,No internet service,No internet service,No internet service,No internet service,No internet service,Month-to-month,No,Mailed check,18.33,177.35,No
11706-PCABL,Female,0,Yes,No,52,No,No phone service,No,No internet service,No internet service,No internet service,No internet service,No internet service,No internet service,Month-to-month,Yes,Credit card (automatic),22.06,1079.37,No
11707-KOLAK,Female,0,Yes,No,28,Yes,Yes,Fiber optic,No,No,No,No,Yes,Yes,Month-to-month,Yes,Electronic check,69.13,1883.71,No
11708-EPOJN,Male,0,Yes,Yes,1,Yes,No,Fiber optic,No,No,No,Yes,Yes,No,Month-to-month,No,Bank transfer (automatic),85.97,61.49,No
11709-BPCHO,Male,0,Yes,Yes,17,No,No phone service,Fiber optic,No,Yes,No,Yes,No,No,One year,No,Credit card (automatic),83.22,1435.13,No
11710-JNEDP,Female,0,No,Yes,7,Yes,No,DSL,No,No,No,No,No,No,Two year,Yes,Electronic check,57.43,402.59,Yes
11711-EJFLG,Female,1,Yes,No,14,Yes,Yes,DSL,No,No,No,No,Yes,Yes,One year,Yes,Credit card (automatic),50.8,666.44,No
11712-NMIAD,Female,0,No,Yes,27,Yes,No,DSL,No,Yes,No,Yes,No,No,Month-to-month,Yes,Credit card (automatic),47.72,1254.71,No
11713-PLLIE,Male,1,No,No,13,Yes,No,DSL,No,No,No,No,No,No,Month-to-month,No,Electronic check,64.48,777.48,No
11714-HLADL,Female,0,No,No,1,Yes,No,DSL,No,Yes,No,No,No,No,Two year,No,Credit card (automatic),46.7,84.71,No
11715-PPNLI,Male,0,Yes,Yes,15,No,No phone service,Fiber optic,No,No,Yes,No,Yes,No,Two year,No,Credit card (automatic),76.78,1192.27,No
11716-MAADN,Male,0,No,No,0,Yes,Yes,DSL,Yes,No,Yes,No,No,No,Month-to-month,No,Electronic check,56.52,72.87,No
11717-CGKCA,Female,0,Yes,No,8,Yes,No,DSL,No,No,No,No,Yes,No,Two year,No,Credit card (automatic),76.04,603.47,No
11718-LPOKJ,Male,0,Yes,Yes,13,Yes,No,Fiber optic,No,No,No,Yes,Yes,No,Two year,Yes,Mailed check,86.8,1136.3,No
11719-BJMDA,Male,1,Yes,No,20,Yes,Yes,Fiber optic,Yes,Yes,No,No,Yes,Yes,Month-to-month,No,Credit card (automatic),79.96,1621.15,No
11720-ALNHG,Female,0,No,No,14,Yes,No,DSL,No,No,Yes,No,Yes,Yes,One year,No,Bank transfer (automatic),49.88,735.33,No
11721-NHMDF,Male,0,No,No,3,Yes,Yes,Fiber optic,No,No,No,No,No,Yes,One year,Yes,Mailed check,88.81,178.03,Yes
11722-OMCKM,Female,0,Yes,Yes,53,Yes,No,Fiber optic,No,No,No,No,No,No,Month-to-month,Yes,Bank transfer (automatic),90.58,4775.38,No
11723-HDCDF,Female,0,Yes,Yes,21,Yes,No,Fiber optic,No,No,No,No,Yes,No,Month-to-month,Yes,Bank transfer (automatic),79.88,1659.94,Yes
11724-KGGNO,Female,0,Yes,No,7,Yes,No,No,No internet service,No internet service,No internet service,No internet service,No internet service,No internet service,Month-to-month,Yes,Bank transfer (automatic),18.0,48.38,No
11725-LPDHG,Male,0,No,No,67,Yes,No,DSL,Yes,Yes,No,No,Yes,Yes,Two year,Yes,Credit card (automatic),52.37,3564.44,No
11726-BMHIE,Female,0,No,No,42,Yes,Yes,Fiber optic,No,No,Yes,No,Yes,No,Two year,Yes,Bank transfer (automatic),97.7,4022.65,Yes
11727-ODPDM,Female,0,Yes,No,3,Yes,Yes,DSL,No,No,Yes,No,No,Yes,Month-to-month,No,Credit card (automatic),50.06,80.01,No
11728-PDFKD,Male,0,Yes,No,21,Yes,Yes,DSL,No,No,No,No,No,No,Month-to-month,No,Bank transfer (automatic),53.73,1103.33,No
11729-PGGEM,Male,1,No,Yes,16,Yes,No,DSL,No,No,No,No,Yes,Yes,Month-to-month,No,Credit card (automatic),42.24,662.42,No
11730-EOJHG,Female,1,Yes,No,4,Yes,No,Fiber optic,No,Yes,No,No,No,No,Month-to-month,Yes,Electronic check,87.07,417.55,Yes
11731-NGFGG,Male,0,Yes,Yes,5,Yes,No,Fiber optic,No,Yes,No,Yes,No,No,Two year,Yes,Electronic check,79.88,500.39,No
11732-JNBNJ,Male,0,No,No,16,Yes,No,No,No internet service,No internet service,No internet service,No internet service,No internet service,No internet service,Month-to-month,Yes,Mailed check,19.45,320.63,No
11733-BNJGN,Male,1,Yes,No,7,Yes,Yes,Fiber optic,No,Yes,Yes,No,No,Yes,Month-to-month,Yes,Mailed check,79.53,522.14,No
11734-JGGEA,Male,0,No,No,36,Yes,No,No,No internet service,No internet service,No internet service,No internet service,No internet service,No internet service,Month-to-month,Yes,Credit card (automatic),18.0,588.74,No
11735-NBMIH,Male,0,Yes,No,2,Yes,Yes,DSL,No,Yes,No,No,Yes,No,One year,Yes,Electronic check,52.69,136.75,Yes
11736-HJPAF,Female,0,No,No,49,Yes,Yes,DSL,No,No,No,No,No,No,One year,Yes,Mailed check,70.38,3388.81,No
11737-OOIPO,Female,0,No,Yes,36,Yes,Yes,Fiber optic,No,No,No,No,No,No,Month-to-month,No,Electronic check,94.78,3398.08,No
11738-HCDOC,Female,0,No,No,26,Yes,No,No,No internet service,No internet service,No internet service,No internet service,No internet service,No internet service,One year,Yes,Credit card (automatic),21.99,625.09,No
11739-FNIOH,Male,0,No,No,6,Yes,No,DSL,No,No,No,Yes,Yes,No,Two year,Yes,Electronic check,49.79,327.22,No
11740-OPPOP,Male,1,Yes,No,25,Yes,No,No,No internet service,No internet service,No internet service,No internet service,No internet service,No internet service,Month-to-month,Yes,Mailed check,18.0,414.82,No
11741-MJDOB,Female,0,Yes,No,11,Yes,No,DSL,Yes,No,Yes,No,Yes,No,Two year,Yes,Mailed check,63.18,731.01,No
11742-MHHNL,Female,0,Yes,Yes,20,Yes,Yes,No,No internet service,No internet service,No internet service,No internet service,No internet service,No internet service,Month-to-month,Yes,Electronic check,20.05,366.63,No
11743-KFNHI,Female,1,Yes,No,7,Yes,Yes,Fiber optic,No,Yes,Yes,No,No,No,Two year,Yes,Mailed check,82.57,643.76,Yes
11744-MAIBN,Male,0,Yes,No,36,Yes,No,Fiber optic,Yes,Yes,Yes,Yes,Yes,No,Month-to-month,No,Credit card (automatic),82.21,2923.26,No
11745-PMAPH,Female,0,No,Yes,0,No,No phone service,No,No internet service,No internet service,No internet service,No internet service,No internet service,No internet service,Month-to-month,No,Electronic check,19.68,59.33,Yes
11746-HKDHG,Male,0,Yes,No,23,Yes,No,No,No internet service,No internet service,No internet service,No internet service,No internet service,No internet service,Month-to-month,No,Credit card (automatic),40.67,894.61,No
11747-MBENJ,Female,0,Yes,Yes,35,Yes,Yes,No,No internet service,No internet service,No internet service,No internet service,No internet service,No internet service,Month-to-month,No,Electronic check,18.0,672.88,No
11748-DPCAE,Female,0,No,No,20,No,No phone service,Fiber optic,Yes,Yes,Yes,Yes,No,No,Two year,Yes,Electronic check,83.78,1706.08,No
11749-JHLIG,Male,0,No,No,4,Yes,Yes,No,No internet service,No internet service,No internet service,No internet service,No internet service,No internet service,Month-to-month,No,Bank transfer (automatic),21.81,52.47,Yes
11750-LKAAO,Male,0,Yes,Yes,6,No,No phone service,Fiber optic,Yes,Yes,Yes,Yes,No,No,One year,No,Mailed check,94.07,657.79,Yes
11751-PABAD,Female,0,Yes,No,14,Yes,Yes,No,No internet service,No internet service,No internet service,No internet service,No internet service,No internet service,Two year,No,Mailed check,39.66,486.65,No
11752-JILDM,Female,0,Yes,No,7,Yes,Yes,Fiber optic,No,Yes,Yes,No,No,No,Month-to-month,No,Electronic check,93.81,640.36,Yes
11753-DGNKI,Female,0,Yes,Yes,0,Yes,No,No,No internet service,No internet service,No internet service,No internet service,No internet service,No internet service,Two year,No,Bank transfer (automatic),18.0,0.0,No
11754-GAADD,Male,0,No,No,0,Yes,Yes,Fiber optic,Yes,Yes,No,No,No,Yes,Month-to-month,Yes,Electronic check,90.46,14.73,Yes
11755-AFJBK,Male,0,Yes,No,29,Yes,No,Fiber optic,No,No,No,Yes,No,No,Two year,Yes,Credit card (automatic),93.19,2717.63,No
11756-EHOCP,Female,0,No,Yes,1,Yes,No,Fiber optic,Yes,Yes,No,No,Yes,No,One year,Yes,Mailed check,82.71,31.12,No
11757-IGIAE,Female,0,No,No,52,Yes,Yes,Fiber optic,No,No,No,No,No,Yes,One year,Yes,Mailed check,77.83,4044.29,No
11758-LMCDD,Female,0,No,No,11,No,No phone service,DSL,No,No,No,No,No,Yes,Month-to-month,Yes,Credit card (automatic),58.21,713.97,No
11759-KLGJK,Male,0,Yes,No,28,Yes,No,Fiber optic,No,Yes,No,No,No,No,Two year,Yes,Bank transfer (automatic),88.27,2497.89,No
11760-HKJEM,Female,0,No,Yes,2,Yes,Yes,Fiber optic,No,No,No,Yes,No,No,Month-to-month,No,Bank transfer (automatic),86.92,255.24,No
11761-MLJGC,Female,1,No,No,52,Yes,No,No,No internet service,No internet service,No internet service,No internet service,No internet service,No internet service,One year,No,Credit card (automatic),18.0,955.73,No
11762-CCLDF,Male,0,No,No,0,Yes,No,Fiber optic,No,No,No,Yes,Yes,No,Month-to-month,No,Electronic check,88.3,0.0,No
11763-OEHNN,Female,0,No,No,0,Yes,No,Fiber optic,Yes,No,Yes,No,No,No,Month-to-month,Yes,Bank transfer (automatic),94.38,0.0,Yes
11764-LMEKL,Female,0,No,Yes,1,Yes,No,DSL,Yes,No,Yes,Yes,No,No,Month-to-month,Yes,Electronic check,60.01,61.33,Yes
11765-EPNJB,Male,0,No,No,2,Yes,Yes,No,No internet service,No internet service,No internet service,No internet service,No internet service,No internet service,Two year,No,Electronic check,18.0,0.0,No
11766-LKKEP,Male,1,No,Yes,13,Yes,No,DSL,No,No,No,No,No,Yes,One year,No,Electronic check,58.34,764.39,No
11767-OLGBN,Female,0,No,No,31,No,No phone service,No,No internet service,No internet service,No internet service,No internet service,No internet service,No internet service,One year,Yes,Credit card (automatic),28.42,933.76,No
11768-MFGEI,Male,1,No,Yes,6,Yes,Yes,Fiber optic,Yes,No,No,No,No,No,Two year,No,Bank transfer (automatic),85.65,580.09,No
11769-NDNNM,Male,0,No,Yes,27,Yes,Yes,DSL,No,No,No,No,No,No,One year,Yes,Electronic check,54.95,1480.78,Yes
11770-JOANH,Male,0,No,No,29,Yes,Yes,No,No internet service,No internet service,No internet service,No internet service,No internet service,No internet service,Month-to-month,No,Electronic check,19.87,538.96,Yes
11771-OHGHB,Male,0,No,Yes,47,Yes,No,DSL,No,No,No,No,No,No,One year,Yes,Mailed check,58.05,2773.77,No
11772-CIAPH,Male,0,Yes,No,3,Yes,No,DSL,Yes,Yes,No,No,No,Yes,Two year,No,Mailed check,48.99,178.87,No
11773-HGMNK,Male,1,No,No,2,Yes,Yes,DSL,No,No,Yes,No,Yes,No,Month-to-month,No,Bank transfer (automatic),64.47,127.04,No
11774-PEDJJ,Male,0,No,No,2,Yes,Yes,No,No internet service,No internet service,No internet service,No internet service,No internet service,No internet service,One year,Yes,Mailed check,23.9,20.82,No
11775-MOJNJ,Female,0,No,Yes,8,No,No phone service,Fiber optic,Yes,No,No,No,Yes,No,One year,Yes,Bank transfer (automatic),91.01,634.65,Yes
11776-FLPKA,Male,0,No,No,13,Yes,No,No,No internet service,No internet service,No internet service,No internet service,No internet service,No internet service,Month-to-month,No,Credit card (automatic),18.0,249.88,No
11777-MENDD,Male,0,Yes,No,12,Yes,No,DSL,No,No,No,No,No,No,Two year,Yes,Mailed check,59.76,737.04,No
11778-GIHKM,Male,0,Yes,No,5,Yes,No,DSL,No,Yes,No,No,No,No,Month-to-month,Yes,Credit card (automatic),60.58,416.09,Yes
11779-NLHEF,Male,0,No,No,19,Yes,No,Fiber optic,No,Yes,No,Yes,Yes,No,Month-to-month,Yes,Electronic check,92.43,1737.63,No
11780-BPMKP,Female,0,No,No,8,Yes,Yes,Fiber optic,No,Yes,Yes,No,Yes,Yes,Two year,No,Electronic check,82.79,678.65,No
11781-NCEBC,Female,0,Yes,No,9,Yes,Yes,Fiber optic,No,No,No,No,No,No,One year,Yes,Electronic check,79.76,732.39,No
11782-DFEJD,Male,0,No,Yes,2,Yes,No,Fiber optic,No,Yes,Yes,Yes,No,No,Month-to-month,No,Electronic check,79.67,208.38,No
11783-MPOBL,Female,0,No,No,17,Yes,No,Fiber optic,No,No,No,No,No,No,Month-to-month,Yes,Credit card (automatic),83.53,1462.83,Yes
11784-KEEKG,Female,0,No,No,21,Yes,No,DSL,No,No,Yes,No,No,No,Two year,Yes,Mailed check,59.26,1318.42,No
11785-ADKPE,Female,1,No,Yes,28,Yes,No,Fiber optic,No,No,Yes,No,No,Yes,Month-to-month,Yes,Bank transfer (automatic),86.15,2437.06,Yes
11786-HLOLP,Female,1,Yes,Yes,46,Yes,No,DSL,No,No,No,No,No,Yes,Month-to-month,Yes,Bank transfer (automatic),61.14,2839.88,No
11787-HAEJA,Female,0,No,Yes,29,Yes,No,No,No internet service,No internet service,No internet service,No internet service,No internet service,No internet service,Month-to-month,Yes,Mailed check,23.47,739.64,No
11788-ABBOO,Male,0,No,Yes,5,Yes,No,No,No internet service,No internet service,No internet service,No internet service,No internet service,No internet service,Two year,No,Electronic check,20.58,115.37,No
11789-IDCKA,Male,1,No,Yes,5,Yes,No,No,No internet service,No internet service,No internet service,No internet service,No internet service,No internet service,Two year,No,Mailed check,30.98,155.8,Yes
11790-LBFIE,Male,0,No,Yes,49,Yes,No,DSL,No,No,No,No,Yes,Yes,One year,Yes,Mailed check,48.74,2463.12,No
11791-DMEIL,Female,0,Yes,Yes,31,Yes,Yes,DSL,No,Yes,No,No,No,Yes,One year,No,Credit card (automatic),61.67,1969.01,No
11792-MGHOD,Male,1,No,No,30,Yes,No,Fiber optic,No,No,No,No,No,No,Two year,Yes,Mailed check,95.32,2837.26,Yes
11793-KHFEM,Female,0,No,No,25,Yes,No,Fiber optic,No,No,Yes,No,No,Yes,Two year,No,Credit card (automatic),81.86,2039.33,No
11794-LGFCE,Male,0,No,No,6,Yes,Yes,No,No internet service,No internet service,No internet service,No internet service,No internet service,No internet service,Two year,Yes,Bank transfer (automatic),29.92,184.22,Yes
11795-IGLDG,Male,0,No,No,37,Yes,No,No,No internet service,No internet service,No internet service,No internet service,No internet service,No internet service,Two year,Yes,Electronic check,23.86,921.84,No
11796-EKMOP,Male,0,No,No,3,No,No phone service,DSL,No,No,No,No,No,No,Month-to-month,No,Mailed check,43.75,104.12,No
11797-BMFPG,Male,0,No,No,8,Yes,Yes,No,No internet service,No internet service,No internet service,No internet service,No internet service,No internet service,Month-to-month,Yes,Credit card (automatic),21.97,87.93,No
11798-HFHPG,Female,0,No,No,8,Yes,Yes,DSL,No,No,No,Yes,No,No,Two year,No,Mailed check,60.66,526.15,No
11799-BNFIL,Male,0,No,Yes,16,Yes,No,No,No internet service,No internet service,No internet service,No internet service,No internet service,No internet service,One year,Yes,Electronic check,27.78,432.9,Yes
11800-FDGCE,Male,1,Yes,No,12,Yes,Yes,Fiber optic,Yes,No,Yes,No,No,No,Two year,No,Electronic check,108.47,1242.61,Yes
11801-AOJCH,Female,0,Yes,No,12,Yes,No,Fiber optic,Yes,Yes,No,No,Yes,No,Month-to-month,No,Electronic check,87.22,973.45,No
11802-IIOJB,Female,0,No,No,16,Yes,No,Fiber optic,Yes,No,Yes,No,Yes,No,One year,Yes,Mailed check,85.91,1438.09,No
11803-DEOCM,Male,0,No,Yes,10,Yes,No,No,No internet service,No internet service,No internet service,No internet service,No internet service,No internet service,One year,No,Credit card (automatic),18.09,242.53,No
11804-KAFNO,Male,0,Yes,No,5,Yes,No,Fiber optic,Yes,No,No,No,No,No,Two year,Yes,Mailed check,91.46,477.28,No
11805-JBPIA,Female,0,No,Yes,21,Yes,No,No,No internet service,No internet service,No internet service,No internet service,No internet service,No internet service,Month-to-month,Yes,Bank transfer (automatic),29.56,599.1,No
11806-KIPGK,Female,0,No,No,31,Yes,Yes,DSL,No,No,No,No,Yes,No,Two year,No,Bank transfer (automatic),51.63,1588.43,No
11807-MJBNF,Male,0,No,No,13,Yes,Yes,No,No internet service,No internet service,No internet service,No internet service,No internet service,No internet service,Month-to-month,Yes,Mailed check,19.62,227.55,No
11808-HOBPO,Female,0,Yes,No,20,Yes,No,No,No internet service,No internet service,No internet service,No internet service,No internet service,No internet service,One year,Yes,Electronic check,30.02,566.87,No
11809-EMLKF,Female,0,Yes,Yes,15,Yes,No,Fiber optic,Yes,No,No,No,Yes,No,One year,No,Credit card (automatic),90.77,1348.8,No
11810-CNLBP,Male,0,No,No,1,Yes,Yes,No,No internet service,No internet service,No internet service,No internet service,No internet service,No internet service,Month-to-month,Yes,Electronic check,18.0,0.0,No
11811-OKFCB,Male,0,Yes,Yes,11,Yes,No,DSL,No,No,No,No,Yes,No,One year,No,Electronic check,40.94,398.29,No
11812-OANHA,Male,0,No,Yes,0,Yes,Yes,No,No internet service,No internet service,No internet service,No internet service,No internet service,No internet service,Two year,No,Electronic check,23.69,0.0,Yes
11813-LOEKF,Female,1,No,No,21,Yes,Yes,DSL,Yes,Yes,No,No,Yes,No,Month-to-month,No,Electronic check,46.6,913.6,Yes
11814-PKLLC,Male,1,No,No,14,Yes,Yes,Fiber optic,No,No,No,No,No,No,One year,Yes,Mailed check,88.95,1209.12,Yes
11815-NPGBG,Male,0,No,No,2,Yes,Yes,Fiber optic,No,Yes,No,Yes,No,No,Month-to-month,Yes,Electronic check,95.99,128.0,Yes
11816-BPEGP,Male,1,Yes,No,15,Yes,No,Fiber optic,No,No,No,No,Yes,No,Two year,Yes,Mailed check,92.09,1416.23,No
11817-KKNCN,Female,0,Yes,Yes,45,Yes,No,Fiber optic,No,No,No,No,Yes,Yes,Month-to-month,Yes,Mailed check,87.74,3938.31,No
11818-PKDAP,Male,1,No,No,8,Yes,No,DSL,No,Yes,Yes,No,No,No,Month-to-month,Yes,Mailed check,56.95,479.37,No
11819-CIJEO,Male,0,No,No,72,Yes,Yes,No,No internet service,No internet service,No internet service,No internet service,No internet service,No internet service,Two year,Yes,Electronic check,24.57,1756.31,No
11820-OHBCG,Female,0,Yes,No,64,No,No phone service,DSL,No,Yes,No,No,Yes,No,Month-to-month,Yes,Credit card (automatic),58.61,3723.64,No
11821-NJDIN,Female,0,Yes,No,30,Yes,No,Fiber optic,No,No,No,Yes,No,Yes,Month-to-month,No,Mailed check,93.05,2841.98,No
11822-GNKLA,Male,0,Yes,No,33,Yes,Yes,No,No internet service,No internet service,No internet service,No internet service,No internet service,No internet service,Two year,No,Electronic check,18.0,564.91,No
11823-DJKFF,Male,0,No,No,10,Yes,Yes,No,No internet service,No internet service,No internet service,No internet service,No internet service,No internet service,One year,No,Credit card (automatic),18.0,147.71,No
11824-JFECB,Male,0,Yes,No,10,Yes,No,Fiber optic,No,Yes,No,No,Yes,Yes,One year,No,Electronic check,85.07,878.76,Yes
11825-CICCA,Female,0,Yes,No,61,Yes,No,Fiber optic,No,No,No,No,No,No,One year,Yes,Bank transfer (automatic),79.62,4845.91,No
11826-BKLCB,Male,0,No,No,9,Yes,No,Fiber optic,No,No,Yes,Yes,No,No,Two year,Yes,Bank transfer (automatic),82.78,776.64,No
11827-HFGAF,Male,0,Yes,No,2,Yes,No,Fiber optic,No,No,No,No,No,Yes,Month-to-month,Yes,Electronic check,77.66,136.88,No
11828-BMOFC,Female,0,No,Yes,3,Yes,Yes,Fiber optic,No,No,No,No,No,Yes,Month-to-month,Yes,Credit card (automatic),90.15,184.86,Yes
11829-GCICG,Female,1,Yes,Yes,24,Yes,No,Fiber optic,No,No,Yes,No,Yes,Yes,Month-to-month,Yes,Electronic check,78.25,1854.18,Yes
11830-LDHNB,Male,0,No,No,9,Yes,No,Fiber optic,Yes,Yes,No,No,Yes,No,One year,No,Bank transfer (automatic),82.84,787.04,Yes
11831-HIMHF,Female,0,Yes,Yes,4,Yes,Yes,Fiber optic,No,No,No,No,Yes,No,Month-to-month,Yes,Electronic check,81.12,256.63,Yes
11832-JAGAG,Male,1,Yes,No,33,No,No phone service,Fiber optic,Yes,Yes,No,No,No,Yes,One year,Yes,Mailed check,86.88,2855.79,No
11833-NBHBC,Male,0,No,No,13,Yes,No,Fiber optic,No,Yes,No,No,No,Yes,Month-to-month,No,Credit card (automatic),96.78,1169.14,No
11834-MLCAE,Female,0,Yes,No,16,Yes,No,DSL,No,No,No,No,No,Yes,Two year,No,Bank transfer (automatic),52.52,839.16,No
11835-EJENM,Female,0,No,No,3,No,No phone service,No,No internet service,No internet service,No internet service,No internet service,No internet service,No internet service,One year,Yes,Electronic check,18.0,71.11,No
11836-IFFCE,Female,1,Yes,Yes,4,Yes,No,No,No internet service,No internet service,No internet service,No internet service,No internet service,No internet service,Month-to-month,Yes,Mailed check,18.74,40.43,No
11837-JGCBE,Female,0,Yes,No,2,Yes,Yes,DSL,No,Yes,No,Yes,No,No,Month-to-month,No,Bank transfer (automatic),61.58,147.36,No
11838-CEIKJ,Male,0,No,Yes,14,No,No phone service,No,No internet service,No internet service,No internet service,No internet service,No internet service,No internet service,Two year,Yes,Mailed check,33.27,357.45,No
11839-ADJOP,Female,0,No,No,29,Yes,No,Fiber optic,No,Yes,Yes,No,No,No,Two year,Yes,Credit card (automatic),75.81,2305.6,No
11840-EBLBA,Female,1,Yes,No,26,Yes,Yes,DSL,No,Yes,No,Yes,Yes,No,Two year,No,Credit card (automatic),50.39,1374.08,No
11841-NHBCO,Male,0,No,No,6,No,No phone service,Fiber optic,No,No,No,No,Yes,No,Month-to-month,No,Electronic check,89.15,572.74,Yes
11842-LBDNA,Male,0,No,Yes,38,Yes,No,DSL,Yes,No,No,No,Yes,No,Two year,Yes,Bank transfer (automatic),47.38,1847.48,No
11843-CEJAP,Male,0,Yes,No,2,Yes,Yes,No,No internet service,No internet service,No internet service,No internet service,No internet service,No internet service,One year,Yes,Credit card (automatic),20.58,76.31,No
11844-DFODG,Female,0,No,Yes,2,Yes,No,DSL,No,No,No,Yes,No,Yes,Month-to-month,Yes,Electronic check,46.29,121.8,No
11845-NGFIB,Male,0,Yes,No,37,Yes,No,DSL,No,No,Yes,No,No,No,Month-to-month,Yes,Electronic check,55.08,2102.68,Yes
11846-MJHHK,Female,1,Yes,No,5,No,No phone service,DSL,No,Yes,Yes,No,Yes,No,One year,No,Electronic check,59.47,274.24,Yes
11847-JNNKD,Female,0,Yes,Yes,24,Yes,No,DSL,No,No,No,Yes,Yes,No,Month-to-month,No,Electronic check,65.6,1520.51,No
11848-FKFEN,Female,1,No,No,0,Yes,No,Fiber optic,Yes,Yes,No,Yes,Yes,Yes,Two year,No,Credit card (automatic),74.91,0.0,No
11849-ACGHB,Female,0,Yes,No,1,Yes,Yes,Fiber optic,No,No,No,Yes,No,Yes,One year,No,Mailed check,90.85,105.27,No
11850-CDNKE,Male,0,No,No,18,Yes,No,DSL,No,No,Yes,No,Yes,No,Month-to-month,Yes,Mailed check,66.46,1229.37,No
11851-CEHHN,Male,0,Yes,No,4,Yes,No,Fiber optic,No,No,No,Yes,No,Yes,Two year,No,Electronic check,90.0,399.4,No
11852-BFDIJ,Male,0,Yes,No,0,Yes,Yes,Fiber optic,No,Yes,No,No,Yes,Yes,Month-to-month,No,Electronic check,87.53,0.0,Yes
11853-BHAKF,Male,0,No,No,12,Yes,No,Fiber optic,No,No,No,Yes,Yes,No,Month-to-month,No,Mailed check,83.93,983.62,No
11854-KKNLJ,Male,1,No,No,8,Yes,No,DSL,Yes,No,No,No,Yes,Yes,Two year,No,Bank transfer (automatic),43.08,310.58,No
11855-MABCI,Female,1,Yes,No,32,Yes,No,Fiber optic,No,Yes,No,No,Yes,Yes,One year,Yes,Mailed check,74.56,2393.7,No
11856-EJJLB,Female,0,Yes,No,34,No,No phone service,Fiber optic,No,No,No,Yes,Yes,No,Month-to-month,Yes,Electronic check,91.46,3090.5,No
11857-JEEAC,Female,0,No,No,19,Yes,No,Fiber optic,No,No,No,No,Yes,No,Month-to-month,Yes,Credit card (automatic),83.16,1558.25,No
11858-EIJPA,Female,0,Yes,No,6,Yes,No,Fiber optic,No,No,No,No,No,No,Month-to-month,Yes,Credit card (automatic),92.28,573.43,No
11859-HAIPF,Male,1,No,No,12,Yes,Yes,DSL,No,Yes,No,Yes,No,No,One year,Yes,Mailed check,42.64,523.77,No
11860-AHEGG,Female,0,No,No,24,Yes,No,Fiber optic,No,No,No,No,No,No,One year,Yes,Mailed check,91.88,2229.8,Yes
11861-OGFKH,Female,1,No,No,1,Yes,No,Fiber optic,No,Yes,No,No,Yes,No,One year,No,Electronic check,79.11,91.55,Yes
11862-ILOBG,Female,0,No,No,8,Yes,Yes,Fiber optic,Yes,Yes,No,No,No,No,One year,Yes,Electronic check,86.25,627.05,Yes
11863-OBFBJ,Female,0,No,Yes,34,Yes,No,DSL,No,No,No,No,Yes,Yes,Month-to-month,No,Bank transfer (automatic),53.46,1747.62,No
11864-FBAGC,Female,0,Yes,No,10,Yes,No,Fiber optic,Yes,Yes,Yes,Yes,Yes,Yes,One year,No,Bank transfer (automatic),95.05,988.85,No
11865-NLNMD,Female,0,Yes,No,19,Yes,No,DSL,Yes,No,Yes,No,No,No,Month-to-month,No,Electronic check,60.78,1156.98,No
11866-MPPFE,Male,0,Yes,No,2,Yes,No,Fiber optic,No,No,Yes,No,Yes,No,Month-to-month,No,Electronic check,72.66,204.67,Yes
11867-DIFFB,Male,1,Yes,No,30,Yes,No,DSL,No,Yes,Yes,No,No,Yes,One year,Yes,Mailed check,45.43,1411.7,No
11868-FGHON,Female,0,No,No,2,No,No phone service,Fiber optic,Yes,Yes,No,No,No,No,Month-to-month,Yes,Electronic check,101.44,211.02,Yes
11869-HPIJK,Female,0,Yes,No,39,Yes,No,DSL,No,No,No,No,No,No,Month-to-month,No,Credit card (automatic),58.95,2350.03,No
11870-MLCJO,Female,0,No,No,2,Yes,Yes,No,No internet service,No internet service,No internet service,No internet service,No internet service,No internet service,Month-to-month,Yes,Bank transfer (automatic),22.13,131.88,Yes
11871-GGAHO,Female,0,No,No,44,Yes,No,No,No internet service,No internet service,No internet service,No internet service,No internet service,No internet service,Month-to-month,Yes,Mailed check,18.0,797.9,No
11872-DENFC,Female,0,No,Yes,9,Yes,Yes,No,No internet service,No internet service,No internet service,No internet service,No internet service,No internet service,Month-to-month,Yes,Electronic check,18.0,109.03,No
11873-EJEAC,Male,0,No,No,19,Yes,Yes,No,No internet service,No internet service,No internet service,No internet service,No internet service,No internet service,Month-to-month,Yes,Credit card (automatic),27.47,531.8,No
11874-CAMGA,Male,0,No,No,37,Yes,No,No,No internet service,No internet service,No internet service,No internet service,No internet service,No internet service,Month-to-month,No,Mailed check,22.35,865.3,Yes
11875-GDIGE,Female,0,Yes,No,0,No,No phone service,No,No internet service,No internet service,No internet service,No internet service,No internet service,No internet service,Month-to-month,Yes,Credit card (automatic),18.76,41.02,No
11876-GIJFA,Male,0,No,No,6,Yes,No,DSL,No,No,Yes,No,No,No,Month-to-month,Yes,Electronic check,39.82,212.05,No
11877-FAMLD,Female,0,Yes,Yes,47,Yes,No,Fiber optic,No,Yes,Yes,No,No,Yes,Month-to-month,Yes,Electronic check,87.39,4067.77,Yes
11878-NHPEO,Female,0,No,No,9,Yes,Yes,DSL,No,No,Yes,No,No,No,Two year,No,Bank transfer (automatic),52.08,462.55,No
11879-EPMJK,Male,0,Yes,Yes,24,Yes,No,Fiber optic,No,No,No,No,No,Yes,Month-to-month,No,Mailed check,74.97,1879.49,Yes
11880-HHAMM,Male,0,Yes,No,3,Yes,Yes,Fiber optic,No,No,No,No,No,No,One year,Yes,Electronic check,78.93,231.64,Yes
11881-ELEHA,Male,0,No,No,22,Yes,No,No,No internet service,No internet service,No internet service,No internet service,No internet service,No internet service,Month-to-month,Yes,Electronic check,21.76,490.63,No
11882-GGMIB,Male,1,No,Yes,1,Yes,No,No,No internet service,No internet service,No internet service,No internet service,No internet service,No internet service,Month-to-month,Yes,Electronic check,33.13,63.44,No
11883-OPCDA,Female,0,No,No,25,No,No phone service,DSL,No,Yes,No,No,Yes,Yes,Month-to-month,Yes,Bank transfer (automatic),38.87,996.39,No
11884-OGNJC,Male,0,Yes,No,7,Yes,No,Fiber optic,Yes,No,Yes,No,No,No,Month-to-month,No,Electronic check,87.96,649.14,No
11885-CCHIJ,Male,0,Yes,No,12,Yes,No,Fiber optic,Yes,No,No,No,No,Yes,Month-to-month,Yes,Bank transfer (automatic),86.73,1037.77,No
11886-MNBJO,Male,0,Yes,No,3,No,No phone service,Fiber optic,No,No,Yes,No,No,Yes,Month-to-month,No,Mailed check,97.59,286.9,Yes
11887-JANIF,Female,0,No,No,19,Yes,Yes,Fiber optic,No,No,Yes,No,No,No,Month-to-month,Yes,Bank transfer (automatic),100.29,1879.42,Yes
11888-NOIFB,Female,1,No,No,8,Yes,No,No,No internet service,No internet service,No internet service,No internet service,No internet service,No internet service,Two year,Yes,Electronic check,19.7,176.37,Yes
11889-ANHCA,Female,0,Yes,No,9,Yes,Yes,No,No internet service,No internet service,No internet service,No internet service,No internet service,No internet service,Month-to-month,No,Electronic check,21.15,288.42,No
11890-OPHLA,Male,0,No,No,21,Yes,No,DSL,No,Yes,Yes,No,No,Yes,Month-to-month,Yes,Mailed check,55.92,1225.35,No
11891-HAINI,Male,0,Yes,No,3,Yes,No,Fiber optic,Yes,Yes,Yes,No,No,No,Two year,No,Electronic check,62.0,141.85,No
11892-LMICD,Male,0,No,Yes,38,Yes,No,Fiber optic,No,No,Yes,No,Yes,No,Month-to-month,Yes,Mailed check,86.61,3315.57,No
11893-EFIMK,Female,0,Yes,No,26,No,No phone service,Fiber optic,Yes,No,No,Yes,No,Yes,Month-to-month,No,Mailed check,99.49,2569.4,No
11894-LDNNF,Male,0,No,No,17,Yes,Yes,Fiber optic,Yes,No,No,No,No,No,Month-to-month,No,Credit card (automatic),71.81,1207.28,No
11895-MABHD,Male,0,No,No,2,Yes,No,No,No internet service,No internet service,No internet service,No internet service,No internet service,No internet service,Month-to-month,No,Bank transfer (automatic),31.28,80.88,No
11896-JGDPN,Female,0,Yes,Yes,23,Yes,No,DSL,No,Yes,No,Yes,No,Yes,Month-to-month,Yes,Electronic check,56.24,1275.44,No
11897-PIIDM,Male,0,Yes,Yes,0,Yes,Yes,Fiber optic,No,No,No,Yes,No,Yes,Two year,No,Mailed check,79.97,0.0,No
11898-OHFAO,Male,0,Yes,No,32,Yes,Yes,No,No internet service,No internet service,No internet service,No internet service,No internet service,No internet service,Two year,Yes,Credit card (automatic),18.0,529.88,No
11899-GACHO,Male,0,Yes,Yes,7,Yes,No,Fiber optic,No,No,No,No,Yes,Yes,Month-to-month,No,Credit card (automatic),92.53,646.2,No
11900-ICAAG,Male,1,Yes,No,2,Yes,Yes,Fiber optic,No,No,Yes,Yes,Yes,No,Month-to-month,Yes,Credit card (automatic),96.78,197.01,No
11901-EMNPA,Female,0,Yes,No,3,Yes,Yes,DSL,No,No,No,No,Yes,Yes,Month-to-month,Yes,Credit card (automatic),66.88,233.77,No
11902-PFNFN,Female,1,Yes,No,66,Yes,No,DSL,Yes,Yes,Yes,No,No,No,Month-to-month,No,Electronic check,65.75,4252.08,No
11903-DGGLI,Female,0,Yes,Yes,29,Yes,Yes,Fiber optic,No,Yes,No,No,Yes,No,Two year,No,Electronic check,78.48,2289.7,Yes
11904-LAEOJ,Male,0,Yes,No,5,Yes,No,Fiber optic,Yes,Yes,No,No,No,Yes,Month-to-month,No,Bank transfer (automatic),77.97,340.02,Yes
11905-CGDDM,Male,0,Yes,No,66,Yes,Yes,Fiber optic,No,No,No,No,Yes,Yes,Month-to-month,Yes,Bank transfer (automatic),86.58,5605.03,No
11906-LAAJB,Female,0,Yes,Yes,3,Yes,No,No,No internet service,No internet service,No internet service,No internet service,No internet service,No internet service,Month-to-month,Yes,Electronic check,28.38,139.64,No
11907-OBAHF,Male,0,No,No,26,No,No phone service,DSL,No,No,No,No,No,No,Two year,Yes,Electronic check,54.33,1432.58,No
11908-FJJIE,Female,0,No,No,21,Yes,Yes,DSL,No,No,No,No,Yes,Yes,Month-to-month,Yes,Credit card (automatic),50.65,1155.79,Yes
11909-ODOKF,Female,0,No,No,34,No,No phone service,DSL,No,No,Yes,Yes,No,Yes,Two year,Yes,Credit card (automatic),58.22,2003.7,No
11910-HNAGH,Male,0,Yes,Yes,9,Yes,No,Fiber optic,No,No,No,No,Yes,No,One year,No,Electronic check,75.91,719.88,Yes
11911-IKHGP,Female,0,Yes,Yes,10,Yes,No,No,No internet service,No internet service,No internet service,No internet service,No internet service,No internet service,Month-to-month,Yes,Electronic check,18.0,92.29,No
11912-CBOCD,Female,0,Yes,No,19,Yes,No,No,No internet service,No internet service,No internet service,No internet service,No internet service,No internet service,Month-to-month,Yes,Credit card (automatic),23.43,483.75,No
11913-DFLGL,Female,0,No,No,10,Yes,No,Fiber optic,Yes,No,No,No,No,No,Month-to-month,No,Mailed check,98.42,980.18,Yes
11914-DPJFI,Female,0,No,No,0,Yes,Yes,DSL,No,Yes,No,Yes,No,Yes,Month-to-month,No,Credit card (automatic),69.15,0.0,No
11915-NFNCA,Female,0,Yes,Yes,26,Yes,No,Fiber optic,No,Yes,No,No,Yes,No,One year,No,Mailed check,90.28,2365.01,Yes
11916-KJJME,Female,0,No,No,20,Yes,Yes,No,No internet service,No internet service,No internet service,No internet service,No internet service,No internet service,One year,No,Bank transfer (automatic),18.0,372.37,No
11917-PJJCH,Male,0,No,No,11,Yes,Yes,Fiber optic,No,No,Yes,No,Yes,No,Month-to-month,Yes,Mailed check,92.81,1002.17,No
11918-JOAKB,Female,0,No,No,7,Yes,No,DSL,Yes,No,Yes,No,No,No,Month-to-month,Yes,Credit card (automatic),56.09,443.03,No
11919-CCLHE,Female,0,Yes,No,7,Yes,No,Fiber optic,Yes,No,No,Yes,Yes,No,Two year,Yes,Electronic check,91.03,626.18,No
11920-HKPNO,Male,0,Yes,No,27,Yes,No,DSL,No,Yes,No,No,No,Yes,Two year,Yes,Mailed check,49.25,1428.91,No
11921-OKFOL,Male,0,Yes,Yes,26,Yes,Yes,Fiber optic,No,Yes,No,Yes,No,No,Two year,No,Mailed check,88.81,2301.7,No
11922-BKDPI,Female,0,Yes,No,34,Yes,No,No,No internet service,No internet service,No internet service,No internet service,No internet service,No internet service,One year,No,Bank transfer (automatic),29.94,1022.95,Yes
11923-PDEEJ,Male,0,No,Yes,28,Yes,No,DSL,Yes,No,No,No,No,No,Month-to-month,No,Electronic check,50.01,1412.87,Yes
11924-HFJGF,Male,0,Yes,No,28,Yes,Yes,Fiber optic,No,Yes,Yes,No,Yes,No,Month-to-month,Yes,Bank transfer (automatic),94.93,2632.94,Yes
11925-NNNEP,Female,0,No,No,5,Yes,Yes,DSL,No,Yes,Yes,No,No,Yes,Month-to-month,Yes,Electronic check,47.84,287.37,No
11926-OECGM,Male,0,Yes,No,2,Yes,Yes,No,No internet service,No internet service,No internet service,No internet service,No internet service,No internet service,One year,Yes,Credit card (automatic),31.5,106.95,No
11927-JEGOB,Female,0,Yes,No,28,No,No phone service,DSL,No,No,No,No,Yes,Yes,Month-to-month,Yes,Electronic check,54.66,1442.36,No
11928-IHOEB,Female,0,Yes,Yes,2,Yes,Yes,Fiber optic,No,No,No,Yes,Yes,No,One year,No,Credit card (automatic),78.01,85.12,No
11929-FHGPH,Female,1,Yes,Yes,72,Yes,No,DSL,No,No,Yes,No,No,No,Two year,Yes,Bank transfer (automatic),61.8,4347.36,No
11930-DPNCP,Female,0,No,No,41,Yes,No,No,No internet service,No internet service,No internet service,No internet service,No internet service,No internet service,Month-to-month,No,Mailed check,18.0,692.75,No
11931-GBNEM,Male,0,No,No,15,Yes,No,DSL,No,No,No,No,No,No,Two year,Yes,Electronic check,46.92,637.73,No
11932-GADOB,Female,0,No,No,8,Yes,No,Fiber optic,No,No,No,No,Yes,No,Month-to-month,No,Credit card (automatic),78.58,617.33,Yes
11933-FLAGC,Male,0,No,No,14,Yes,Yes,DSL,No,Yes,No,Yes,No,No,Month-to-month,Yes,Electronic check,44.59,650.67,No
11934-LAOHG,Male,1,Yes,No,26,Yes,No,No,No internet service,No internet service,No internet service,No internet service,No internet service,No internet service,Two year,Yes,Bank transfer (automatic),19.37,633.77,No
11935-BGCOM,Female,1,No,Yes,28,Yes,No,Fiber optic,No,Yes,No,No,Yes,No,Two year,No,Electronic check,79.06,2162.43,No
11936-IHEGC,Female,0,Yes,Yes,1,Yes,Yes,DSL,No,Yes,No,No,No,No,Two year,Yes,Credit card (automatic),45.42,72.14,No
11937-AAOKB,Male,1,No,Yes,32,Yes,No,Fiber optic,Yes,Yes,No,No,No,No,Two year,No,Bank transfer (automatic),95.55,3137.79,No
11938-HAPKL,Female,0,No,No,20,Yes,No,No,No internet service,No internet service,No internet service,No internet service,No internet service,No internet service,Two year,Yes,Credit card (automatic),29.02,550.5,No
11939-EILIB,Female,0,Yes,No,0,Yes,No,Fiber optic,No,No,No,No,Yes,Yes,Month-to-month,No,Credit card (automatic),94.84,131.11,No
11940-GKACF,Female,1,Yes,No,7,Yes,Yes,Fiber optic,No,No,No,No,Yes,Yes,One year,No,Mailed check,85.13,643.84,No
11941-IJBGO,Male,0,No,No,14,Yes,No,Fiber optic,Yes,No,No,No,Yes,Yes,Month-to-month,No,Electronic check,77.07,1038.23,Yes
11942-DBCFP,Male,1,Yes,No,4,Yes,Yes,Fiber optic,No,Yes,Yes,No,No,No,Month-to-month,Yes,Electronic check,76.29,288.23,No
11943-JIPHJ,Male,0,Yes,No,3,Yes,Yes,Fiber optic,Yes,No,Yes,Yes,Yes,No,One year,Yes,Electronic check,90.09,328.82,No
11944-NKIDL,Male,0,Yes,No,0,Yes,Yes,DSL,No,No,Yes,No,No,No,One year,Yes,Electronic check,73.62,0.0,No
11945-DOIHL,Female,1,No,No,48,Yes,No,No,No internet service,No internet service,No internet service,No internet service,No internet service,No internet service,Month-to-month,Yes,Mailed check,32.48,1497.02,No
11946-OBHAI,Female,0,Yes,No,1,Yes,Yes,DSL,No,Yes,No,No,Yes,No,Month-to-month,Yes,Credit card (automatic),59.94,37.72,No
11947-IMOHK,Male,0,No,No,9,Yes,Yes,Fiber optic,No,No,No,No,No,Yes,Two year,Yes,Electronic check,88.64,754.64,Yes
11948-EEMCE,Male,0,No,Yes,4,Yes,No,DSL,No,Yes,No,Yes,Yes,No,Month-to-month,Yes,Electronic check,52.86,297.16,No
11949-DAPPI,Male,0,No,No,27,No,No phone service,No,No internet service,No internet service,No internet service,No internet service,No internet service,No internet service,Two year,Yes,Bank transfer (automatic),26.62,702.1,No
11950-OJNDC,Male,1,Yes,No,24,Yes,No,No,No internet service,No internet service,No internet service,No internet service,No internet service,No internet service,Two year,No,Credit card (automatic),18.0,393.45,No
11951-FAEPO,Male,0,No,No,32,Yes,Yes,No,No internet service,No internet service,No internet service,No internet service,No internet service,No internet service,One year,Yes,Electronic check,18.0,498.58,No
11952-GBJIL,Female,0,Yes,Yes,19,Yes,Yes,DSL,No,No,No,No,Yes,Yes,Month-to-month,No,Mailed check,48.96,855.47,Yes
11953-OFBHH,Male,0,No,Yes,17,No,No phone service,Fiber optic,No,No,No,No,No,No,Month-to-month,Yes,Mailed check,83.53,1335.02,Yes
11954-ALAAL,Male,1,No,Yes,10,Yes,Yes,DSL,No,No,No,Yes,Yes,No,Month-to-month,Yes,Electronic check,44.53,541.86,No
11955-DDPHA,Female,0,No,Yes,20,Yes,No,No,No internet service,No internet service,No internet service,No internet service,No internet service,No internet service,One year,Yes,Bank transfer (automatic),28.24,600.56,No
11956-JCKAI,Female,0,No,No,2,Yes,Yes,Fiber optic,No,Yes,Yes,No,No,No,Month-to-month,No,Bank transfer (automatic),78.32,226.51,Yes
11957-JLIGP,Female,0,No,Yes,23,Yes,Yes,Fiber optic,No,Yes,No,Yes,No,No,Two year,Yes,Credit card (automatic),92.61,2209.8,No
11958-MLOHA,Male,0,Yes,No,2,Yes,No,Fiber optic,Yes,No,No,No,No,No,One year,Yes,Credit card (automatic),90.64,188.68,Yes
11959-EONBP,Female,0,No,No,39,Yes,No,Fiber optic,No,No,No,No,No,No,Month-to-month,Yes,Credit card (automatic),84.97,3297.23,Yes
11960-MACGA,Male,0,Yes,No,14,Yes,Yes,Fiber optic,No,No,No,No,No,No,Two year,No,Mailed check,88.12,1303.44,No
11961-KBBDO,Male,0,Yes,Yes,15,Yes,Yes,Fiber optic,Yes,No,No,Yes,No,Yes,Month-to-month,Yes,Electronic check,90.88,1426.67,No
11962-LCCJE,Female,0,Yes,No,17,Yes,No,Fiber optic,No,Yes,Yes,No,No,Yes,Month-to-month,Yes,Electronic check,83.79,1437.64,Yes
11963-CKGED,Male,0,No,Yes,29,Yes,No,Fiber optic,No,Yes,No,No,No,Yes,Month-to-month,No,Bank transfer (automatic),99.08,2808.12,Yes
11964-LCOLD,Male,1,Yes,Yes,13,Yes,Yes,Fiber optic,Yes,No,No,Yes,No,No,Month-to-month,Yes,Credit card (automatic),73.86,971.62,No
11965-NOLBA,Female,0,No,No,11,Yes,No,No,No internet service,No internet service,No internet service,No internet service,No internet service,No internet service,Two year,Yes,Mailed check,18.0,178.41,No
11966-CPKBP,Female,0,No,No,6,Yes,Yes,DSL,No,Yes,No,No,No,No,One year,Yes,Credit card (automatic),54.96,221.85,No
11967-AABMM,Female,0,No,Yes,2,Yes,No,DSL,No,Yes,No,No,No,No,One year,Yes,Electronic check,72.4,135.54,Yes
11968-IMMEI,Female,1,No,No,4,Yes,No,Fiber optic,No,No,No,No,No,No,One year,Yes,Electronic check,78.08,251.29,No
11969-HMPKF,Female,0,Yes,Yes,0,Yes,Yes,Fiber optic,No,No,No,Yes,Yes,Yes,One year,Yes,Credit card (automatic),98.85,0.0,Yes
11970-AJELA,Female,0,No,No,40,Yes,Yes,DSL,Yes,No,Yes,No,No,Yes,One year,No,Credit card (automatic),49.75,1972.15,No
11971-GJNKH,Female,0,No,No,28,Yes,No,DSL,No,No,No,Yes,Yes,No,Two year,Yes,Mailed check,62.7,1745.57,No
11972-HGBED,Female,1,No,No,4,Yes,Yes,Fiber optic,Yes,No,Yes,No,No,No,Month-to-month,No,Electronic check,83.24,322.57,No
11973-EJIOD,Female,0,Yes,Yes,0,Yes,Yes,Fiber optic,No,No,No,Yes,Yes,No,Two year,Yes,Electronic check,75.36,23.03,Yes
11974-POOLH,Female,0,Yes,No,13,Yes,No,Fiber optic,Yes,Yes,No,No,No,Yes,Two year,No,Electronic check,95.17,1263.02,No
11975-HBNFE,Male,0,No,No,10,Yes,No,No,No internet service,No internet service,No internet service,No internet service,No internet service,No internet service,Month-to-month,Yes,Mailed check,18.18,185.69,No
11976-BLJDG,Male,0,Yes,Yes,29,Yes,No,Fiber optic,Yes,No,No,No,Yes,No,Month-to-month,No,Electronic check,78.51,2270.53,No
11977-MAOPI,Male,0,Yes,No,10,Yes,Yes,No,No internet service,No internet service,No internet service,No internet service,No internet service,No internet service,Two year,No,Mailed check,18.0,248.26,No
11978-JLAOL,Female,0,Yes,No,39,Yes,No,DSL,No,Yes,No,Yes,No,No,Two year,Yes,Mailed check,44.83,1699.45,No
11979-EGHBD,Male,0,Yes,No,2,Yes,No,DSL,No,No,No,No,Yes,No,Month-to-month,No,Mailed check,50.81,20.98,Yes
11980-BDOFF,Male,0,Yes,No,9,Yes,No,DSL,No,No,No,No,No,No,Month-to-month,Yes,Bank transfer (automatic),55.12,508.23,No
11981-LMBPK,Male,0,No,Yes,54,Yes,No,No,No internet service,No internet service,No internet service,No internet service,No internet service,No internet service,Month-to-month,Yes,Bank transfer (automatic),23.0,1163.05,No
11982-DDNAO,Male,1,No,No,0,Yes,No,Fiber optic,No,No,No,No,Yes,Yes,Month-to-month,No,Mailed check,93.99,0.0,Yes
11983-NBNCM,Male,0,Yes,No,9,Yes,No,DSL,No,No,No,No,No,No,Month-to-month,Yes,Electronic check,58.65,568.58,Yes
11984-OKEKH,Female,0,Yes,Yes,6,Yes,No,Fiber optic,No,No,Yes,No,Yes,Yes,Month-to-month,No,Mailed check,61.64,353.09,Yes
11985-OFCFG,Female,0,No,No,15,Yes,No,DSL,No,Yes,Yes,Yes,Yes,Yes,Month-to-month,Yes,Electronic check,60.51,894.83,No
11986-FJFAC,Female,0,Yes,No,6,Yes,Yes,Fiber optic,No,No,No,No,No,No,Month-to-month,No,Electronic check,75.95,520.89,No
11987-GDLDG,Male,0,No,No,40,No,No phone service,DSL,Yes,No,Yes,Yes,No,Yes,Two year,No,Electronic check,57.28,2275.31,No
11988-INKMM,Male,0,Yes,No,55,Yes,No,DSL,No,No,Yes,Yes,No,Yes,Month-to-month,Yes,Electronic check,58.97,3227.85,No
11989-OBICF,Female,0,No,No,37,Yes,Yes,DSL,No,No,No,No,No,Yes,One year,Yes,Bank transfer (automatic),64.1,2367.82,No
11990-DAIKO,Female,0,No,Yes,10,Yes,No,DSL,No,No,No,No,No,No,One year,Yes,Credit card (automatic),61.86,728.05,No
11991-FPHOO,Female,0,No,Yes,72,Yes,Yes,Fiber optic,No,Yes,Yes,No,No,No,Two year,No,Credit card (automatic),80.52,5757.45,No
11992-BGFBP,Male,0,No,No,26,Yes,No,Fiber optic,Yes,No,No,No,Yes,Yes,Month-to-month,Yes,Credit card (automatic),97.17,2529.65,No
11993-BDDPC,Female,0,Yes,No,8,Yes,No,DSL,No,No,No,No,No,No,Month-to-month,Yes,Bank transfer (automatic),50.66,330.74,No
11994-HNGBC,Female,0,Yes,No,1,Yes,No,Fiber optic,No,No,No,Yes,No,No,Two year,Yes,Credit card (automatic),78.19,8.62,Yes
11995-JIMEB,Female,0,No,No,21,Yes,Yes,DSL,No,No,Yes,No,No,Yes,Two year,Yes,Bank transfer (automatic),62.67,1361.39,No
11996-CHDNB,Female,0,No,No,26,No,No phone service,Fiber optic,Yes,No,No,No,Yes,Yes,One year,Yes,Mailed check,89.05,2274.36,No
11997-BFHGD,Female,0,Yes,No,2,Yes,Yes,DSL,Yes,No,Yes,Yes,No,No,Month-to-month,No,Bank transfer (automatic),54.12,124.65,No
11998-BIDIE,Male,0,No,Yes,15,Yes,Yes,DSL,No,No,No,No,No,No,Month-to-month,Yes,Electronic check,61.62,903.46,Yes
11999-NLOLK,Male,0,No,No,72,Yes,No,DSL,Yes,No,No,Yes,No,No,Month-to-month,Yes,Electronic check,53.04,3946.31,No
12000-KNGLP,Female,0,No,No,7,Yes,Yes,Fiber optic,No,No,No,Yes,Yes,No,Month-to-month,Yes,Mailed check,86.35,647.35,Yes
12001-EOBFP,Male,0,Yes,No,7,Yes,Yes,No,No internet service,No internet service,No internet service,No internet service,No internet service,No internet service,Month-to-month,Yes,Mailed check,31.01,221.6,No
12002-GNOKM,Female,0,No,Yes,46,Yes,No,DSL,Yes,Yes,Yes,No,Yes,No,Month-to-month,Yes,Bank transfer (automatic),57.63,2670.97,No
12003-FMNCJ,Female,0,Yes,No,2,Yes,Yes,DSL,Yes,Yes,Yes,No,No,No,Month-to-month,Yes,Credit card (automatic),50.4,35.0,No
12004-HCNEI,Male,0,No,No,54,Yes,Yes,DSL,No,No,No,No,No,No,One year,Yes,Credit card (automatic),52.12,2827.95,No
12005-KEOGK,Male,0,Yes,Yes,30,Yes,No,Fiber optic,No,No,No,Yes,Yes,No,One year,No,Mailed check,100.16,2984.59,No
12006-NGEPB,Male,0,No,No,9,No,No phone service,DSL,Yes,No,No,No,No,Yes,Month-to-month,Yes,Credit card (automatic),50.18,524.04,No
12007-EGGDA,Male,0,Yes,No,1,Yes,Yes,DSL,No,No,No,No,No,No,Two year,No,Credit card (automatic),54.74,52.89,No
12008-FMONC,Female,0,Yes,No,0,Yes,No,No,No internet service,No internet service,No internet service,No internet service,No internet service,No internet service,One year,Yes,Electronic check,18.0,0.0,No
12009-KEDOM,Male,0,Yes,No,9,No,No phone service,DSL,No,Yes,Yes,No,No,Yes,Month-to-month,No,Bank transfer (automatic),39.61,432.06,Yes
12010-BLOGN,Female,0,Yes,Yes,24,Yes,No,Fiber optic,No,No,Yes,No,Yes,No,Month-to-month,Yes,Mailed check,81.17,1916.27,No
12011-EONGI,Female,0,No,No,13,Yes,No,DSL,No,No,Yes,No,Yes,Yes,Month-to-month,Yes,Electronic check,50.83,606.17,Yes
12012-DEIMJ,Female,0,Yes,Yes,26,Yes,No,DSL,No,No,No,Yes,No,Yes,One year,No,Mailed check,55.56,1455.81,No
12013-KPNMD,Female,0,No,No,22,Yes,No,No,No internet service,No internet service,No internet service,No internet service,No internet service,No internet service,Month-to-month,Yes,Bank transfer (automatic),18.0,379.88,No
12014-EMEHO,Female,1,No,Yes,17,Yes,Yes,Fiber optic,No,No,No,Yes,No,Yes,Month-to-month,No,Electronic check,84.84,1427.51,Yes
12015-MODDM,Male,0,No,No,68,Yes,Yes,DSL,No,No,No,No,No,No,Month-to-month,No,Credit card (automatic),48.61,3243.55,No
12016-GKEFF,Female,0,Yes,Yes,26,Yes,Yes,DSL,No,No,No,No,No,Yes,One year,Yes,Bank transfer (automatic),56.91,1433.32,No
12017-LPFNJ,Male,0,Yes,Yes,49,Yes,No,Fiber optic,No,Yes,Yes,No,No,Yes,Month-to-month,Yes,Electronic check,67.14,3272.47,No
12018-EMMEI,Female,0,Yes,No,5,Yes,Yes,DSL,No,No,No,Yes,Yes,No,Month-to-month,No,Bank transfer (automatic),64.98,242.66,No
12019-MHODG,Male,0,No,No,25,Yes,No,No,No internet service,No internet service,No internet service,No internet service,No internet service,No internet service,Month-to-month,Yes,Mailed check,21.58,513.54,No
12020-HLIEC,Male,0,Yes,No,18,Yes,No,Fiber optic,No,Yes,No,Yes,Yes,No,Month-to-month,Yes,Mailed check,93.69,1732.26,Yes
12021-OMDOJ,Female,1,No,Yes,51,Yes,Yes,No,No internet service,No internet service,No internet service,No internet service,No internet service,No internet service,Month-to-month,No,Credit card (automatic),18.0,902.54,No
12022-FJKEI,Female,0,Yes,No,14,Yes,No,Fiber optic,No,No,No,Yes,Yes,No,Month-to-month,Yes,Electronic check,86.91,1124.64,Yes
12023-MKKNC,Male,0,No,No,6,Yes,No,Fiber optic,No,No,No,Yes,Yes,Yes,Month-to-month,Yes,Mailed check,74.59,494.18,No
12024-BFMGE,Female,0,Yes,No,9,No,No phone service,DSL,Yes,Yes,No,No,No,Yes,Month-to-month,Yes,Bank transfer (automatic),47.96,352.92,No
12025-ACCLN,Female,0,Yes,No,4,Yes,No,No,No internet service,No internet service,No internet service,No internet service,No internet service,No internet service,Month-to-month,Yes,Bank transfer (automatic),18.0,100.43,No
12026-DNJFE,Male,0,No,Yes,4,Yes,No,DSL,No,Yes,Yes,No,Yes,Yes,Month-to-month,Yes,Electronic check,48.3,212.69,No
12027-AOFNN,Male,0,No,Yes,12,Yes,No,Fiber optic,No,No,Yes,No,No,No,Month-to-month,No,Bank transfer (automatic),76.22,840.47,No
12028-IKAHP,Female,0,No,No,44,Yes,No,Fiber optic,Yes,No,Yes,No,Yes,No,Month-to-month,Yes,Credit card (automatic),97.74,4277.98,Yes
12029-HCPOM,Female,1,Yes,No,4,Yes,No,Fiber optic,No,No,No,No,No,No,Month-to-month,No,Bank transfer (automatic),73.33,346.5,No
12030-IKMMK,Female,0,No,No,6,Yes,Yes,Fiber optic,No,Yes,No,Yes,Yes,No,Month-to-month,No,Credit card (automatic),79.61,453.59,Yes
12031-HCJEC,Female,0,No,No,38,Yes,No,Fiber optic,No,No,Yes,No,No,No,Month-to-month,Yes,Mailed check,85.68,3179.58,No
12032-EPIOL,Male,0,Yes,No,8,Yes,No,DSL,No,No,No,No,Yes,No,Two year,No,Mailed check,67.36,589.61,No
12033-PDFCC,Male,0,Yes,No,65,Yes,Yes,Fiber optic,No,No,No,Yes,Yes,Yes,Two year,Yes,Electronic check,86.21,5582.35,No
12034-PEHNH,Female,0,No,No,6,No,No phone service,Fiber optic,No,No,No,Yes,Yes,No,Month-to-month,Yes,Bank transfer (automatic),94.93,640.72,Yes
12035-CHMKM,Male,0,No,No,11,Yes,Yes,DSL,No,No,No,Yes,No,No,Month-to-month,Yes,Credit card (automatic),65.41,711.76,No
12036-HCJOM,Male,0,No,Yes,2,Yes,No,Fiber optic,Yes,No,No,No,Yes,No,Two year,Yes,Credit card (automatic),85.31,162.51,Yes
12037-OJBJB,Male,1,No,Yes,72,Yes,Yes,No,No internet service,No internet service,No internet service,No internet service,No internet service,No internet service,Month-to-month,Yes,Electronic check,18.0,1300.65,No
12038-IGPFP,Male,0,Yes,No,44,Yes,Yes,No,No internet service,No internet service,No internet service,No internet service,No internet service,No internet service,Two year,No,Bank transfer (automatic),26.94,1191.74,No
12039-PGHLA,Male,0,No,No,34,Yes,Yes,DSL,No,Yes,No,No,No,No,Two year,Yes,Credit card (automatic),48.88,1594.9,No
12040-HCPCF,Male,0,No,Yes,3,No,No phone service,No,No internet service,No internet service,No internet service,No internet service,No internet service,No internet service,Two year,No,Electronic check,21.12,0.0,Yes
12041-DDDJI,Male,0,No,Yes,69,Yes,No,No,No internet service,No internet service,No internet service,No internet service,No internet service,No internet service,Month-to-month,Yes,Bank transfer (automatic),18.0,1183.89,No
12042-HCAAA,Female,0,No,No,52,Yes,No,DSL,No,No,No,Yes,Yes,No,Month-to-month,Yes,Credit card (automatic),55.29,2961.24,No
12043-DNFDK,Female,0,No,No,11,Yes,No,Fiber optic,No,No,No,No,Yes,No,Month-to-month,No,Credit card (automatic),76.02,762.22,No
12044-KCHNH,Male,0,Yes,No,22,Yes,Yes,No,No internet service,No internet service,No internet service,No internet service,No internet service,No internet service,One year,No,Electronic check,20.07,407.47,No
12045-FILJA,Male,0,Yes,No,72,Yes,No,Fiber optic,No,No,Yes,No,Yes,Yes,Month-to-month,No,Electronic check,80.61,5807.98,No
12046-MHFAD,Male,0,Yes,No,10,Yes,No,Fiber optic,No,No,No,Yes,No,Yes,Month-to-month,No,Bank transfer (automatic),74.76,705.07,Yes
12047-EGHIL,Male,0,No,No,2,Yes,Yes,Fiber optic,Yes,No,No,No,Yes,No,Month-to-month,No,Credit card (automatic),95.27,224.14,Yes
12048-LFJID,Male,0,Yes,Yes,40,Yes,No,DSL,No,No,No,Yes,Yes,No,One year,Yes,Mailed check,54.16,2160.51,No
12049-HCDJD,Female,0,No,No,12,Yes,No,DSL,No,No,No,No,No,Yes,Month-to-month,Yes,Mailed check,60.23,713.75,Yes
12050-FOIFA,Male,0,Yes,Yes,72,No,No phone service,No,No internet service,No internet service,No internet service,No internet service,No internet service,No internet service,One year,No,Credit card (automatic),27.49,2028.01,No
12051-EIEFC,Female,0,Yes,No,16,Yes,No,DSL,No,No,No,No,Yes,Yes,One year,Yes,Mailed check,50.29,707.67,No
12052-HJKPM,Female,0,No,No,0,Yes,Yes,No,No internet service,No internet service,No internet service,No internet service,No internet service,No internet service,Month-to-month,No,Bank transfer (automatic),24.84,0.0,No
12053-DDKLE,Male,0,No,Yes,13,Yes,No,DSL,No,No,No,Yes,No,No,Month-to-month,No,Mailed check,50.29,709.3,No
12054-NJOIM,Male,0,Yes,Yes,25,Yes,Yes,Fiber optic,Yes,No,No,Yes,No,Yes,Two year,Yes,Mailed check,81.64,1990.72,No
12055-HGEII,Male,0,No,Yes,0,Yes,No,Fiber optic,No,Yes,Yes,No,No,Yes,Month-to-month,Yes,Electronic check,90.26,0.0,Yes
12056-JJBDH,Female,0,Yes,No,10,Yes,Yes,Fiber optic,No,No,No,No,No,No,Two year,Yes,Electronic check,80.38,846.8,Yes
12057-PMNAM,Female,0,Yes,Yes,3,Yes,Yes,No,No internet service,No internet service,No internet service,No internet service,No internet service,No internet service,Two year,No,Credit card (automatic),35.14,46.75,No
12058-OEHBB,Female,0,Yes,No,20,Yes,No,No,No internet service,No internet service,No internet service,No internet service,No internet service,No internet service,One year,Yes,Electronic check,35.54,695.31,No
12059-MPPHJ,Male,0,No,No,63,Yes,No,Fiber optic,No,No,No,Yes,No,No,One year,Yes,Electronic check,97.32,6105.12,Yes
12060-PLIGH,Male,0,Yes,No,19,Yes,Yes,Fiber optic,No,Yes,Yes,No,No,No,Month-to-month,Yes,Bank transfer (automatic),88.26,1713.73,Yes
12061-EADOB,Male,0,No,No,23,Yes,No,Fiber optic,No,No,No,No,Yes,No,Two year,Yes,Mailed check,82.26,1929.58,No
12062-CLCIM,Male,0,No,No,10,Yes,Yes,DSL,No,No,Yes,No,No,No,Month-to-month,No,Mailed check,55.1,566.06,Yes
12063-OJODB,Male,1,Yes,No,16,Yes,Yes,DSL,Yes,Yes,No,No,Yes,No,One year,No,Mailed check,57.82,985.2,No
12064-CCNGH,Male,0,Yes,Yes,15,Yes,No,Fiber optic,No,No,No,Yes,Yes,Yes,Month-to-month,Yes,Electronic check,88.07,1269.85,Yes
12065-MPKMF,Female,0,Yes,Yes,28,No,No phone service,DSL,No,Yes,Yes,Yes,No,Yes,Two year,No,Electronic check,50.16,1377.74,No
12066-DFMKA,Female,1,No,No,38,Yes,No,DSL,No,No,No,No,No,No,Two year,Yes,Electronic check,70.87,2802.59,Yes
12067-MJHAO,Male,0,No,No,21,Yes,Yes,DSL,Yes,No,Yes,Yes,No,Yes,One year,No,Credit card (automatic),52.34,1131.53,No
12068-EBPOF,Male,0,No,Yes,72,Yes,No,Fiber optic,No,Yes,No,No,Yes,No,Month-to-month,No,Mailed check,73.81,5357.12,No
12069-IEDNB,Female,1,Yes,No,35,Yes,No,DSL,No,Yes,Yes,No,No,No,Month-to-month,Yes,Mailed check,54.92,1966.4,Yes
12070-LCFHN,Female,0,Yes,No,2,No,No phone service,DSL,Yes,Yes,No,Yes,Yes,No,Month-to-month,Yes,Mailed check,44.91,159.13,No
12071-HEEJN,Female,0,Yes,No,14,Yes,No,Fiber optic,Yes,No,Yes,Yes,No,No,Two year,Yes,Bank transfer (automatic),84.44,1235.43,No
12072-MCPOG,Male,0,Yes,No,46,Yes,No,DSL,No,No,No,Yes,No,No,One year,Yes,Mailed check,53.89,2454.92,No
12073-OMFOA,Female,0,Yes,No,57,Yes,Yes,DSL,No,No,No,No,No,No,Month-to-month,Yes,Credit card (automatic),61.68,3448.47,No
12074-DFPKF,Female,0,No,No,9,Yes,Yes,Fiber optic,Yes,Yes,No,No,Yes,Yes,Two year,No,Electronic check,93.38,894.54,No
12075-KNOLL,Female,0,No,No,25,Yes,No,Fiber optic,No,No,Yes,No,No,Yes,Month-to-month,Yes,Mailed check,79.64,2075.9,No
12076-CFLJF,Female,0,No,No,10,Yes,Yes,No,No internet service,No internet service,No internet service,No internet service,No internet service,No internet service,Two year,No,Credit card (automatic),18.0,233.55,No
12077-LIIBD,Female,0,Yes,No,2,Yes,No,DSL,Yes,No,Yes,No,No,Yes,Month-to-month,Yes,Electronic check,56.18,143.02,No
12078-IONMD,Male,0,Yes,No,43,Yes,No,Fiber optic,No,No,No,No,Yes,No,Month-to-month,Yes,Bank transfer (automatic),82.42,3625.25,No
12079-HJLCC,Male,0,Yes,Yes,53,Yes,No,DSL,No,No,No,No,No,Yes,One year,No,Mailed check,50.68,2707.16,No
12080-IPKJH,Female,0,Yes,Yes,14,Yes,Yes,DSL,No,No,No,Yes,No,Yes,Two year,Yes,Mailed check,52.73,677.9,No
12081-AJNBC,Male,0,No,No,0,Yes,No,Fiber optic,Yes,No,Yes,No,No,No,Month-to-month,Yes,Electronic check,97.39,36.89,Yes
12082-NKBCH,Male,0,Yes,No,33,Yes,No,Fiber optic,No,Yes,Yes,Yes,Yes,No,Month-to-month,Yes,Electronic check,74.52,2482.27,Yes
12083-KKLNP,Female,0,No,Yes,12,Yes,No,Fiber optic,No,Yes,No,Yes,No,No,Two year,Yes,Electronic check,79.92,948.31,Yes
12084-FONGJ,Male,0,No,Yes,1,Yes,No,Fiber optic,No,Yes,Yes,No,No,No,Two year,Yes,Credit card (automatic),77.0,83.12,No
12085-OOMJF,Male,0,Yes,Yes,4,Yes,Yes,No,No internet service,No internet service,No internet service,No internet service,No internet service,No internet service,Two year,No,Credit card (automatic),25.99,190.73,No
12086-AKCMA,Female,0,No,No,3,No,No phone service,DSL,No,Yes,No,No,No,No,Month-to-month,Yes,Electronic check,58.48,213.27,No
12087-LOPJL,Female,0,No,No,23,Yes,Yes,DSL,No,No,No,No,No,No,One year,No,Electronic check,53.01,1263.08,No
12088-IMIED,Male,0,Yes,No,7,No,No phone service,Fiber optic,Yes,Yes,Yes,Yes,No,No,Two year,No,Mailed check,87.46,581.24,No
12089-LPIIO,Male,0,No,No,2,Yes,No,DSL,No,No,No,No,Yes,Yes,Month-to-month,Yes,Mailed check,42.66,2.48,Yes
12090-CECJB,Male,0,Yes,No,49,Yes,No,No,No internet service,No internet service,No internet service,No internet service,No internet service,No internet service,Month-to-month,Yes,Bank transfer (automatic),26.44,1337.18,No
12091-ALJBH,Female,0,No,No,62,Yes,Yes,No,No internet service,No internet service,No internet service,No internet service,No internet service,No internet service,One year,No,Bank transfer (automatic),18.0,1058.82,No
12092-KHCGP,Male,0,Yes,No,2,Yes,Yes,DSL,No,No,No,No,Yes,No,Month-to-month,No,Credit card (automatic),49.3,147.89,Yes
12093-GBICB,Male,0,Yes,No,5,No,No phone service,Fiber optic,No,No,Yes,Yes,No,Yes,Month-to-month,Yes,Electronic check,90.23,372.73,Yes
12094-LCBOH,Female,0,Yes,No,17,Yes,No,Fiber optic,No,Yes,No,No,No,No,Month-to-month,Yes,Electronic check,64.56,1128.74,No
12095-ECEKK,Male,0,No,No,3,Yes,No,Fiber optic,No,No,No,No,Yes,No,One year,No,Credit card (automatic),83.14,313.11,No
12096-HGFNM,Female,0,Yes,No,3,Yes,No,DSL,No,No,No,Yes,No,Yes,Month-to-month,Yes,Mailed check,56.4,212.51,No
12097-AJAAN,Male,1,Yes,No,8,Yes,Yes,DSL,Yes,No,Yes,No,No,No,Two year,Yes,Credit card (automatic),55.17,436.09,No
12098-JNHHN,Female,0,Yes,No,59,Yes,Yes,Fiber optic,No,Yes,No,No,No,Yes,Month-to-month,No,Mailed check,89.97,5374.1,No
12099-GFDAO,Male,0,Yes,No,65,Yes,No,Fiber optic,No,Yes,Yes,No,Yes,No,Month-to-month,Yes,Mailed check,87.68,5679.15,No
12100-OIOAD,Male,0,No,No,36,Yes,Yes,No,No internet service,No internet service,No internet service,No internet service,No internet service,No internet service,Two year,No,Bank transfer (automatic),19.85,693.92,No
12101-CGEED,Female,0,No,No,23,Yes,Yes,Fiber optic,No,No,No,Yes,No,No,One year,No,Electronic check,69.65,1669.44,No
12102-AEDNJ,Female,0,No,No,25,Yes,No,Fiber optic,No,No,No,No,Yes,No,Month-to-month,No,Electronic check,76.95,1865.17,Yes
12103-MHBHA,Female,1,No,No,12,No,No phone service,No,No internet service,No internet service,No internet service,No internet service,No internet service,No internet service,Two year,No,Credit card (automatic),18.0,185.12,No
12104-MDCEM,Female,1,No,No,15,No,No phone service,Fiber optic,No,No,No,No,No,Yes,One year,Yes,Electronic check,71.34,1047.8,No
12105-EEPLD,Female,1,No,Yes,20,Yes,No,DSL,No,Yes,No,No,No,No,One year,Yes,Electronic check,40.92,839.98,No
12106-HCLDA,Female,1,No,Yes,26,Yes,No,Fiber optic,Yes,Yes,No,No,Yes,Yes,Two year,Yes,Mailed check,95.49,2523.47,No
12107-GAOBK,Female,0,Yes,No,2,Yes,No,DSL,No,Yes,Yes,No,Yes,Yes,Month-to-month,No,Bank transfer (automatic),60.71,74.14,No
12108-GAKCM,Male,1,No,No,5,Yes,Yes,No,No internet service,No internet service,No internet service,No internet service,No internet service,No internet service,Month-to-month,Yes,Electronic check,18.0,79.88,No
12109-FFFKM,Male,0,No,No,65,Yes,No,Fiber optic,No,No,No,No,Yes,Yes,Two year,Yes,Mailed check,88.67,5779.26,No
12110-BBFJE,Male,1,No,No,8,Yes,No,DSL,Yes,No,Yes,Yes,Yes,No,Month-to-month,No,Mailed check,44.2,376.42,No
12111-NGGEH,Male,0,No,No,6,No,No phone service,DSL,No,No,No,No,No,No,Two year,Yes,Credit card (automatic),59.57,484.89,No
12112-JFOED,Male,0,Yes,No,10,Yes,No,Fiber optic,No,Yes,Yes,No,No,No,Month-to-month,Yes,Credit card (automatic),84.73,932.47,No
12113-GDEEA,Male,0,No,No,6,Yes,No,Fiber optic,No,Yes,No,Yes,No,Yes,Month-to-month,No,Credit card (automatic),97.38,562.79,No
12114-OACON,Male,0,No,No,1,Yes,No,Fiber optic,No,No,No,No,Yes,No,Month-to-month,Yes,Credit card (automatic),92.03,77.94,Yes
12115-KCBLB,Female,0,Yes,Yes,4,Yes,No,Fiber optic,Yes,No,Yes,No,No,Yes,One year,Yes,Bank transfer (automatic),82.32,356.89,Yes
12116-FMAFE,Male,0,Yes,No,20,No,No phone service,DSL,No,No,No,Yes,Yes,No,Month-to-month,No,Credit card (automatic),69.48,1442.05,No
12117-FEGAM,Female,0,Yes,No,5,Yes,No,DSL,No,No,No,No,Yes,No,Month-to-month,Yes,Electronic check,61.1,325.3,Yes
12118-CFAMK,Male,0,No,No,20,Yes,No,Fiber optic,No,No,No,No,No,No,Two year,Yes,Mailed check,92.15,1857.49,No
12119-KGDCJ,Female,0,No,No,2,Yes,No,DSL,Yes,Yes,No,Yes,Yes,No,Two year,Yes,Bank transfer (automatic),53.74,155.04,No
12120-IAHAM,Male,0,No,No,0,Yes,Yes,No,No internet service,No internet service,No internet service,No internet service,No internet service,No internet service,Month-to-month,No,Credit card (automatic),33.77,21.1,No
12121-NEJHF,Male,0,Yes,No,39,Yes,Yes,DSL,No,Yes,Yes,No,Yes,No,Month-to-month,Yes,Bank transfer (automatic),54.25,2084.49,No
12122-GKHMF,Male,0,No,Yes,28,Yes,No,Fiber optic,Yes,No,No,Yes,No,Yes,Month-to-month,Yes,Electronic check,83.11,2338.31,No
12123-KFKFE,Male,1,Yes,No,21,Yes,Yes,DSL,No,Yes,No,Yes,No,No,Two year,Yes,Credit card (automatic),64.36,1383.89,Yes
12124-HMBGO,Female,0,Yes,Yes,0,Yes,No,DSL,No,Yes,No,No,Yes,Yes,One year,Yes,Bank transfer (automatic),54.77,43.94,No
12125-DAMEC,Male,0,Yes,No,5,Yes,Yes,No,No internet service,No internet service,No internet service,No internet service,No internet service,No internet service,Two year,Yes,Bank transfer (automatic),18.18,99.86,No
12126-DGENO,Female,0,No,No,33,No,No phone service,Fiber optic,No,No,No,No,Yes,Yes,Two year,Yes,Bank transfer (automatic),95.53,3201.48,No
12127-DAFKJ,Male,1,Yes,No,3,No,No phone service,DSL,No,Yes,Yes,No,Yes,No,One year,No,Bank transfer (automatic),53.01,155.2,No
12128-FPGPA,Male,0,Yes,No,33,Yes,Yes,DSL,Yes,No,No,Yes,No,Yes,Month-to-month,Yes,Electronic check,69.07,2211.25,No
12129-NDLIO,Male,0,Yes,Yes,17,Yes,Yes,DSL,Yes,No,No,No,Yes,Yes,Month-to-month,Yes,Electronic check,53.98,912.18,No
12130-LNJFB,Male,0,Yes,Yes,26,Yes,No,Fiber optic,No,No,Yes,Yes,Yes,No,Two year,Yes,Credit card (automatic),82.31,2023.82,No
12131-DFDOJ,Female,0,No,No,20,Yes,Yes,Fiber optic,No,No,Yes,No,Yes,Yes,One year,No,Electronic check,88.26,1788.04,No
12132-GLMCF,Female,1,No,No,10,Yes,Yes,DSL,Yes,No,Yes,No,No,No,Two year,Yes,Bank transfer (automatic),60.46,559.05,No
12133-MOPLD,Female,0,No,Yes,6,Yes,No,DSL,No,No,No,No,Yes,No,Two year,Yes,Mailed check,48.6,204.84,No
12134-CLCNB,Male,0,No,Yes,22,Yes,No,Fiber optic,No,Yes,No,No,No,No,Month-to-month,No,Credit card (automatic),74.03,1560.33,Yes
12135-KCMLN,Male,0,No,No,32,Yes,No,Fiber optic,No,Yes,No,Yes,Yes,No,Month-to-month,Yes,Mailed check,77.22,2492.37,Yes
12136-JAOCI,Male,0,No,No,0,Yes,No,DSL,No,No,No,No,No,No,One year,Yes,Bank transfer (automatic),58.09,0.0,No
12137-DOCPH,Male,0,Yes,Yes,9,Yes,No,Fiber optic,No,No,No,Yes,Yes,No,Month-to-month,Yes,Electronic check,85.75,741.09,No
12138-AEAGE,Female,0,No,No,8,Yes,Yes,No,No internet service,No internet service,No internet service,No internet service,No internet service,No internet service,Month-to-month,Yes,Electronic check,24.62,208.65,No
12139-OBLPN,Female,0,Yes,No,16,Yes,Yes,Fiber optic,No,Yes,Yes,No,No,No,Month-to-month,No,Bank transfer (automatic),78.17,1203.66,No
12140-AKOGL,Female,0,No,No,2,Yes,No,DSL,No,No,No,No,No,No,Two year,Yes,Electronic check,64.26,141.82,No
12141-ACKOF,Male,0,No,No,54,Yes,Yes,Fiber optic,Yes,Yes,No,No,No,Yes,Two year,No,Bank transfer (automatic),91.15,4976.24,No
12142-OFOGK,Female,0,Yes,No,15,Yes,Yes,No,No internet service,No internet service,No internet service,No internet service,No internet service,No internet service,Month-to-month,No,Mailed check,32.28,472.11,No
12143-NKAGB,Male,0,Yes,No,51,Yes,No,Fiber optic,Yes,Yes,No,Yes,No,No,One year,Yes,Credit card (automatic),86.69,4427.28,No
12144-FMHME,Female,0,Yes,Yes,33,Yes,No,Fiber optic,No,No,Yes,No,No,No,One year,No,Electronic check,85.02,2895.57,No
12145-JCKHH,Female,0,Yes,Yes,4,Yes,Yes,DSL,No,No,Yes,Yes,No,No,Two year,Yes,Mailed check,54.88,235.73,No
12146-DHEMK,Female,0,No,Yes,2,Yes,No,No,No internet service,No internet service,No internet service,No internet service,No internet service,No internet service,One year,No,Bank transfer (automatic),22.5,61.65,No
12147-ECOGK,Female,0,No,No,39,Yes,No,Fiber optic,No,No,No,No,No,Yes,Month-to-month,Yes,Electronic check,77.23,3121.95,No
12148-NKIIA,Male,1,No,No,15,Yes,Yes,DSL,No,Yes,Yes,No,No,No,Month-to-month,Yes,Bank transfer (automatic),51.98,784.75,No
12149-AJLLK,Male,0,No,No,0,Yes,No,Fiber optic,No,No,No,No,No,No,Month-to-month,Yes,Mailed check,97.71,4.79,No
12150-OEADL,Female,0,Yes,No,54,Yes,No,DSL,No,Yes,No,No,No,No,Two year,Yes,Electronic check,55.84,3060.04,No
12151-AOBBP,Female,1,Yes,No,12,Yes,No,Fiber optic,Yes,Yes,No,No,No,No,Month-to-month,No,Mailed check,85.31,1006.52,Yes
12152-DHBNI,Male,0,No,No,7,Yes,No,Fiber optic,No,Yes,Yes,No,No,No,Two year,Yes,Electronic check,84.42,538.6,No
12153-OLIBA,Female,0,No,No,14,Yes,Yes,Fiber optic,Yes,No,Yes,No,Yes,No,Month-to-month,No,Credit card (automatic),86.31,1070.33,No
12154-JOJIO,Female,0,No,Yes,34,Yes,Yes,Fiber optic,No,No,No,Yes,Yes,Yes,One year,No,Mailed check,89.54,3139.53,No
12155-BHNCA,Female,0,Yes,No,2,Yes,Yes,Fiber optic,No,No,No,Yes,No,Yes,Two year,Yes,Electronic check,75.75,113.13,No
12156-KAJBG,Male,1,No,No,8,Yes,No,DSL,No,No,No,No,No,No,Two year,Yes,Electronic check,47.66,368.45,No
12157-LFPLK,Male,0,No,Yes,7,Yes,No,Fiber optic,Yes,Yes,No,Yes,No,No,Month-to-month,Yes,Bank transfer (automatic),84.67,507.51,No
12158-BDBAL,Female,0,No,Yes,36,Yes,No,DSL,Yes,No,No,Yes,No,Yes,Month-to-month,No,Bank transfer (automatic),52.49,1916.44,No
12159-CODJE,Female,0,No,Yes,30,Yes,Yes,DSL,No,Yes,No,No,No,No,Month-to-month,Yes,Electronic check,49.99,1563.11,No
12160-EOGNO,Male,0,No,No,10,Yes,Yes,No,No internet service,No internet service,No internet service,No internet service,No internet service,No internet service,Two year,Yes,Electronic check,18.04,269.39,No
12161-JHILG,Male,0,Yes,Yes,21,Yes,No,DSL,No,Yes,Yes,No,No,Yes,Two year,Yes,Credit card (automatic),49.56,1101.52,No
12162-EIHJI,Male,0,No,No,10,Yes,No,Fiber optic,No,Yes,Yes,No,Yes,Yes,Month-to-month,No,Electronic check,80.15,804.14,Yes
12163-JPHFD,Male,0,Yes,No,16,Yes,No,No,No internet service,No internet service,No internet service,No internet service,No internet service,No internet service,Month-to-month,Yes,Electronic check,18.0,366.62,No
12164-IPLIJ,Male,0,Yes,No,72,Yes,No,Fiber optic,No,No,No,No,No,No,Month-to-month,No,Electronic check,91.02,6534.9,Yes
12165-PJINJ,Male,0,No,No,15,Yes,No,Fiber optic,No,No,No,Yes,Yes,No,Month-to-month,Yes,Mailed check,85.14,1304.37,No
12166-CKLOC,Male,0,No,No,72,Yes,No,DSL,No,Yes,No,No,Yes,No,Month-to-month,No,Bank transfer (automatic),63.87,4594.3,No
12167-KFFOM,Male,0,Yes,No,27,Yes,Yes,DSL,No,No,No,No,No,No,Two year,No,Mailed check,52.79,1450.15,No
12168-OMFEN,Female,0,Yes,No,2,Yes,No,Fiber optic,No,No,No,Yes,No,No,Two year,Yes,Electronic check,100.44,164.91,Yes
12169-EBNGL,Female,0,No,No,31,Yes,No,Fiber optic,Yes,No,No,No,No,Yes,Month-to-month,Yes,Mailed check,92.36,2737.8,Yes
12170-DNCHD,Male,0,Yes,No,3,Yes,No,DSL,No,No,No,Yes,Yes,Yes,Month-to-month,No,Electronic check,47.26,221.18,No
12171-OKDHA,Female,0,Yes,No,15,Yes,No,Fiber optic,No,No,Yes,No,Yes,No,Month-to-month,No,Bank transfer (automatic),81.01,1132.15,No
12172-INPGO,Male,1,Yes,Yes,18,Yes,No,No,No internet service,No internet service,No internet service,No internet service,No internet service,No internet service,Month-to-month,No,Mailed check,31.7,614.83,No
12173-LBKPL,Female,0,No,No,44,No,No phone service,DSL,Yes,No,No,No,Yes,No,Two year,No,Credit card (automatic),51.08,2389.61,No
12174-FHKEF,Male,0,Yes,Yes,4,Yes,No,DSL,Yes,No,Yes,No,No,No,Month-to-month,No,Bank transfer (automatic),74.28,259.04,No
12175-LJHMF,Male,0,No,Yes,41,Yes,Yes,DSL,No,No,No,No,No,No,Month-to-month,Yes,Bank transfer (automatic),64.35,2666.62,No
12176-LIOLI,Female,0,Yes,Yes,54,Yes,No,Fiber optic,Yes,No,No,No,Yes,No,Month-to-month,No,Mailed check,85.73,4631.9,No
12177-IFLOL,Female,0,No,Yes,1,Yes,No,No,No internet service,No internet service,No internet service,No internet service,No internet service,No internet service,Month-to-month,Yes,Electronic check,22.01,22.17,Yes
12178-ICEBL,Female,1,Yes,No,43,Yes,Yes,DSL,No,Yes,No,No,Yes,No,Month-to-month,Yes,Bank transfer (automatic),65.3,2824.23,No
12179-MMHKM,Female,0,No,No,5,Yes,No,No,No internet service,No internet service,No internet service,No internet service,No internet service,No internet service,Two year,Yes,Electronic check,36.96,262.53,No
12180-DFFPE,Female,0,No,No,1,Yes,No,Fiber optic,No,No,No,No,No,No,Two year,No,Bank transfer (automatic),89.28,55.13,No
12181-LLAKG,Male,0,Yes,Yes,63,Yes,Yes,Fiber optic,No,Yes,Yes,No,Yes,No,Month-to-month,No,Electronic check,85.35,5463.31,No
12182-JOHAJ,Male,0,No,No,9,No,No phone service,DSL,No,Yes,No,No,No,No,One year,Yes,Mailed check,53.18,485.45,No
12183-GDFIO,Male,1,No,Yes,19,Yes,No,Fiber optic,Yes,No,No,No,No,No,One year,No,Bank transfer (automatic),84.39,1569.93,No
12184-PEHPP,Female,0,Yes,No,16,Yes,Yes,No,No internet service,No internet service,No internet service,No internet service,No internet service,No internet service,One year,No,Bank transfer (automatic),21.17,224.65,No
12185-EBDNB,Male,1,No,No,4,Yes,No,No,No internet service,No internet service,No internet service,No internet service,No internet service,No internet service,One year,Yes,Bank transfer (automatic),18.43,85.44,No
12186-GGNOC,Male,1,No,Yes,22,No,No phone service,Fiber optic,No,Yes,No,No,No,No,Two year,Yes,Bank transfer (automatic),84.02,1817.13,No
12187-NMGOA,Female,0,Yes,No,0,Yes,No,Fiber optic,No,Yes,No,No,No,No,Month-to-month,Yes,Electronic check,84.16,0.0,Yes
12188-AIFMN,Male,0,Yes,No,4,Yes,Yes,DSL,Yes,No,No,No,No,Yes,Month-to-month,Yes,Credit card (automatic),44.72,200.72,No
12189-PLEMP,Female,0,No,No,57,Yes,No,No,No internet service,No internet service,No internet service,No internet service,No internet service,No internet service,Two year,No,Electronic check,18.0,987.26,No
12190-FFAEI,Female,1,No,No,61,Yes,No,Fiber optic,Yes,Yes,No,No,Yes,No,Two year,Yes,Electronic check,96.83,5913.63,Yes
12191-DCANO,Male,0,No,No,13,Yes,No,Fiber optic,Yes,No,Yes,No,No,No,Month-to-month,Yes,Electronic check,85.95,1109.33,Yes
12192-BCDGF,Male,0,No,No,3,No,No phone service,No,No internet service,No internet service,No internet service,No internet service,No internet service,No internet service,One year,Yes,Bank transfer (automatic),18.0,125.65,No
12193-KHNIO,Female,0,Yes,No,10,Yes,No,DSL,Yes,Yes,Yes,No,Yes,No,Month-to-month,Yes,Electronic check,56.31,576.47,No
12194-FGDBI,Female,0,Yes,No,41,Yes,Yes,DSL,No,No,Yes,No,Yes,No,Two year,Yes,Electronic check,59.91,2472.07,No
12195-IODLC,Male,1,No,No,1,Yes,No,No,No internet service,No internet service,No internet service,No internet service,No internet service,No internet service,One year,Yes,Mailed check,26.09,2.88,No
12196-JNKFN,Male,0,No,No,2,Yes,No,Fiber optic,No,No,No,No,Yes,Yes,Month-to-month,No,Bank transfer (automatic),88.24,180.76,No
12197-NCADA,Male,0,Yes,No,45,Yes,No,Fiber optic,No,No,No,No,No,No,One year,Yes,Bank transfer (automatic),96.88,4431.91,No
12198-BCHJD,Male,0,No,No,10,Yes,No,Fiber optic,No,No,Yes,Yes,No,No,Month-to-month,Yes,Mailed check,75.32,778.63,Yes
12199-DMJPI,Male,0,No,No,1,Yes,No,DSL,No,No,No,No,Yes,No,Month-to-month,No,Credit card (automatic),52.65,116.85,No
12200-GPBCD,Female,0,No,No,2,Yes,No,Fiber optic,Yes,No,No,Yes,Yes,No,Two year,No,Credit card (automatic),78.55,221.49,No
12201-DJHJN,Female,0,Yes,No,42,No,No phone service,Fiber optic,No,Yes,Yes,No,Yes,Yes,Month-to-month,No,Electronic check,75.9,3196.43,Yes
12202-JFPCK,Male,0,Yes,Yes,13,Yes,Yes,DSL,Yes,Yes,No,No,No,No,Month-to-month,No,Bank transfer (automatic),64.08,911.51,No
12203-IJPHI,Male,0,No,No,3,Yes,Yes,Fiber optic,No,Yes,No,No,No,Yes,One year,No,Mailed check,90.0,232.87,No
12204-OPECD,Male,0,No,No,44,Yes,Yes,Fiber optic,No,No,No,No,Yes,Yes,Two year,No,Electronic check,88.61,3934.25,No
12205-NMLEI,Male,0,Yes,No,37,Yes,Yes,No,No internet service,No internet service,No internet service,No internet service,No internet service,No internet service,Month-to-month,No,Electronic check,26.75,1076.0,No
12206-INCGP,Male,0,No,No,0,Yes,No,DSL,No,No,Yes,Yes,No,Yes,One year,No,Credit card (automatic),51.06,0.0,No
12207-FODPE,Female,1,Yes,No,17,No,No phone service,Fiber optic,No,No,No,No,No,Yes,Month-to-month,No,Mailed check,70.49,1222.7,Yes
12208-NOJBK,Female,0,Yes,No,5,Yes,No,No,No internet service,No internet service,No internet service,No internet service,No internet service,No internet service,Two year,Yes,Bank transfer (automatic),18.0,59.27,No
12209-GNDBK,Male,0,Yes,Yes,15,Yes,Yes,DSL,No,No,No,Yes,No,No,Month-to-month,Yes,Electronic check,33.96,588.22,No
12210-FKLBP,Male,1,Yes,Yes,6,No,No phone service,No,No internet service,No internet service,No internet service,No internet service,No internet service,No internet service,One year,No,Credit card (automatic),23.64,171.08,No
12211-JBGAG,Male,0,No,Yes,7,Yes,No,DSL,No,Yes,Yes,Yes,Yes,Yes,One year,Yes,Bank transfer (automatic),54.01,424.33,Yes
12212-JEAPF,Female,1,No,Yes,18,Yes,No,No,No internet service,No internet service,No internet service,No internet service,No internet service,No internet service,Month-to-month,No,Credit card (automatic),18.0,290.9,Yes
12213-GAIOG,Female,1,Yes,No,15,Yes,Yes,Fiber optic,Yes,No,No,No,No,No,Month-to-month,Yes,Electronic check,72.21,1071.39,No
12214-ACPED,Female,0,No,No,10,Yes,Yes,No,No internet service,No internet service,No internet service,No internet service,No internet service,No internet service,Month-to-month,Yes,Bank transfer (automatic),18.0,67.92,No
12215-BPOAD,Male,0,No,Yes,2,Yes,Yes,DSL,No,Yes,Yes,No,Yes,No,Two year,No,Bank transfer (automatic),60.88,52.88,No
12216-GKDIP,Male,0,Yes,No,69,No,No phone service,Fiber optic,No,No,Yes,Yes,Yes,No,Month-to-month,Yes,Electronic check,72.63,5040.71,No
12217-NHHEL,Female,0,No,No,3,Yes,Yes,Fiber optic,No,Yes,No,No,Yes,No,Two year,No,Mailed check,89.48,290.06,Yes
12218-OAOIB,Female,1,No,Yes,20,Yes,Yes,Fiber optic,No,No,No,No,No,No,Month-to-month,Yes,Electronic check,85.88,1649.96,Yes
12219-FJPNE,Male,1,No,No,1,No,No phone service,DSL,No,Yes,Yes,No,No,No,Month-to-month,No,Credit card (automatic),54.27,61.11,No
12220-JMOHK,Female,0,No,No,23,Yes,No,DSL,No,No,Yes,No,No,No,Two year,No,Mailed check,53.57,1235.11,No
12221-CFFJC,Female,0,Yes,Yes,1,Yes,No,DSL,No,Yes,Yes,No,No,No,One year,Yes,Electronic check,46.38,144.11,No
12222-LLOLG,Female,0,Yes,Yes,5,Yes,No,DSL,No,No,Yes,No,No,Yes,Two year,Yes,Bank transfer (automatic),54.6,345.34,No
12223-KDEIF,Male,0,No,No,20,Yes,Yes,Fiber optic,No,No,No,Yes,Yes,No,Two year,No,Bank transfer (automatic),83.23,1733.77,No
12224-PJOMD,Male,0,No,No,6,Yes,No,DSL,No,No,Yes,No,No,No,Two year,No,Mailed check,56.89,320.48,Yes
12225-HPIJE,Female,1,Yes,No,15,Yes,No,Fiber optic,No,No,No,No,No,No,Month-to-month,Yes,Credit card (automatic),79.98,1159.85,Yes
12226-BOOFK,Female,0,Yes,No,2,Yes,Yes,Fiber optic,No,Yes,No,Yes,Yes,Yes,Month-to-month,Yes,Credit card (automatic),78.91,188.15,No
12227-OLHME,Male,0,No,No,4,Yes,No,DSL,No,No,Yes,Yes,No,No,Month-to-month,No,Mailed check,57.76,181.72,No
12228-AHIAH,Male,0,Yes,No,26,No,No phone service,DSL,No,No,No,No,Yes,No,Two year,No,Bank transfer (automatic),50.19,1289.31,No
12229-JLBDM,Female,0,Yes,No,0,Yes,Yes,DSL,No,Yes,No,No,No,No,Month-to-month,No,Bank transfer (automatic),60.18,36.31,No
12230-OOBBJ,Female,0,Yes,No,2,Yes,Yes,Fiber optic,No,Yes,Yes,No,Yes,No,One year,No,Electronic check,79.76,174.63,No
12231-CNHDG,Female,0,Yes,No,4,Yes,No,Fiber optic,No,No,Yes,No,Yes,No,Two year,Yes,Credit card (automatic),82.3,250.36,No
12232-LJCJL,Male,0,Yes,Yes,0,Yes,Yes,Fiber optic,No,No,No,No,No,No,One year,Yes,Credit card (automatic),84.94,23.88,No
12233-NONPM,Female,0,No,No,2,Yes,Yes,No,No internet service,No internet service,No internet service,No internet service,No internet service,No internet service,Month-to-month,No,Bank transfer (automatic),30.11,16.71,No
12234-KNCBM,Female,0,Yes,No,6,Yes,No,DSL,No,Yes,No,No,No,No,Month-to-month,Yes,Electronic check,53.13,278.16,No
12235-LFFAG,Female,0,No,No,1,No,No phone service,Fiber optic,Yes,Yes,No,Yes,Yes,No,Month-to-month,Yes,Electronic check,93.88,42.8,Yes
12236-LNNDM,Female,0,No,No,40,Yes,Yes,Fiber optic,No,No,No,Yes,No,No,Month-to-month,Yes,Electronic check,78.17,3094.89,Yes
12237-KLCMM,Female,1,No,Yes,1,Yes,No,DSL,No,Yes,Yes,No,No,No,Month-to-month,Yes,Electronic check,36.88,0.0,Yes
12238-HBIMH,Male,0,No,Yes,39,No,No phone service,No,No internet service,No internet service,No internet service,No internet service,No internet service,No internet service,Month-to-month,No,Credit card (automatic),18.0,720.86,No
12239-PHMCM,Female,0,No,No,34,Yes,No,No,No internet service,No internet service,No internet service,No internet service,No internet service,No internet service,Two year,Yes,Credit card (automatic),18.0,534.98,No
12240-DBBDF,Female,0,Yes,No,2,Yes,No,Fiber optic,Yes,Yes,Yes,No,Yes,Yes,Two year,No,Electronic check,73.48,169.01,No
12241-EOAPM,Male,0,Yes,No,0,Yes,No,Fiber optic,No,No,No,Yes,Yes,No,Two year,No,Bank transfer (automatic),62.71,35.92,Yes
12242-JAOFC,Male,0,Yes,Yes,1,Yes,Yes,No,No internet service,No internet service,No internet service,No internet service,No internet service,No internet service,Month-to-month,No,Electronic check,19.7,36.75,Yes
12243-CGMMA,Female,0,Yes,No,17,Yes,Yes,Fiber optic,No,No,Yes,No,Yes,No,Two year,Yes,Electronic check,94.32,1612.81,No
12244-ANMJC,Female,0,No,Yes,22,Yes,No,No,No internet service,No internet service,No internet service,No internet service,No internet service,No internet service,One year,Yes,Electronic check,18.0,334.61,No
12245-NHAPJ,Female,0,No,No,19,Yes,No,DSL,Yes,No,No,No,Yes,No,Two year,No,Mailed check,55.67,1113.04,No
12246-MDIND,Male,0,Yes,Yes,15,Yes,Yes,DSL,Yes,No,Yes,Yes,No,No,Two year,No,Electronic check,62.17,910.34,No
12247-JHGCG,Male,0,No,No,3,Yes,No,DSL,No,Yes,No,No,Yes,No,Two year,Yes,Electronic check,49.91,154.69,No
12248-OGJCB,Male,1,No,No,36,Yes,Yes,Fiber optic,No,No,No,Yes,Yes,Yes,Month-to-month,Yes,Bank transfer (automatic),94.96,3407.1,Yes
12249-OIOAN,Male,1,Yes,No,7,Yes,No,No,No internet service,No internet service,No internet service,No internet service,No internet service,No internet service,Two year,Yes,Electronic check,18.0,186.28,No
12250-GDBOB,Female,0,No,No,72,Yes,Yes,Fiber optic,No,No,No,Yes,No,No,One year,Yes,Mailed check,85.45,6183.59,No
12251-HGLGE,Male,0,No,No,9,Yes,No,Fiber optic,No,Yes,No,Yes,No,No,Month-to-month,No,Credit card (automatic),81.37,632.05,No
12252-NPJHN,Female,0,Yes,No,6,Yes,No,Fiber optic,No,No,No,Yes,Yes,Yes,Month-to-month,Yes,Electronic check,83.66,596.14,Yes
12253-BBEOA,Male,0,No,No,44,Yes,No,DSL,Yes,No,No,No,No,Yes,Month-to-month,Yes,Bank transfer (automatic),70.25,3117.88,No
12254-FDFGM,Female,0,No,No,16,Yes,No,Fiber optic,Yes,No,No,Yes,No,Yes,Two year,Yes,Mailed check,79.86,1260.32,No
12255-CPKMH,Female,0,No,No,25,Yes,Yes,Fiber optic,No,No,No,No,No,Yes,Two year,No,Mailed check,72.04,1800.7,No
12256-GMAFG,Female,0,No,No,10,Yes,Yes,No,No internet service,No internet service,No internet service,No internet service,No internet service,No internet service,One year,No,Electronic check,34.67,395.6,Yes
12257-PNKOD,Male,0,No,No,43,Yes,No,Fiber optic,No,No,Yes,No,No,No,Month-to-month,Yes,Bank transfer (automatic),86.01,3717.86,Yes
12258-NBPJI,Female,0,Yes,Yes,49,No,No phone service,Fiber optic,Yes,No,Yes,No,No,No,Month-to-month,Yes,Bank transfer (automatic),81.7,4025.08,No
12259-PGPAH,Female,1,No,No,11,Yes,Yes,No,No internet service,No internet service,No internet service,No internet service,No internet service,No internet service,Two year,No,Electronic check,18.0,222.49,No
12260-OCDLE,Female,0,No,No,5,Yes,No,DSL,No,No,No,No,No,Yes,Month-to-month,Yes,Mailed check,56.84,337.96,No
12261-AOFJF,Male,1,No,No,20,Yes,No,DSL,No,Yes,No,No,Yes,No,Month-to-month,No,Mailed check,68.24,1425.63,No
12262-BKJFH,Female,1,No,No,61,Yes,No,Fiber optic,Yes,No,No,No,Yes,No,Two year,No,Mailed check,72.51,4435.44,No
12263-FDODI,Male,0,No,No,19,Yes,Yes,Fiber optic,No,No,No,Yes,Yes,No,One year,Yes,Electronic check,71.32,1328.66,No
12264-PFHHG,Female,0,Yes,No,61,Yes,No,Fiber optic,No,No,Yes,No,No,Yes,One year,Yes,Mailed check,80.76,4976.57,No
12265-CJAEP,Male,0,No,Yes,8,No,No phone service,DSL,No,Yes,Yes,No,Yes,No,Month-to-month,Yes,Electronic check,43.71,338.67,No
12266-MOJJO,Female,0,No,No,49,Yes,No,No,No internet service,No internet service,No internet service,No internet service,No internet service,No internet service,Month-to-month,No,Electronic check,18.08,874.66,No
12267-BLJMB,Female,0,Yes,No,2,Yes,Yes,Fiber optic,No,No,No,No,No,No,One year,No,Bank transfer (automatic),84.09,189.89,Yes
12268-NGKMC,Female,0,No,No,8,Yes,Yes,DSL,No,Yes,Yes,No,No,No,Month-to-month,No,Mailed check,47.99,416.54,No
12269-MHINM,Female,0,No,No,13,Yes,No,DSL,No,Yes,Yes,No,Yes,Yes,Month-to-month,Yes,Bank transfer (automatic),32.2,429.55,No
12270-HFECC,Male,0,Yes,No,21,Yes,Yes,No,No internet service,No internet service,No internet service,No internet service,No internet service,No internet service,Month-to-month,Yes,Credit card (automatic),23.67,522.64,No
12271-GMELN,Female,0,No,Yes,6,Yes,Yes,Fiber optic,Yes,Yes,No,No,Yes,No,Month-to-month,No,Credit card (automatic),99.57,588.54,Yes
12272-FNFIA,Female,0,No,No,51,Yes,Yes,Fiber optic,No,No,Yes,No,No,No,Month-to-month,Yes,Electronic check,82.85,4133.06,Yes
12273-HJMME,Female,0,No,No,46,Yes,Yes,DSL,No,Yes,No,No,No,Yes,Month-to-month,No,Bank transfer (automatic),60.83,2802.46,No
12274-MFFAC,Male,0,Yes,Yes,32,Yes,No,DSL,No,No,No,No,No,No,Month-to-month,No,Bank transfer (automatic),50.67,1607.27,No
12275-LFNON,Male,0,No,Yes,2,Yes,No,Fiber optic,Yes,No,No,No,No,No,Month-to-month,No,Credit card (automatic),83.91,155.63,Yes
12276-KKIFP,Male,1,No,No,1,Yes,Yes,Fiber optic,Yes,No,No,No,No,No,Month-to-month,Yes,Credit card (automatic),92.77,0.0,Yes
12277-OLMFA,Female,0,No,Yes,13,No,No phone service,DSL,No,No,No,Yes,No,No,Two year,No,Bank transfer (automatic),54.66,653.6,No
12278-IPDOB,Male,0,No,Yes,28,Yes,Yes,No,No internet service,No internet service,No internet service,No internet service,No internet service,No internet service,Month-to-month,No,Bank transfer (automatic),36.61,897.11,Yes
12279-ACCEA,Male,0,No,No,2,Yes,No,DSL,No,No,No,No,Yes,No,Month-to-month,No,Electronic check,58.95,120.25,Yes
12280-GMADF,Male,0,Yes,No,20,Yes,No,Fiber optic,No,No,Yes,No,No,No,Month-to-month,Yes,Electronic check,68.45,1412.61,No
12281-OAGJO,Female,0,No,No,15,Yes,No,Fiber optic,No,No,Yes,No,No,Yes,Month-to-month,Yes,Bank transfer (automatic),91.07,1430.45,No
12282-GCDFN,Male,0,Yes,No,25,No,No phone service,No,No internet service,No internet service,No internet service,No internet service,No internet service,No internet service,Month-to-month,No,Electronic check,18.0,493.81,No
12283-KGNMD,Female,1,Yes,No,11,Yes,No,No,No internet service,No internet service,No internet service,No internet service,No internet service,No internet service,Month-to-month,Yes,Electronic check,21.89,216.65,No
12284-JKIII,Male,0,Yes,No,23,Yes,No,DSL,Yes,Yes,No,No,No,No,Month-to-month,No,Credit card (automatic),66.03,1538.4,No
12285-PLJFB,Male,0,No,No,3,Yes,No,Fiber optic,No,No,Yes,No,No,Yes,Month-to-month,Yes,Credit card (automatic),77.45,225.7,Yes
12286-BKDIC,Female,0,Yes,No,4,Yes,Yes,DSL,No,Yes,Yes,No,Yes,No,Month-to-month,No,Electronic check,67.64,252.28,Yes
12287-FBOAP,Female,0,Yes,No,46,Yes,Yes,Fiber optic,No,No,No,No,No,No,Month-to-month,Yes,Credit card (automatic),88.75,4095.71,No
12288-LEHJJ,Female,0,Yes,No,7,Yes,Yes,No,No internet service,No internet service,No internet service,No internet service,No internet service,No internet service,Month-to-month,No,Credit card (automatic),18.0,103.04,No
12289-BJILH,Male,0,No,No,72,Yes,Yes,Fiber optic,No,No,Yes,No,No,No,Month-to-month,Yes,Mailed check,83.41,6019.29,No
12290-CADHC,Female,0,No,No,0,No,No phone service,Fiber optic,No,No,Yes,Yes,Yes,No,Two year,No,Mailed check,90.88,53.82,No
12291-JLBGD,Female,0,Yes,No,13,Yes,Yes,DSL,No,No,Yes,Yes,Yes,Yes,Month-to-month,Yes,Credit card (automatic),49.09,573.67,No
12292-FEBJB,Male,0,No,No,7,Yes,No,DSL,No,No,Yes,No,Yes,Yes,Two year,Yes,Electronic check,46.33,273.08,No
12293-NIKJB,Female,0,Yes,No,72,Yes,No,DSL,Yes,No,Yes,No,No,No,Two year,No,Credit card (automatic),41.08,3011.14,No
12294-HHAAM,Female,0,Yes,Yes,72,Yes,No,DSL,No,No,No,Yes,Yes,Yes,Month-to-month,Yes,Electronic check,51.15,3685.07,No
12295-DBLOA,Male,0,Yes,No,5,No,No phone service,DSL,No,No,No,No,Yes,No,One year,No,Bank transfer (automatic),59.55,317.67,No
12296-IMCNN,Male,0,Yes,No,6,Yes,No,No,No internet service,No internet service,No internet service,No internet service,No internet service,No internet service,Two year,Yes,Electronic check,18.66,88.88,Yes
12297-NABHE,Male,0,No,No,27,Yes,No,DSL,No,No,No,No,No,Yes,Month-to-month,Yes,Mailed check,56.11,1479.71,Yes
12298-KGFMP,Female,1,Yes,No,44,Yes,No,DSL,No,No,Yes,No,No,No,Month-to-month,Yes,Credit card (automatic),51.87,2247.67,No
12299-PAFKG,Male,0,No,No,21,Yes,No,Fiber optic,Yes,No,No,No,No,No,Month-to-month,Yes,Electronic check,77.33,1605.3,Yes
12300-DHHGP,Female,0,No,No,40,Yes,No,No,No internet service,No internet service,No internet service,No internet service,No internet service,No internet service,One year,Yes,Bank transfer (automatic),24.56,965.67,No
12301-KOBFF,Male,0,Yes,No,1,Yes,Yes,Fiber optic,No,No,No,Yes,No,No,Month-to-month,Yes,Credit card (automatic),91.5,78.11,Yes
12302-LOLGF,Male,0,Yes,No,20,Yes,Yes,DSL,No,Yes,No,No,No,No,Two year,Yes,Credit card (automatic),49.51,970.34,No
12303-BHODI,Male,0,No,No,24,Yes,Yes,Fiber optic,No,No,Yes,No,Yes,No,Month-to-month,Yes,Credit card (automatic),89.65,2122.7,No
12304-HNCCH,Female,0,Yes,No,4,Yes,No,Fiber optic,Yes,No,No,No,Yes,No,Two year,No,Mailed check,82.71,297.6,Yes
12305-BIDOF,Female,1,Yes,No,30,Yes,No,No,No internet service,No internet service,No internet service,No internet service,No internet service,No internet service,Month-to-month,No,Bank transfer (automatic),18.0,602.72,No
12306-CCCKM,Female,0,Yes,No,57,Yes,Yes,No,No internet service,No internet service,No internet service,No internet service,No internet service,No internet service,One year,Yes,Mailed check,33.07,1922.37,No
12307-JLNNN,Female,0,No,No,45,Yes,No,DSL,No,Yes,Yes,No,Yes,Yes,One year,No,Mailed check,56.54,2549.74,No
12308-LBHPI,Female,0,No,Yes,5,Yes,Yes,Fiber optic,Yes,Yes,No,No,Yes,No,Month-to-month,Yes,Electronic check,91.19,557.46,Yes
12309-OHOJC,Male,0,Yes,No,7,Yes,Yes,Fiber optic,No,Yes,Yes,No,No,No,Two year,Yes,Electronic check,87.57,647.66,No
12310-GKJBD,Male,0,Yes,No,13,No,No phone service,No,No internet service,No internet service,No internet service,No internet service,No internet service,No internet service,Month-to-month,No,Electronic check,18.0,212.2,No
12311-LMNMF,Male,1,Yes,No,3,Yes,No,DSL,No,No,No,No,No,Yes,Month-to-month,Yes,Mailed check,56.31,232.86,Yes
12312-KEMIJ,Male,0,Yes,No,61,Yes,Yes,Fiber optic,Yes,Yes,No,No,No,No,Two year,Yes,Electronic check,97.35,5945.9,No
12313-DEDNM,Female,0,No,Yes,3,No,No phone service,Fiber optic,No,Yes,No,No,Yes,No,Month-to-month,Yes,Electronic check,83.6,324.61,Yes
12314-NHPMH,Female,0,No,Yes,28,Yes,Yes,Fiber optic,No,No,No,No,Yes,No,Month-to-month,No,Electronic check,76.35,2169.31,Yes
12315-OCAFB,Female,1,Yes,No,8,Yes,No,Fiber optic,No,No,No,Yes,No,No,Month-to-month,Yes,Mailed check,84.6,641.16,No
12316-BCHCP,Male,1,Yes,Yes,17,Yes,Yes,Fiber optic,No,No,No,No,No,Yes,One year,Yes,Credit card (automatic),93.51,1611.64,Yes
12317-GJNJI,Male,0,Yes,Yes,0,Yes,Yes,No,No internet service,No internet service,No internet service,No internet service,No internet service,No internet service,Month-to-month,Yes,Mailed check,27.42,0.0,Yes
12318-MHAGG,Female,0,Yes,No,4,Yes,No,No,No internet service,No internet service,No internet service,No internet service,No internet service,No internet service,One year,Yes,Mailed check,18.0,57.15,No
12319-HPJEJ,Male,0,No,No,11,Yes,Yes,Fiber optic,No,Yes,No,No,No,No,One year,No,Electronic check,94.69,1118.56,Yes
12320-IIHFF,Male,1,Yes,Yes,22,Yes,No,Fiber optic,No,Yes,Yes,Yes,No,No,Month-to-month,No,Mailed check,94.01,2095.57,Yes
12321-AMPOF,Female,0,Yes,Yes,30,Yes,Yes,No,No internet service,No internet service,No internet service,No internet service,No internet service,No internet service,Month-to-month,Yes,Bank transfer (automatic),27.02,719.24,No
12322-NDDNB,Male,0,Yes,Yes,0,Yes,Yes,DSL,No,No,No,No,Yes,No,One year,Yes,Electronic check,44.3,51.56,No
12323-MKNDE,Female,1,No,Yes,3,Yes,No,DSL,Yes,Yes,No,No,No,No,One year,No,Credit card (automatic),40.5,106.55,No
12324-MLPEP,Male,0,No,Yes,26,Yes,Yes,No,No internet service,No internet service,No internet service,No internet service,No internet service,No internet service,Month-to-month,No,Credit card (automatic),39.59,1020.53,No
12325-EDANJ,Female,0,Yes,No,33,Yes,No,Fiber optic,Yes,No,Yes,No,Yes,Yes,Month-to-month,Yes,Credit card (automatic),83.68,2750.75,No
12326-HCBIG,Male,0,Yes,No,5,Yes,Yes,DSL,Yes,Yes,No,Yes,No,Yes,Two year,No,Mailed check,48.14,163.99,No
12327-IMBPP,Female,0,Yes,No,5,Yes,Yes,No,No internet service,No internet service,No internet service,No internet service,No internet service,No internet service,Two year,Yes,Credit card (automatic),18.0,98.69,No
12328-IJIKI,Female,0,No,No,1,Yes,No,No,No internet service,No internet service,No internet service,No internet service,No internet service,No internet service,One year,Yes,Electronic check,21.79,0.0,Yes
12329-JMJDJ,Male,0,No,No,3,Yes,Yes,No,No internet service,No internet service,No internet service,No internet service,No internet service,No internet service,Month-to-month,No,Bank transfer (automatic),18.0,119.16,No
12330-CFCKI,Male,0,No,Yes,0,Yes,No,DSL,Yes,Yes,No,Yes,Yes,Yes,One year,Yes,Credit card (automatic),59.42,0.0,Yes
12331-CBHFH,Female,0,Yes,Yes,17,Yes,No,DSL,No,Yes,Yes,Yes,Yes,Yes,Month-to-month,No,Electronic check,57.92,1017.63,No
12332-OMGCH,Female,0,No,No,46,Yes,No,Fiber optic,No,No,Yes,No,No,Yes,One year,No,Electronic check,86.36,3967.98,No
12333-JAAMM,Female,1,Yes,No,3,Yes,No,Fiber optic,No,No,Yes,No,Yes,No,One year,Yes,Electronic check,92.27,301.14,Yes
12334-JMHPM,Female,0,No,Yes,27,Yes,No,No,No internet service,No internet service,No internet service,No internet service,No internet service,No internet service,Month-to-month,Yes,Credit card (automatic),18.0,387.66,No
12335-IJFEB,Female,0,No,Yes,17,Yes,Yes,No,No internet service,No internet service,No internet service,No internet service,No internet service,No internet service,Month-to-month,Yes,Bank transfer (automatic),24.97,381.15,No
12336-KIFHI,Male,0,No,No,56,Yes,No,No,No internet service,No internet service,No internet service,No internet service,No internet service,No internet service,One year,No,Mailed check,18.0,1043.74,No
12337-IHLJH,Male,0,Yes,No,32,Yes,Yes,DSL,No,No,No,No,Yes,No,Two year,No,Bank transfer (automatic),52.55,1640.83,No
12338-CMCBP,Male,1,Yes,No,38,Yes,Yes,Fiber optic,No,No,No,No,Yes,Yes,One year,No,Credit card (automatic),88.17,3325.69,Yes
12339-APDBN,Male,0,Yes,No,20,Yes,No,No,No internet service,No internet service,No internet service,No internet service,No internet service,No internet service,One year,Yes,Credit card (automatic),18.0,273.07,No
12340-NBMKK,Male,0,Yes,Yes,33,No,No phone service,DSL,No,Yes,Yes,No,No,No,Month-to-month,Yes,Electronic check,57.98,1976.72,No
12341-EDAOO,Female,1,No,Yes,8,Yes,No,DSL,No,No,Yes,No,Yes,No,One year,No,Mailed check,42.9,388.53,No
12342-INDEG,Male,0,Yes,No,4,Yes,Yes,Fiber optic,No,No,No,No,Yes,No,One year,No,Credit card (automatic),78.1,261.05,No
12343-BHKPB,Male,0,No,No,48,Yes,No,DSL,No,Yes,No,Yes,No,Yes,Month-to-month,Yes,Mailed check,42.25,2029.46,No
12344-KJEML,Female,1,No,Yes,26,Yes,Yes,No,No internet service,No internet service,No internet service,No internet service,No internet service,No internet service,One year,No,Mailed check,26.9,724.84,No
12345-BBDDP,Female,0,Yes,No,1,No,No phone service,DSL,Yes,No,No,No,No,Yes,One year,No,Credit card (automatic),47.41,75.35,No
12346-MHMPF,Male,0,Yes,No,40,Yes,No,Fiber optic,Yes,No,No,Yes,No,No,One year,No,Bank transfer (automatic),85.71,3451.0,No
12347-JHPMG,Male,0,No,Yes,8,Yes,Yes,No,No internet service,No internet service,No internet service,No internet service,No internet service,No internet service,Month-to-month,Yes,Mailed check,18.0,209.35,No
12348-MJDBO,Female,1,No,No,7,Yes,No,No,No internet service,No internet service,No internet service,No internet service,No internet service,No internet service,Month-to-month,Yes,Mailed check,31.68,49.97,Yes
12349-IBAHJ,Male,0,Yes,No,19,Yes,No,Fiber optic,Yes,No,No,Yes,No,Yes,Two year,Yes,Credit card (automatic),93.24,1790.51,No
12350-OIAGB,Female,0,Yes,No,16,Yes,No,No,No internet service,No internet service,No internet service,No internet service,No internet service,No internet service,Month-to-month,No,Electronic check,22.73,373.4,No
12351-FMKEA,Male,1,No,No,15,Yes,Yes,No,No internet service,No internet service,No internet service,No internet service,No internet service,No internet service,Month-to-month,Yes,Electronic check,34.88,550.19,Yes
12352-PBBPJ,Male,0,No,Yes,5,Yes,No,No,No internet service,No internet service,No internet service,No internet service,No internet service,No internet service,Two year,Yes,Credit card (automatic),18.44,122.49,No
12353-JFKLA,Male,0,No,No,64,Yes,Yes,Fiber optic,Yes,No,No,No,No,No,Month-to-month,No,Mailed check,77.45,4948.55,No
12354-KMDLP,Male,0,No,No,59,Yes,No,Fiber optic,No,Yes,Yes,No,No,No,Month-to-month,No,Bank transfer (automatic),93.08,5568.08,No
12355-JKPEB,Female,0,No,Yes,0,Yes,Yes,Fiber optic,No,No,No,No,No,No,Month-to-month,Yes,Mailed check,73.75,0.0,No
12356-BOGGF,Female,0,Yes,No,8,Yes,No,Fiber optic,No,No,No,No,No,Yes,Two year,Yes,Mailed check,85.37,729.92,No
12357-PALML,Male,1,No,Yes,0,Yes,Yes,No,No internet service,No internet service,No internet service,No internet service,No internet service,No internet service,Month-to-month,No,Bank transfer (automatic),22.4,0.0,No
12358-CIJAB,Male,0,No,Yes,37,Yes,Yes,Fiber optic,Yes,No,Yes,No,Yes,No,One year,No,Bank transfer (automatic),88.08,3273.98,Yes
12359-HGIJL,Male,0,Yes,No,43,Yes,Yes,No,No internet service,No internet service,No internet service,No internet service,No internet service,No internet service,One year,No,Mailed check,30.31,1366.29,No
12360-OOOLD,Male,0,No,Yes,14,Yes,No,DSL,Yes,No,No,No,Yes,No,Month-to-month,Yes,Bank transfer (automatic),69.79,1014.84,No
12361-DGAJL,Female,0,Yes,No,36,Yes,No,Fiber optic,Yes,No,No,No,No,No,Month-to-month,Yes,Electronic check,79.42,2877.32,Yes
12362-IBOAG,Female,0,Yes,No,24,Yes,No,DSL,Yes,Yes,Yes,Yes,No,No,Month-to-month,No,Mailed check,57.84,1258.53,No
12363-FLCAL,Male,0,No,Yes,13,Yes,Yes,Fiber optic,No,No,No,No,No,Yes,Two year,No,Bank transfer (automatic),88.64,1181.78,No
12364-EJNDE,Female,0,Yes,No,9,Yes,Yes,Fiber optic,No,No,Yes,No,No,No,Two year,Yes,Bank transfer (automatic),90.49,854.05,No
12365-AAEFE,Female,1,Yes,No,6,Yes,No,No,No internet service,No internet service,No internet service,No internet service,No internet service,No internet service,Two year,No,Credit card (automatic),23.98,142.75,No
12366-BIEKK,Male,0,No,No,6,Yes,Yes,DSL,No,No,No,No,No,No,Month-to-month,No,Electronic check,49.37,309.83,No
12367-EJICE,Male,0,Yes,No,16,Yes,No,DSL,No,Yes,No,No,Yes,Yes,Month-to-month,Yes,Mailed check,51.1,835.76,Yes
12368-OMLEB,Male,0,No,No,3,Yes,Yes,No,No internet service,No internet service,No internet service,No internet service,No internet service,No internet service,Month-to-month,No,Electronic check,18.0,92.51,No
12369-KDKKB,Female,0,Yes,Yes,3,No,No phone service,No,No internet service,No internet service,No internet service,No internet service,No internet service,No internet service,One year,Yes,Bank transfer (automatic),18.0,75.6,No
12370-EJMLB,Female,1,Yes,Yes,0,Yes,Yes,DSL,No,No,Yes,Yes,No,No,One year,Yes,Mailed check,46.41,60.98,No
12371-JONIJ,Female,0,Yes,No,19,Yes,No,DSL,No,Yes,Yes,Yes,Yes,No,Two year,Yes,Mailed check,52.94,1009.05,No
12372-FHIOM,Female,0,No,Yes,72,Yes,No,DSL,Yes,No,No,No,No,No,Two year,Yes,Electronic check,65.02,4612.21,No
12373-HEEFN,Male,0,No,No,44,Yes,No,Fiber optic,No,No,Yes,No,Yes,Yes,Month-to-month,Yes,Credit card (automatic),82.51,3680.78,No
12374-AMKHB,Male,0,No,No,24,Yes,No,Fiber optic,No,Yes,No,No,No,No,Two year,No,Bank transfer (automatic),96.26,2370.91,No
12375-FNNIM,Male,0,No,Yes,30,Yes,No,Fiber optic,Yes,No,No,Yes,No,Yes,One year,No,Mailed check,70.37,2162.18,No
12376-CBJEK,Female,0,Yes,Yes,10,Yes,No,Fiber optic,No,No,No,No,No,No,Month-to-month,Yes,Mailed check,81.11,909.72,Yes
12377-IFNPH,Male,0,No,Yes,7,No,No phone service,Fiber optic,No,No,No,No,Yes,No,One year,Yes,Bank transfer (automatic),84.46,604.39,Yes
12378-HGEBN,Male,0,Yes,No,9,Yes,Yes,DSL,No,Yes,Yes,No,Yes,No,Two year,Yes,Credit card (automatic),66.06,613.63,No
12379-OJJEL,Female,0,Yes,No,1,No,No phone service,Fiber optic,No,No,No,No,No,No,Month-to-month,Yes,Bank transfer (automatic),92.18,59.16,No
12380-PGLLG,Male,0,No,Yes,20,Yes,No,No,No internet service,No internet service,No internet service,No internet service,No internet service,No internet service,Month-to-month,No,Mailed check,28.66,653.39,Yes
12381-KPMOB,Female,0,Yes,Yes,3,Yes,Yes,No,No internet service,No internet service,No internet service,No internet service,No internet service,No internet service,Month-to-month,Yes,Credit card (automatic),21.27,0.0,No
12382-GFGKP,Female,0,No,No,28,Yes,No,No,No internet service,No internet service,No internet service,No internet service,No internet service,No internet service,Two year,Yes,Electronic check,20.1,492.8,No
12383-HDAHH,Male,0,Yes,Yes,4,Yes,Yes,Fiber optic,No,Yes,No,Yes,Yes,No,Two year,No,Bank transfer (automatic),98.37,389.93,No
12384-CCENC,Male,0,No,No,5,Yes,No,DSL,Yes,No,No,No,No,No,Month-to-month,No,Bank transfer (automatic),53.97,221.37,No
12385-ONEOH,Female,0,Yes,No,63,Yes,Yes,DSL,Yes,Yes,No,No,No,Yes,One year,Yes,Electronic check,54.67,3398.85,No
12386-ABBLP,Male,0,No,No,2,Yes,Yes,Fiber optic,No,No,No,No,No,Yes,Month-to-month,Yes,Credit card (automatic),79.57,106.3,Yes
12387-DIBLP,Male,0,Yes,No,13,Yes,No,DSL,No,Yes,No,No,No,Yes,Month-to-month,No,Electronic check,60.64,876.09,No
12388-NKMOL,Female,1,No,No,1,Yes,No,DSL,No,No,Yes,Yes,Yes,No,Month-to-month,No,Mailed check,52.6,101.62,Yes
12389-IGJHA,Male,1,No,No,1,Yes,Yes,DSL,No,Yes,No,Yes,No,No,Month-to-month,No,Electronic check,58.68,69.53,No
12390-MEILD,Female,0,No,Yes,20,No,No phone service,No,No internet service,No internet service,No internet service,No internet service,No internet service,No internet service,Month-to-month,Yes,Credit card (automatic),18.85,294.79,No
12391-BFBCN,Female,0,No,No,19,Yes,Yes,DSL,No,No,No,No,No,No,Two year,No,Electronic check,62.19,1173.71,No
12392-HOPCB,Female,0,No,No,4,Yes,No,DSL,No,No,No,Yes,Yes,No,Two year,No,Electronic check,52.08,138.61,Yes
12393-FNCPA,Female,0,No,Yes,41,Yes,No,No,No internet service,No internet service,No internet service,No internet service,No internet service,No internet service,Month-to-month,No,Electronic check,18.0,775.66,No
12394-LNOON,Male,0,No,Yes,24,Yes,No,Fiber optic,Yes,Yes,Yes,Yes,No,Yes,Month-to-month,Yes,Mailed check,89.19,2179.28,No
12395-CFPCI,Male,0,Yes,Yes,7,Yes,No,DSL,No,Yes,No,No,Yes,No,Month-to-month,No,Mailed check,60.82,391.06,No
12396-GNEBO,Male,0,No,Yes,5,Yes,No,No,No internet service,No internet service,No internet service,No internet service,No internet service,No internet service,Month-to-month,Yes,Electronic check,24.66,155.52,No
12397-IEGID,Female,1,No,No,28,Yes,Yes,DSL,Yes,Yes,No,Yes,Yes,No,Month-to-month,Yes,Electronic check,57.61,1698.38,No
12398-IALFB,Male,1,No,Yes,26,No,No phone service,No,No internet service,No internet service,No internet service,No internet service,No internet service,No internet service,Two year,Yes,Electronic check,22.06,541.36,No
12399-HEOPC,Female,0,Yes,No,3,Yes,Yes,Fiber optic,No,Yes,No,No,No,No,Month-to-month,Yes,Bank transfer (automatic),83.6,235.73,Yes
12400-BHGIH,Female,0,No,No,8,Yes,Yes,DSL,Yes,Yes,No,No,No,No,Month-to-month,Yes,Electronic check,67.74,505.8,No
12401-KDPBN,Male,0,Yes,No,4,Yes,Yes,Fiber optic,No,Yes,Yes,No,No,No,Month-to-month,No,Mailed check,82.43,345.22,No
12402-MBBNK,Male,0,No,No,6,Yes,Yes,Fiber optic,Yes,Yes,No,No,No,Yes,Two year,No,Electronic check,89.15,657.41,Yes
12403-LFGLF,Female,0,Yes,No,6,No,No phone service,Fiber optic,Yes,No,Yes,Yes,No,No,Month-to-month,Yes,Credit card (automatic),88.56,540.81,Yes
12404-BDCKM,Female,0,No,Yes,72,Yes,No,No,No internet service,No internet service,No internet service,No internet service,No internet service,No internet service,Month-to-month,No,Electronic check,18.0,1277.32,No
12405-DEGNI,Female,0,No,Yes,27,Yes,No,DSL,No,No,No,Yes,No,No,Month-to-month,Yes,Bank transfer (automatic),52.37,1444.7,No
12406-OKBHC,Female,0,Yes,Yes,30,Yes,No,Fiber optic,No,No,Yes,Yes,No,Yes,Month-to-month,No,Credit card (automatic),96.83,2896.04,No
12407-IJLPD,Male,0,No,No,6,Yes,Yes,No,No internet service,No internet service,No internet service,No internet service,No internet service,No internet service,Two year,Yes,Credit card (automatic),23.35,157.94,No
12408-OPCJF,Male,1,Yes,Yes,0,No,No phone service,Fiber optic,No,No,No,No,Yes,No,Month-to-month,Yes,Bank transfer (automatic),100.27,27.98,Yes
12409-PJMIG,Male,0,No,No,1,Yes,Yes,Fiber optic,No,No,Yes,No,No,Yes,One year,No,Mailed check,82.27,116.06,No
12410-DCJDC,Female,0,No,No,16,Yes,No,DSL,No,No,Yes,No,Yes,No,Month-to-month,Yes,Electronic check,56.92,854.84,Yes
12411-PLCLN,Female,0,Yes,Yes,6,No,No phone service,Fiber optic,No,No,No,No,No,Yes,Month-to-month,Yes,Electronic check,91.0,562.14,No
12412-MIDIL,Male,0,No,No,4,Yes,Yes,Fiber optic,No,Yes,Yes,No,No,No,Two year,Yes,Credit card (automatic),80.66,267.83,No
12413-OJEGN,Male,1,No,No,1,Yes,No,DSL,No,No,Yes,Yes,Yes,Yes,Two year,No,Mailed check,51.87,0.0,No
12414-EABKO,Male,0,Yes,No,41,Yes,Yes,DSL,No,No,No,Yes,Yes,No,Month-to-month,Yes,Bank transfer (automatic),45.5,1926.88,No
12415-EFGBJ,Female,0,No,No,18,Yes,No,Fiber optic,No,No,No,No,No,Yes,One year,Yes,Mailed check,82.37,1559.86,No
12416-IFBPB,Female,0,No,Yes,2,Yes,Yes,DSL,No,No,Yes,Yes,No,No,Month-to-month,Yes,Credit card (automatic),57.02,149.46,No
12417-CAINJ,Female,1,Yes,Yes,29,Yes,No,Fiber optic,No,No,No,No,Yes,No,Two year,Yes,Bank transfer (automatic),100.03,2926.34,No
12418-KDEPG,Male,0,Yes,Yes,28,Yes,No,Fiber optic,No,No,No,No,Yes,No,One year,Yes,Electronic check,90.11,2526.54,No
12419-ACNCB,Male,0,No,Yes,6,Yes,No,DSL,No,Yes,Yes,No,No,Yes,Month-to-month,No,Bank transfer (automatic),43.99,297.83,Yes
12420-HEALB,Male,0,Yes,No,4,Yes,Yes,Fiber optic,No,No,No,Yes,No,No,Month-to-month,Yes,Electronic check,86.96,344.97,Yes
12421-AOFIK,Male,0,Yes,No,33,Yes,No,Fiber optic,Yes,No,Yes,No,No,Yes,Month-to-month,Yes,Bank transfer (automatic),78.9,2531.71,No
12422-GEPLM,Male,0,Yes,Yes,7,Yes,No,No,No internet service,No internet service,No internet service,No internet service,No internet service,No internet service,Two year,Yes,Credit card (automatic),18.0,143.68,No
12423-CLLHJ,Male,0,No,Yes,37,Yes,No,No,No internet service,No internet service,No internet service,No internet service,No internet service,No internet service,Month-to-month,No,Credit card (automatic),29.35,994.8,Yes
12424-DIENF,Female,0,No,No,0,Yes,Yes,No,No internet service,No internet service,No internet service,No internet service,No internet service,No internet service,Month-to-month,Yes,Electronic check,19.24,0.0,No
12425-EJLKG,Male,0,Yes,Yes,13,Yes,Yes,Fiber optic,Yes,No,Yes,No,Yes,No,Two year,No,Electronic check,80.37,1048.01,No
12426-GABGH,Male,0,No,No,3,Yes,No,No,No internet service,No internet service,No internet service,No internet service,No internet service,No internet service,Month-to-month,Yes,Bank transfer (automatic),31.03,143.97,No
12427-PDFKL,Female,1,No,Yes,22,Yes,Yes,No,No internet service,No internet service,No internet service,No internet service,No internet service,No internet service,Month-to-month,No,Bank transfer (automatic),18.0,419.57,No
12428-JPCGK,Female,0,No,No,72,Yes,Yes,Fiber optic,No,No,No,Yes,No,No,Month-to-month,Yes,Electronic check,80.1,5790.25,No
12429-CKPGL,Female,0,No,No,10,Yes,No,Fiber optic,No,No,No,Yes,Yes,Yes,Month-to-month,Yes,Bank transfer (automatic),99.28,945.69,Yes
12430-KLKHC,Female,0,No,No,2,Yes,No,DSL,No,No,No,Yes,No,Yes,One year,No,Electronic check,62.34,125.56,No
12431-BLFPD,Female,0,Yes,Yes,7,Yes,No,DSL,No,Yes,Yes,Yes,No,No,One year,No,Bank transfer (automatic),58.24,426.93,No
12432-HMONB,Female,0,Yes,No,44,Yes,Yes,Fiber optic,No,No,No,No,Yes,No,Month-to-month,No,Credit card (automatic),94.78,4178.29,Yes
12433-DBNBB,Male,0,Yes,No,29,Yes,No,Fiber optic,No,No,Yes,Yes,Yes,Yes,Month-to-month,Yes,Bank transfer (automatic),84.07,2434.24,No
12434-ADBII,Male,1,No,No,5,Yes,Yes,DSL,No,No,Yes,Yes,Yes,No,Month-to-month,Yes,Electronic check,44.21,179.21,No
12435-PKKGF,Male,0,No,No,61,Yes,No,DSL,Yes,No,No,No,No,Yes,Month-to-month,No,Credit card (automatic),55.21,3411.54,No
12436-LCNLN,Male,0,Yes,No,19,Yes,Yes,No,No internet service,No internet service,No internet service,No internet service,No internet service,No internet service,Month-to-month,Yes,Mailed check,18.0,372.44,No
12437-OGAID,Female,0,Yes,No,3,Yes,Yes,Fiber optic,Yes,No,Yes,No,No,No,Month-to-month,Yes,Mailed check,88.54,258.18,Yes
12438-FFKCD,Female,0,No,Yes,16,Yes,No,Fiber optic,No,Yes,Yes,No,No,Yes,Month-to-month,No,Electronic check,101.2,1618.55,Yes
12439-MKJCM,Male,0,Yes,No,12,Yes,No,Fiber optic,No,No,No,No,No,No,Two year,No,Electronic check,84.9,1108.49,Yes
12440-FAHHI,Female,0,Yes,No,34,Yes,Yes,Fiber optic,No,Yes,No,No,Yes,Yes,Month-to-month,Yes,Electronic check,85.06,2905.49,Yes
12441-FACOA,Female,0,Yes,Yes,8,Yes,No,DSL,No,No,Yes,No,Yes,No,One year,No,Credit card (automatic),59.78,437.04,No
12442-OMOEC,Male,1,No,No,41,Yes,No,Fiber optic,No,No,Yes,No,Yes,No,Month-to-month,No,Bank transfer (automatic),92.26,3841.46,No
12443-NBCIK,Male,0,Yes,No,33,Yes,No,DSL,No,Yes,No,No,Yes,No,One year,Yes,Bank transfer (automatic),68.96,2272.24,No
12444-PHMCK,Male,0,No,No,22,Yes,No,No,No internet service,No internet service,No internet service,No internet service,No internet service,No internet service,Two year,Yes,Credit card (automatic),25.64,487.04,No
12445-BELLM,Male,1,Yes,No,5,Yes,Yes,DSL,Yes,No,No,Yes,No,No,One year,Yes,Credit card (automatic),73.66,422.92,No
12446-LADHA,Male,0,No,Yes,70,Yes,No,DSL,Yes,No,No,Yes,No,No,Month-to-month,Yes,Mailed check,52.23,3655.62,No
12447-ELDFG,Male,1,Yes,Yes,15,Yes,Yes,Fiber optic,No,No,No,Yes,No,No,Month-to-month,No,Mailed check,84.89,1263.32,No
12448-IAKJP,Male,0,Yes,Yes,47,Yes,No,Fiber optic,Yes,Yes,No,No,Yes,No,Two year,Yes,Bank transfer (automatic),82.39,3883.11,No
12449-DFJGG,Male,0,Yes,No,4,Yes,Yes,Fiber optic,No,Yes,Yes,Yes,No,Yes,Month-to-month,Yes,Bank transfer (automatic),90.46,357.05,No
12450-HNJHH,Female,0,Yes,No,72,Yes,No,DSL,No,Yes,Yes,Yes,No,No,Month-to-month,Yes,Electronic check,72.65,5193.49,No
12451-HPLOH,Male,0,No,No,33,Yes,No,Fiber optic,Yes,No,Yes,No,Yes,No,Two year,Yes,Bank transfer (automatic),81.55,2725.14,No
12452-FICFE,Female,0,Yes,No,59,No,No phone service,DSL,No,Yes,Yes,No,Yes,No,One year,Yes,Bank transfer (automatic),57.74,3413.13,No
12453-OPOHD,Male,0,No,Yes,4,Yes,No,Fiber optic,No,No,No,No,No,No,Two year,Yes,Credit card (automatic),80.9,330.95,No
12454-DMOPJ,Female,0,Yes,No,11,Yes,No,DSL,Yes,No,No,Yes,Yes,Yes,Month-to-month,No,Bank transfer (automatic),48.96,547.55,No
12455-KJMEK,Male,1,Yes,No,2,Yes,Yes,No,No internet service,No internet service,No internet service,No internet service,No internet service,No internet service,Month-to-month,Yes,Bank transfer (automatic),20.11,45.12,No
12456-MMOFP,Male,0,No,No,2,Yes,Yes,No,No internet service,No internet service,No internet service,No internet service,No internet service,No internet service,Month-to-month,Yes,Bank transfer (automatic),22.37,55.56,Yes
12457-OKDBL,Male,0,Yes,No,6,Yes,No,No,No internet service,No internet service,No internet service,No internet service,No internet service,No internet service,One year,Yes,Electronic check,18.0,158.8,No
12458-LNBLP,Male,0,Yes,No,60,Yes,Yes,No,No internet service,No internet service,No internet service,No internet service,No internet service,No internet service,Month-to-month,No,Bank transfer (automatic),26.83,1647.64,No
12459-CBANH,Male,1,Yes,No,22,Yes,No,DSL,No,No,No,No,No,No,Month-to-month,Yes,Mailed check,53.87,1250.67,No
12460-LPPEJ,Female,0,No,No,7,Yes,Yes,Fiber optic,No,Yes,No,No,No,Yes,One year,Yes,Electronic check,92.84,660.3,No
12461-AMPIH,Male,1,No,No,61,Yes,No,DSL,No,No,Yes,No,No,No,Month-to-month,Yes,Bank transfer (automatic),68.62,4200.62,No
12462-DHMLM,Male,0,Yes,No,26,No,No phone service,DSL,No,No,No,No,No,Yes,One year,No,Electronic check,55.89,1423.74,No
12463-JPGKO,Male,0,No,No,47,Yes,No,DSL,Yes,No,No,No,No,Yes,Month-to-month,Yes,Mailed check,69.29,3189.82,Yes
12464-KGAFM,Female,0,No,Yes,52,Yes,Yes,Fiber optic,No,No,No,No,No,Yes,Month-to-month,Yes,Electronic check,88.31,4577.62,No
12465-DNJJJ,Female,0,No,No,27,Yes,Yes,Fiber optic,Yes,No,Yes,Yes,No,No,Month-to-month,Yes,Electronic check,84.87,2343.43,No
12466-KLBJG,Female,0,Yes,Yes,5,Yes,No,No,No internet service,No internet service,No internet service,No internet service,No internet service,No internet service,One year,Yes,Electronic check,18.0,75.9,No
12467-IMEHE,Female,0,No,Yes,72,Yes,No,Fiber optic,No,No,No,No,Yes,No,Month-to-month,Yes,Mailed check,78.39,5676.58,No
12468-NGGIC,Female,0,Yes,Yes,7,Yes,Yes,Fiber optic,No,No,No,Yes,No,No,Two year,No,Mailed check,86.68,544.59,Yes
12469-NABLF,Female,1,Yes,No,22,Yes,Yes,Fiber optic,No,Yes,Yes,Yes,No,Yes,One year,No,Electronic check,85.89,1852.17,No
12470-NJJLM,Male,0,Yes,Yes,37,Yes,No,No,No internet service,No internet service,No internet service,No internet service,No internet service,No internet service,One year,No,Electronic check,18.0,723.23,No
12471-NICJB,Male,1,No,No,3,Yes,No,No,No internet service,No internet service,No internet service,No internet service,No internet service,No internet service,Two year,No,Credit card (automatic),18.0,98.62,No
12472-KAPBC,Male,0,No,No,18,Yes,Yes,Fiber optic,No,No,Yes,No,No,No,Month-to-month,Yes,Credit card (automatic),77.67,1343.06,Yes
12473-GBMEB,Female,1,No,Yes,9,Yes,No,DSL,No,No,No,No,Yes,No,Month-to-month,Yes,Mailed check,55.61,506.4,Yes
12474-GJHHM,Male,0,No,No,5,Yes,Yes,DSL,No,Yes,Yes,No,No,No,Month-to-month,No,Mailed check,43.32,173.96,Yes
12475-POHJO,Male,0,No,Yes,0,No,No phone service,Fiber optic,Yes,No,No,No,No,No,Two year,Yes,Bank transfer (automatic),80.45,13.05,Yes
12476-IALAN,Female,0,No,Yes,41,Yes,Yes,DSL,No,No,Yes,No,No,Yes,Two year,No,Electronic check,54.59,2285.76,No
12477-ONNJB,Male,0,Yes,No,2,Yes,Yes,No,No internet service,No internet service,No internet service,No internet service,No internet service,No internet service,One year,No,Credit card (automatic),18.0,101.29,No
12478-KOFNA,Male,0,Yes,No,42,No,No phone service,Fiber optic,No,No,No,No,Yes,Yes,Month-to-month,Yes,Bank transfer (automatic),87.26,3634.84,Yes
12479-EOEOO,Male,0,Yes,Yes,18,Yes,No,Fiber optic,No,Yes,No,No,Yes,No,Month-to-month,No,Electronic check,88.62,1528.77,No
12480-DKELA,Female,0,Yes,No,19,Yes,Yes,No,No internet service,No internet service,No internet service,No internet service,No internet service,No internet service,Month-to-month,Yes,Electronic check,18.0,306.02,No
12481-KKFGH,Female,0,No,Yes,35,Yes,Yes,Fiber optic,No,No,No,No,Yes,No,One year,Yes,Bank transfer (automatic),76.84,2668.99,No
12482-OBOOG,Male,0,No,No,14,Yes,Yes,Fiber optic,Yes,No,Yes,No,No,No,Month-to-month,No,Electronic check,86.6,1321.82,Yes
12483-FIOHN,Male,0,No,Yes,8,Yes,No,DSL,No,No,Yes,No,No,No,Month-to-month,Yes,Mailed check,54.75,387.09,No
12484-PKNOD,Female,0,Yes,No,2,Yes,No,Fiber optic,No,No,No,No,Yes,No,One year,Yes,Bank transfer (automatic),84.57,190.81,No
12485-NMIAK,Female,0,No,No,16,Yes,No,Fiber optic,Yes,Yes,Yes,No,No,Yes,Two year,Yes,Electronic check,97.21,1598.79,No
12486-FPHKK,Female,0,Yes,No,16,Yes,Yes,No,No internet service,No internet service,No internet service,No internet service,No internet service,No internet service,Month-to-month,Yes,Bank transfer (automatic),18.0,280.01,No
12487-DBKBP,Female,0,No,No,6,Yes,Yes,Fiber optic,No,Yes,No,No,No,Yes,Two year,Yes,Credit card (automatic),81.23,467.82,Yes
12488-JAPEP,Male,0,Yes,No,18,Yes,Yes,Fiber optic,No,No,Yes,No,No,No,Month-to-month,No,Electronic check,81.0,1520.63,No
12489-MFDDE,Female,0,No,No,11,Yes,No,Fiber optic,No,Yes,No,No,No,Yes,Month-to-month,No,Electronic check,77.13,834.31,Yes
12490-NPOEP,Male,0,No,No,32,Yes,Yes,DSL,No,No,Yes,No,Yes,No,Two year,No,Credit card (automatic),44.74,1399.41,No
12491-NNNNI,Female,0,No,Yes,16,Yes,No,Fiber optic,Yes,Yes,No,Yes,Yes,No,Month-to-month,Yes,Electronic check,85.86,1344.82,Yes
12492-HIMNC,Male,0,Yes,No,54,Yes,Yes,DSL,No,No,Yes,No,Yes,No,Two year,Yes,Electronic check,56.43,3081.5,No
12493-NCANJ,Female,0,Yes,Yes,14,No,No phone service,DSL,No,No,No,No,No,Yes,Month-to-month,Yes,Credit card (automatic),55.77,771.18,No
12494-MFDKO,Female,0,Yes,No,43,Yes,Yes,DSL,No,No,No,Yes,Yes,Yes,Two year,No,Electronic check,37.18,1629.21,No
12495-ONHBK,Female,0,Yes,No,14,Yes,Yes,Fiber optic,Yes,Yes,No,No,No,No,Month-to-month,Yes,Electronic check,88.62,1229.04,No
12496-BGMOE,Male,0,No,No,16,Yes,No,No,No internet service,No internet service,No internet service,No internet service,No internet service,No internet service,One year,Yes,Electronic check,28.54,512.69,No
12497-MAGPG,Male,1,No,Yes,9,Yes,Yes,No,No internet service,No internet service,No internet service,No internet service,No internet service,No internet service,Two year,Yes,Credit card (automatic),28.92,331.74,No
12498-JFDLP,Male,0,Yes,No,10,Yes,No,DSL,No,No,No,No,Yes,No,Month-to-month,Yes,Bank transfer (automatic),48.14,489.34,No
12499-MHLPK,Male,0,No,Yes,54,Yes,No,DSL,No,Yes,No,No,Yes,No,Month-to-month,No,Bank transfer (automatic),52.07,2790.4,No
12500-BBPBC,Female,0,No,Yes,5,Yes,Yes,Fiber optic,No,No,No,Yes,No,No,Month-to-month,Yes,Mailed check,77.04,329.15,Yes
12501-FAKBJ,Female,0,Yes,Yes,2,Yes,Yes,DSL,No,Yes,No,Yes,No,No,Two year,No,Electronic check,40.18,104.6,No
12502-OBNLA,Female,0,No,Yes,35,Yes,Yes,Fiber optic,Yes,No,No,No,No,No,Month-to-month,No,Credit card (automatic),87.01,3042.31,No
12503-CPJGO,Male,0,No,No,17,Yes,Yes,Fiber optic,No,Yes,No,Yes,Yes,No,Month-to-month,No,Bank transfer (automatic),93.57,1606.9,No
12504-MAGEI,Female,0,No,No,6,Yes,No,DSL,Yes,No,No,No,Yes,No,Two year,Yes,Electronic check,66.19,369.69,Yes
12505-BAIHJ,Female,1,No,Yes,11,No,No phone service,Fiber optic,No,Yes,No,No,Yes,Yes,Two year,Yes,Credit card (automatic),89.05,938.59,Yes
12506-FOEHH,Female,1,Yes,No,14,Yes,Yes,Fiber optic,Yes,No,No,No,No,No,Month-to-month,No,Credit card (automatic),91.67,1318.16,Yes
12507-NELGM,Male,0,Yes,No,17,Yes,Yes,Fiber optic,No,No,No,No,Yes,No,Two year,No,Bank transfer (automatic),95.98,1638.46,No
12508-MADBJ,Male,0,No,No,34,Yes,No,Fiber optic,Yes,No,No,No,No,No,Month-to-month,No,Credit card (automatic),87.6,3008.38,No
12509-CLAKK,Female,0,Yes,No,10,Yes,No,DSL,No,No,Yes,Yes,Yes,Yes,One year,Yes,Electronic check,53.93,638.42,No
12510-BMAHP,Male,0,Yes,Yes,22,Yes,Yes,DSL,No,No,Yes,No,No,No,Month-to-month,Yes,Bank transfer (automatic),47.45,1079.11,No
12511-DCABC,Male,0,No,No,36,Yes,No,DSL,No,Yes,No,Yes,Yes,No,Month-to-month,Yes,Electronic check,51.96,1994.85,No
12512-CFJHF,Female,0,No,No,37,Yes,No,DSL,No,No,No,Yes,Yes,Yes,Two year,Yes,Bank transfer (automatic),62.14,2329.61,No
12513-BBNPG,Female,1,No,No,5,No,No phone service,DSL,Yes,No,No,No,No,No,Month-to-month,Yes,Credit card (automatic),57.44,346.62,No
12514-AAGIE,Male,1,Yes,No,8,Yes,Yes,DSL,No,Yes,No,No,Yes,Yes,Month-to-month,No,Mailed check,65.93,544.08,No
12515-KAEKA,Male,0,Yes,No,18,Yes,No,Fiber optic,No,No,No,Yes,No,No,One year,Yes,Bank transfer (automatic),80.92,1393.99,No
12516-JOLID,Female,0,No,No,43,Yes,No,Fiber optic,No,Yes,No,No,Yes,No,One year,Yes,Electronic check,71.58,3122.8,No
12517-IBGPO,Female,0,No,No,31,Yes,Yes,DSL,Yes,No,Yes,Yes,Yes,No,Month-to-month,Yes,Bank transfer (automatic),59.56,1840.43,No
12518-LMBLD,Female,0,No,Yes,17,Yes,Yes,DSL,Yes,No,No,Yes,No,No,Two year,Yes,Electronic check,64.63,1070.97,No
12519-FNBBB,Female,0,No,No,72,No,No phone service,Fiber optic,No,No,No,No,No,No,One year,Yes,Electronic check,93.87,6699.43,No
12520-CEIPF,Female,0,No,No,11,Yes,Yes,Fiber optic,No,No,No,No,No,No,Two year,No,Bank transfer (automatic),97.06,1100.83,No
12521-OOLNI,Female,0,No,No,36,Yes,No,Fiber optic,No,No,No,No,Yes,Yes,Month-to-month,No,Bank transfer (automatic),91.78,3330.7,No
12522-JONME,Female,0,Yes,Yes,34,Yes,Yes,DSL,No,Yes,No,Yes,Yes,Yes,Month-to-month,Yes,Electronic check,46.74,1586.62,No
12523-PKFJL,Male,0,No,Yes,47,No,No phone service,Fiber optic,No,No,Yes,No,No,Yes,Month-to-month,No,Mailed check,79.47,3774.88,No
12524-HPCBP,Male,1,No,Yes,72,Yes,Yes,DSL,No,Yes,No,No,No,Yes,Month-to-month,Yes,Bank transfer (automatic),40.9,3007.02,No
12525-CNIPO,Female,0,Yes,Yes,13,Yes,No,Fiber optic,No,No,No,No,No,Yes,Month-to-month,No,Bank transfer (automatic),92.19,1237.31,No
12526-FJLDJ,Male,0,No,Yes,4,Yes,No,Fiber optic,Yes,No,No,No,No,No,Month-to-month,Yes,Electronic check,75.77,358.35,No
12527-CMBOP,Male,0,Yes,Yes,12,Yes,No,Fiber optic,No,Yes,No,No,No,No,Two year,Yes,Bank transfer (automatic),80.11,949.66,Yes
12528-NDIDM,Female,0,No,Yes,38,Yes,Yes,DSL,Yes,No,No,No,Yes,No,Two year,Yes,Bank transfer (automatic),44.59,1712.61,No
12529-PLEPO,Female,1,Yes,No,36,Yes,No,No,No internet service,No internet service,No internet service,No internet service,No internet service,No internet service,Month-to-month,Yes,Bank transfer (automatic),18.0,705.37,No
12530-HBLKN,Female,0,No,No,8,No,No phone service,No,No internet service,No internet service,No internet service,No internet service,No internet service,No internet service,Month-to-month,Yes,Credit card (automatic),20.01,167.59,No
12531-CFLGD,Male,1,No,No,0,Yes,No,DSL,No,Yes,No,No,No,No,Month-to-month,No,Bank transfer (automatic),58.84,0.0,Yes
12532-NOAGL,Female,0,Yes,Yes,14,Yes,Yes,DSL,No,Yes,No,No,Yes,No,Month-to-month,Yes,Credit card (automatic),52.34,703.01,No
12533-IANAA,Female,0,No,Yes,12,Yes,Yes,Fiber optic,No,Yes,No,No,Yes,No,Two year,Yes,Credit card (automatic),85.45,984.47,No
12534-JGPKI,Male,0,Yes,No,1,Yes,No,Fiber optic,No,No,No,No,No,No,Month-to-month,No,Bank transfer (automatic),89.24,89.88,No
12535-PCHIC,Female,0,No,Yes,31,Yes,No,Fiber optic,No,Yes,No,No,Yes,Yes,Two year,No,Mailed check,90.44,2894.02,Yes
12536-LLCOA,Male,0,No,No,6,Yes,No,No,No internet service,No internet service,No internet service,No internet service,No internet service,No internet service,Month-to-month,Yes,Electronic check,32.26,176.37,No
12537-BPGCG,Male,1,No,No,20,Yes,No,DSL,No,Yes,Yes,No,No,Yes,One year,Yes,Credit card (automatic),55.59,1090.1,No
12538-PEJHE,Female,0,No,No,2,Yes,No,Fiber optic,No,No,Yes,No,No,Yes,One year,No,Electronic check,83.47,245.46,Yes
12539-PPCIO,Female,0,No,No,39,No,No phone service,DSL,Yes,No,No,Yes,Yes,Yes,Month-to-month,No,Electronic check,45.19,1667.14,No
12540-GEGKJ,Female,0,Yes,No,26,Yes,No,DSL,No,No,No,No,No,No,Month-to-month,No,Credit card (automatic),59.12,1426.01,No
12541-IEGKI,Male,0,Yes,No,9,No,No phone service,DSL,No,No,No,No,Yes,No,Two year,Yes,Mailed check,43.37,404.39,No
12542-ADAHC,Female,0,No,Yes,19,No,No phone service,Fiber optic,Yes,No,No,No,No,Yes,Month-to-month,Yes,Electronic check,99.22,1901.1,Yes
12543-BNDKC,Male,1,No,No,4,Yes,Yes,Fiber optic,Yes,No,No,Yes,Yes,Yes,Month-to-month,Yes,Credit card (automatic),99.75,447.74,Yes
12544-KEOMH,Female,0,No,No,72,Yes,No,DSL,No,No,Yes,No,Yes,Yes,Month-to-month,Yes,Bank transfer (automatic),43.83,3221.39,No
12545-JHKGH,Female,1,Yes,No,31,Yes,No,Fiber optic,No,No,No,No,Yes,No,Month-to-month,No,Mailed check,82.04,2553.85,No
12546-MMEJJ,Female,0,Yes,No,31,Yes,Yes,Fiber optic,No,Yes,No,No,No,Yes,Month-to-month,No,Electronic check,83.5,2499.0,Yes
12547-KLPKM,Female,0,No,No,3,Yes,Yes,DSL,No,No,No,No,Yes,Yes,Month-to-month,No,Bank transfer (automatic),49.53,192.7,No
12548-FHOMA,Male,0,Yes,No,0,Yes,Yes,DSL,No,No,No,Yes,Yes,Yes,Two year,Yes,Bank transfer (automatic),60.53,0.0,No
12549-FFOKM,Female,0,No,No,17,Yes,No,DSL,Yes,No,No,No,No,Yes,Month-to-month,Yes,Bank transfer (automatic),39.03,668.77,No
12550-EDAKJ,Female,0,No,No,3,Yes,No,Fiber optic,Yes,No,No,Yes,No,No,Month-to-month,No,Electronic check,78.07,276.14,Yes
12551-KPHFC,Female,0,No,No,30,No,No phone service,Fiber optic,No,No,No,No,No,No,Month-to-month,No,Bank transfer (automatic),69.79,2093.69,Yes
12552-LCLFL,Female,0,Yes,No,10,Yes,Yes,Fiber optic,Yes,No,No,No,No,No,Month-to-month,Yes,Bank transfer (automatic),97.51,981.89,No
12553-OGHEJ,Male,0,No,No,8,Yes,No,DSL,Yes,Yes,No,No,No,No,One year,No,Credit card (automatic),61.39,505.25,No
12554-FPLAF,Male,0,Yes,No,1,Yes,No,No,No internet service,No internet service,No internet service,No internet service,No internet service,No internet service,Two year,Yes,Bank transfer (automatic),18.0,0.0,No
12555-IJDNN,Female,0,Yes,No,72,Yes,No,Fiber optic,Yes,No,No,No,No,No,One year,Yes,Electronic check,74.74,5375.06,No
12556-JMANK,Male,0,No,Yes,62,Yes,No,Fiber optic,No,Yes,Yes,No,Yes,No,Month-to-month,Yes,Electronic check,94.66,5957.56,No
12557-IPDBP,Female,1,Yes,No,2,Yes,Yes,DSL,No,Yes,Yes,Yes,Yes,No,Month-to-month,Yes,Bank transfer (automatic),52.78,111.69,No
12558-ACGKP,Male,0,Yes,Yes,8,Yes,No,Fiber optic,Yes,Yes,No,No,No,Yes,Month-to-month,Yes,Bank transfer (automatic),88.97,690.08,Yes
12559-JPBOI,Female,0,Yes,No,9,Yes,Yes,Fiber optic,No,Yes,No,Yes,Yes,No,Month-to-month,No,Electronic check,84.96,834.7,No
12560-LMKBE,Male,0,No,No,7,Yes,No,Fiber optic,No,Yes,Yes,Yes,Yes,Yes,Month-to-month,No,Mailed check,85.74,687.12,Yes
12561-HMMLJ,Male,0,No,No,54,No,No phone service,Fiber optic,No,No,No,No,No,No,Two year,Yes,Electronic check,82.6,4391.48,No
12562-HCBIP,Male,0,No,No,25,Yes,No,Fiber optic,Yes,No,Yes,No,Yes,Yes,Month-to-month,No,Electronic check,93.73,2298.14,No
12563-CHBCA,Male,1,No,No,62,Yes,No,DSL,Yes,Yes,Yes,No,No,Yes,Month-to-month,Yes,Electronic check,58.57,3584.8,No
12564-NKFMG,Male,0,Yes,Yes,41,Yes,No,No,No internet service,No internet service,No internet service,No internet service,No internet service,No internet service,Two year,No,Credit card (automatic),18.72,818.89,No
12565-PDACI,Female,0,Yes,No,28,Yes,No,DSL,Yes,No,No,No,Yes,Yes,Two year,Yes,Bank transfer (automatic),39.61,1106.33,No
12566-EFDAN,Male,0,Yes,No,23,Yes,No,DSL,Yes,Yes,Yes,No,Yes,Yes,Month-to-month,Yes,Credit card (automatic),58.43,1365.09,No
12567-EEEPO,Female,0,No,No,40,Yes,No,DSL,No,Yes,No,No,No,Yes,Month-to-month,No,Credit card (automatic),59.76,2393.75,No
12568-PFKBA,Female,0,Yes,No,23,Yes,No,DSL,Yes,No,No,No,No,Yes,One year,No,Bank transfer (automatic),63.97,1535.28,No
12569-OBMJF,Female,0,No,No,4,Yes,Yes,DSL,No,No,Yes,Yes,No,Yes,Month-to-month,Yes,Mailed check,53.09,181.1,No
12570-PEPOE,Female,0,Yes,Yes,20,Yes,No,Fiber optic,Yes,No,Yes,No,No,Yes,Two year,No,Credit card (automatic),107.57,2110.97,No
12571-LLOFN,Female,0,No,No,14,Yes,No,Fiber optic,No,Yes,No,No,No,No,Month-to-month,Yes,Electronic check,71.97,994.58,No
12572-JGPIG,Female,0,No,Yes,72,Yes,No,DSL,No,No,Yes,No,No,Yes,Month-to-month,No,Electronic check,40.59,2900.88,No
12573-BFIGB,Female,0,Yes,Yes,14,Yes,No,No,No internet service,No internet service,No internet service,No internet service,No internet service,No internet service,Month-to-month,No,Mailed check,29.72,408.31,No
12574-CHKPI,Female,0,No,No,0,Yes,Yes,Fiber optic,No,No,Yes,No,No,Yes,One year,Yes,Electronic check,92.88,0.0,Yes
12575-DPIBM,Female,0,Yes,No,6,No,No phone service,Fiber optic,No,No,Yes,Yes,Yes,Yes,One year,No,Electronic check,75.62,586.04,No
12576-KEKBK,Female,0,Yes,Yes,49,Yes,No,Fiber optic,No,No,No,No,Yes,No,Two year,Yes,Electronic check,85.02,4112.17,No
12577-AMNEB,Female,0,Yes,No,65,Yes,No,Fiber optic,Yes,No,No,Yes,Yes,Yes,Two year,Yes,Electronic check,75.17,4797.99,No
12578-NMPGH,Male,0,No,No,26,Yes,No,DSL,Yes,No,No,No,Yes,Yes,Month-to-month,Yes,Mailed check,46.97,1251.45,No
12579-BGDAP,Female,0,Yes,No,1,Yes,No,Fiber optic,Yes,No,Yes,No,No,Yes,One year,No,Bank transfer (automatic),72.8,53.61,No
12580-KOCKL,Female,0,Yes,No,0,Yes,Yes,No,No internet service,No internet service,No internet service,No internet service,No internet service,No internet service,Two year,Yes,Mailed check,18.0,39.11,No
12581-AEOMH,Female,0,No,Yes,13,No,No phone service,DSL,Yes,No,Yes,No,Yes,No,Two year,Yes,Electronic check,53.53,609.09,No
12582-ANICE,Male,1,Yes,No,72,Yes,Yes,No,No internet service,No internet service,No internet service,No internet service,No internet service,No internet service,Month-to-month,No,Mailed check,33.88,2477.57,No
12583-IEIJH,Male,0,Yes,No,40,Yes,No,Fiber optic,No,Yes,No,No,Yes,Yes,One year,No,Electronic check,84.38,3383.47,No
12584-GKADI,Female,0,No,No,54,Yes,No,DSL,No,Yes,No,Yes,Yes,No,One year,No,Bank transfer (automatic),59.51,3237.78,No
12585-JHDLP,Male,0,Yes,No,19,Yes,Yes,No,No internet service,No internet service,No internet service,No internet service,No internet service,No internet service,One year,No,Credit card (automatic),18.0,290.26,No
12586-AJDOC,Male,0,Yes,Yes,39,Yes,Yes,DSL,No,No,Yes,No,Yes,Yes,Month-to-month,Yes,Electronic check,67.72,2611.8,No
12587-FKEEB,Female,0,No,No,7,Yes,No,DSL,Yes,No,No,No,No,No,One year,No,Electronic check,51.59,432.79,No
12588-LCKFB,Female,0,Yes,Yes,0,Yes,Yes,No,No internet service,No internet service,No internet service,No internet service,No internet service,No internet service,One year,No,Mailed check,18.0,0.0,No
12589-ODBIC,Male,0,Yes,No,50,Yes,Yes,Fiber optic,No,Yes,No,No,Yes,Yes,Month-to-month,No,Electronic check,98.52,4901.92,Yes
12590-JJFOA,Male,0,Yes,No,4,No,No phone service,Fiber optic,No,Yes,Yes,No,No,No,Month-to-month,Yes,Electronic check,81.8,379.43,No
12591-MKNOO,Female,1,No,No,26,Yes,No,Fiber optic,Yes,Yes,No,No,No,No,Month-to-month,Yes,Electronic check,87.56,2217.72,No
12592-JCHEP,Female,1,Yes,Yes,21,Yes,Yes,DSL,No,No,No,No,No,No,One year,Yes,Electronic check,68.84,1449.98,No
12593-HPOBG,Female,0,Yes,No,3,Yes,Yes,DSL,No,No,No,No,Yes,No,One year,No,Credit card (automatic),43.66,80.87,No
12594-IGCGO,Female,0,Yes,No,4,Yes,No,No,No internet service,No internet service,No internet service,No internet service,No internet service,No internet service,Month-to-month,Yes,Credit card (automatic),20.88,209.08,Yes
12595-HNAMM,Female,0,Yes,Yes,7,Yes,No,DSL,No,No,Yes,Yes,Yes,No,One year,Yes,Bank transfer (automatic),63.66,441.85,No
12596-CELFC,Female,0,No,No,28,Yes,No,Fiber optic,Yes,No,No,Yes,No,No,Month-to-month,No,Credit card (automatic),82.22,2346.75,No
12597-ODEOC,Male,0,Yes,No,0,No,No phone service,DSL,Yes,Yes,No,No,No,Yes,Month-to-month,No,Electronic check,47.65,0.0,No
12598-PDEBJ,Female,0,No,Yes,10,Yes,Yes,No,No internet service,No internet service,No internet service,No internet service,No internet service,No internet service,Month-to-month,Yes,Electronic check,28.7,357.61,No
12599-IJHLP,Female,0,No,Yes,21,Yes,Yes,No,No internet service,No internet service,No internet service,No internet service,No internet service,No internet service,Month-to-month,Yes,Electronic check,24.48,480.93,Yes
12600-FJKCK,Male,1,Yes,No,3,Yes,Yes,DSL,No,No,Yes,Yes,Yes,No,One year,No,Bank transfer (automatic),50.94,133.38,No
12601-BGHJA,Female,0,Yes,Yes,2,Yes,Yes,Fiber optic,Yes,No,Yes,No,No,Yes,Two year,Yes,Credit card (automatic),94.17,356.38,Yes
12602-NOFGO,Female,0,Yes,No,9,Yes,Yes,No,No internet service,No internet service,No internet service,No internet service,No internet service,No internet service,Month-to-month,No,Electronic check,18.0,183.12,Yes
12603-MILCB,Male,0,Yes,No,6,Yes,No,No,No internet service,No internet service,No internet service,No internet service,No internet service,No internet service,Two year,No,Electronic check,18.82,170.96,No
12604-EMOJA,Male,0,No,No,20,Yes,Yes,Fiber optic,Yes,Yes,No,Yes,No,No,One year,No,Credit card (automatic),81.62,1528.06,No
12605-MFIJO,Female,0,No,Yes,69,Yes,No,DSL,No,Yes,No,Yes,Yes,Yes,Month-to-month,Yes,Mailed check,47.08,3199.59,No
12606-IGNKG,Male,0,Yes,No,0,Yes,No,Fiber optic,No,No,No,Yes,No,Yes,Month-to-month,Yes,Bank transfer (automatic),92.37,11.31,No
12607-OHJNB,Female,1,No,No,46,Yes,Yes,Fiber optic,No,Yes,Yes,No,Yes,No,One year,No,Mailed check,98.58,4566.99,No
12608-NFEEM,Female,0,No,No,11,Yes,No,No,No internet service,No internet service,No internet service,No internet service,No internet service,No internet service,One year,Yes,Electronic check,23.46,236.91,No
12609-CCFLJ,Male,0,Yes,No,21,Yes,Yes,Fiber optic,No,No,No,Yes,Yes,Yes,Month-to-month,No,Bank transfer (automatic),87.21,1723.52,Yes
12610-MJGNA,Female,0,No,Yes,38,Yes,No,DSL,Yes,No,No,Yes,No,No,Month-to-month,Yes,Mailed check,56.56,2137.56,Yes
12611-NCLAJ,Female,0,No,No,17,Yes,Yes,DSL,Yes,No,No,No,Yes,Yes,Two year,No,Electronic check,50.84,865.08,Yes
12612-CEICJ,Female,0,Yes,No,2,Yes,No,No,No internet service,No internet service,No internet service,No internet service,No internet service,No internet service,Month-to-month,Yes,Credit card (automatic),18.0,0.0,No
12613-NJIPA,Female,0,No,No,3,Yes,No,Fiber optic,Yes,Yes,No,No,No,No,Two year,Yes,Electronic check,79.36,283.6,No
12614-FILEK,Male,0,No,Yes,31,Yes,No,Fiber optic,Yes,No,No,No,No,Yes,Month-to-month,No,Mailed check,78.3,2525.2,No
12615-NJBEA,Male,0,Yes,Yes,5,Yes,Yes,Fiber optic,Yes,Yes,No,No,Yes,Yes,Month-to-month,No,Electronic check,74.24,336.47,Yes
12616-IJMJI,Female,0,No,No,16,Yes,Yes,No,No internet service,No internet service,No internet service,No internet service,No internet service,No internet service,Month-to-month,No,Electronic check,28.97,508.74,No
12617-FKINC,Female,0,Yes,No,11,Yes,No,DSL,Yes,No,No,No,No,No,Month-to-month,Yes,Electronic check,51.09,567.32,No
12618-ODMFD,Female,1,Yes,No,7,Yes,No,Fiber optic,No,No,No,Yes,No,No,Month-to-month,Yes,Electronic check,90.57,603.96,Yes
12619-AGENO,Female,0,No,Yes,30,Yes,Yes,No,No internet service,No internet service,No internet service,No internet service,No internet service,No internet service,Month-to-month,No,Mailed check,20.4,579.28,No
12620-HIEHM,Female,0,Yes,No,26,Yes,No,Fiber optic,Yes,No,No,No,No,No,One year,Yes,Electronic check,75.79,1942.82,No
12621-AAGOF,Male,0,No,No,20,Yes,No,DSL,Yes,Yes,Yes,No,No,No,Month-to-month,No,Credit card (automatic),69.0,1404.14,No
12622-ENOEN,Male,0,Yes,No,9,Yes,No,DSL,No,Yes,No,No,Yes,No,One year,No,Electronic check,60.67,652.16,No
12623-IAHBG,Male,0,No,No,5,Yes,Yes,DSL,Yes,No,Yes,Yes,Yes,No,Two year,No,Bank transfer (automatic),55.42,297.34,No
12624-FJBLM,Female,0,No,No,14,Yes,Yes,No,No internet service,No internet service,No internet service,No internet service,No internet service,No internet service,Two year,Yes,Electronic check,27.24,407.79,No
12625-CDGHM,Female,0,Yes,No,33,Yes,No,DSL,Yes,No,No,No,Yes,Yes,Month-to-month,No,Electronic check,66.34,2095.4,No
12626-KBHKI,Female,0,Yes,Yes,17,Yes,No,No,No internet service,No internet service,No internet service,No internet service,No internet service,No internet service,One year,Yes,Electronic check,18.0,282.65,Yes
12627-GPAFP,Male,0,Yes,No,70,Yes,Yes,DSL,No,No,No,No,No,Yes,One year,Yes,Credit card (automatic),44.9,3144.45,No
12628-HELOB,Female,0,Yes,Yes,0,Yes,Yes,DSL,No,Yes,No,No,No,No,Month-to-month,Yes,Electronic check,55.89,8.71,Yes
12629-OEHBA,Male,0,No,Yes,72,Yes,No,No,No internet service,No internet service,No internet service,No internet service,No internet service,No internet service,Month-to-month,Yes,Mailed check,18.0,1332.78,No
12630-ODDIC,Female,0,Yes,Yes,23,Yes,Yes,No,No internet service,No internet service,No internet service,No internet service,No internet service,No internet service,Month-to-month,No,Electronic check,30.42,642.98,No
12631-DCBDN,Female,0,No,No,35,Yes,Yes,DSL,No,No,Yes,No,No,Yes,Month-to-month,Yes,Bank transfer (automatic),60.8,2140.49,No
12632-HAHHO,Female,0,Yes,No,8,Yes,Yes,DSL,No,No,Yes,No,No,No,Two year,Yes,Credit card (automatic),51.46,449.07,No
12633-CNJJL,Female,1,No,No,14,Yes,Yes,Fiber optic,No,No,Yes,No,No,No,Two year,Yes,Mailed check,91.15,1200.74,No
12634-LFMMD,Male,1,No,No,31,Yes,No,DSL,No,Yes,No,No,Yes,Yes,One year,No,Bank transfer (automatic),41.38,1273.65,No
12635-MANAE,Female,0,Yes,Yes,28,Yes,No,No,No internet service,No internet service,No internet service,No internet service,No internet service,No internet service,Month-to-month,Yes,Mailed check,22.5,581.6,No
12636-LPHAB,Female,0,No,No,8,Yes,No,Fiber optic,No,No,Yes,No,Yes,No,Two year,Yes,Credit card (automatic),87.04,752.93,No
12637-GPHLN,Male,0,Yes,No,7,Yes,No,Fiber optic,No,Yes,No,Yes,No,No,One year,Yes,Bank transfer (automatic),74.07,612.32,No
12638-CKLMP,Male,0,No,No,21,Yes,Yes,DSL,Yes,No,No,No,Yes,No,Month-to-month,Yes,Electronic check,46.69,944.64,No
12639-HAILB,Male,0,No,Yes,54,Yes,No,DSL,Yes,No,No,No,No,No,Two year,Yes,Electronic check,57.34,3236.44,No
12640-NMPBD,Female,0,No,No,11,Yes,No,Fiber optic,No,Yes,Yes,No,No,No,Month-to-month,No,Mailed check,77.74,825.96,Yes
12641-LPJCD,Female,0,No,No,8,Yes,Yes,DSL,No,Yes,No,Yes,No,No,Month-to-month,No,Bank transfer (automatic),55.43,472.13,No
12642-FGEBC,Female,0,No,No,45,Yes,No,Fiber optic,No,Yes,No,No,No,No,Two year,Yes,Electronic check,88.3,3947.57,Yes
12643-JKCNE,Female,1,No,No,22,Yes,No,No,No internet service,No internet service,No internet service,No internet service,No internet service,No internet service,Two year,No,Bank transfer (automatic),30.92,665.63,No
12644-LKLED,Male,0,Yes,No,9,Yes,Yes,DSL,No,Yes,Yes,No,Yes,No,Month-to-month,Yes,Bank transfer (automatic),67.6,592.82,No
12645-HFFAF,Male,0,No,Yes,1,Yes,Yes,Fiber optic,No,Yes,Yes,Yes,No,No,Two year,No,Mailed check,90.63,97.34,No
12646-CMFJM,Male,0,Yes,No,25,Yes,No,No,No internet service,No internet service,No internet service,No internet service,No internet service,No internet service,Month-to-month,Yes,Bank transfer (automatic),18.0,435.72,No
12647-KMFBA,Male,0,No,Yes,8,No,No phone service,Fiber optic,No,No,No,No,No,Yes,One year,Yes,Credit card (automatic),80.6,622.64,No
12648-KOPCE,Male,1,No,Yes,1,Yes,No,No,No internet service,No internet service,No internet service,No internet service,No internet service,No internet service,Month-to-month,No,Electronic check,25.93,0.0,Yes
12649-OODGD,Female,0,No,Yes,18,Yes,No,DSL,Yes,No,No,No,No,No,Two year,No,Credit card (automatic),41.04,781.15,No
12650-HGJIA,Female,0,No,No,7,Yes,Yes,DSL,No,No,Yes,No,No,No,Two year,Yes,Electronic check,54.76,312.58,No
12651-OEMDF,Female,0,No,No,8,Yes,No,DSL,No,Yes,Yes,No,No,No,Month-to-month,Yes,Electronic check,65.62,529.57,No
12652-AFANN,Male,0,Yes,No,13,Yes,Yes,No,No internet service,No internet service,No internet service,No internet service,No internet service,No internet service,Two year,No,Credit card (automatic),18.0,208.43,No
12653-AHBJM,Male,0,Yes,Yes,25,Yes,Yes,DSL,No,No,No,No,No,No,Two year,Yes,Bank transfer (automatic),59.67,1463.64,No
12654-NFPNP,Female,0,No,Yes,6,Yes,No,Fiber optic,No,No,No,No,No,No,Month-to-month,Yes,Bank transfer (automatic),81.0,489.18,No
12655-FFHDC,Female,0,Yes,No,1,Yes,No,No,No internet service,No internet service,No internet service,No internet service,No internet service,No internet service,Two year,No,Electronic check,18.0,52.61,No
12656-FDBFJ,Female,0,No,No,11,Yes,No,No,No internet service,No internet service,No internet service,No internet service,No internet service,No internet service,Two year,Yes,Electronic check,18.0,187.78,No
12657-EKIKF,Female,0,Yes,No,1,Yes,Yes,No,No internet service,No internet service,No internet service,No internet service,No internet service,No internet service,Month-to-month,Yes,Mailed check,20.59,0.0,No
12658-NPCKE,Female,0,Yes,Yes,23,Yes,No,Fiber optic,No,No,Yes,No,No,No,Month-to-month,No,Bank transfer (automatic),74.33,1753.61,Yes
12659-OJHIH,Female,0,No,No,64,Yes,No,Fiber optic,No,No,No,No,No,Yes,Month-to-month,Yes,Bank transfer (automatic),80.54,5153.47,No
12660-OCICH,Male,0,No,No,21,Yes,No,Fiber optic,Yes,Yes,No,No,No,No,Month-to-month,No,Electronic check,79.3,1658.34,Yes
12661-JIGDJ,Female,0,Yes,Yes,6,Yes,Yes,Fiber optic,No,No,Yes,Yes,Yes,Yes,Month-to-month,No,Mailed check,78.7,427.55,Yes
12662-OICOC,Male,0,Yes,No,4,Yes,Yes,DSL,No,No,No,No,Yes,No,Month-to-month,Yes,Mailed check,47.34,200.65,No
12663-BJOCA,Female,0,Yes,No,5,Yes,Yes,Fiber optic,Yes,No,Yes,Yes,Yes,Yes,Two year,Yes,Credit card (automatic),72.05,399.39,No
12664-ODHEB,Male,0,Yes,Yes,5,Yes,No,DSL,No,No,Yes,Yes,Yes,Yes,One year,No,Mailed check,48.63,280.57,No
12665-CABAB,Male,0,Yes,No,7,Yes,Yes,No,No internet service,No internet service,No internet service,No internet service,No internet service,No internet service,Two year,Yes,Bank transfer (automatic),18.0,187.87,No
12666-CAKIJ,Male,0,No,No,2,No,No phone service,DSL,No,No,No,No,No,No,Two year,No,Bank transfer (automatic),47.21,141.54,No
12667-EPHEH,Female,0,No,No,45,Yes,Yes,Fiber optic,Yes,No,Yes,Yes,No,No,Month-to-month,Yes,Mailed check,87.79,3909.24,Yes
12668-GLDOG,Female,0,Yes,Yes,43,Yes,Yes,Fiber optic,No,No,No,No,No,No,One year,Yes,Mailed check,77.48,3315.06,No
12669-FCILJ,Female,1,Yes,No,19,Yes,No,DSL,No,No,No,No,No,No,Month-to-month,No,Bank transfer (automatic),52.09,969.36,No
12670-OPMIN,Female,0,No,Yes,1,Yes,No,DSL,Yes,No,Yes,Yes,No,Yes,One year,No,Bank transfer (automatic),60.27,20.27,No
12671-EHGIG,Male,0,No,No,32,Yes,No,DSL,No,Yes,No,No,No,Yes,Month-to-month,No,Bank transfer (automatic),58.35,1905.22,No
12672-DDKHF,Female,0,Yes,No,1,Yes,Yes,No,No internet service,No internet service,No internet service,No internet service,No internet service,No internet service,Month-to-month,Yes,Electronic check,18.0,6.29,Yes
12673-INJNG,Female,1,Yes,No,2,Yes,Yes,No,No internet service,No internet service,No internet service,No internet service,No internet service,No internet service,Month-to-month,Yes,Mailed check,20.68,0.0,Yes
12674-GDCHG,Female,0,Yes,No,7,Yes,No,DSL,No,No,No,No,No,Yes,One year,Yes,Mailed check,38.16,166.62,No
12675-DMDAP,Male,1,Yes,Yes,11,No,No phone service,Fiber optic,No,No,Yes,No,No,No,Two year,Yes,Mailed check,73.4,889.53,No
12676-KGAJJ,Male,1,No,No,8,Yes,Yes,Fiber optic,Yes,No,Yes,No,Yes,No,Month-to-month,No,Electronic check,89.08,687.44,Yes
12677-DKNCK,Female,0,No,Yes,3,No,No phone service,Fiber optic,No,Yes,No,Yes,No,No,Month-to-month,No,Mailed check,89.48,265.85,Yes
12678-CLADN,Female,0,No,Yes,2,Yes,No,DSL,Yes,No,Yes,No,No,No,One year,No,Bank transfer (automatic),51.14,79.16,No
12679-ANMMH,Female,0,No,No,39,Yes,No,No,No internet service,No internet service,No internet service,No internet service,No internet service,No internet service,Month-to-month,Yes,Mailed check,22.78,857.53,No
12680-OOALN,Female,0,Yes,No,9,Yes,No,No,No internet service,No internet service,No internet service,No internet service,No internet service,No internet service,Two year,Yes,Mailed check,19.16,247.41,No
12681-FGOJN,Male,0,No,No,4,Yes,No,DSL,Yes,No,No,No,Yes,Yes,Month-to-month,No,Credit card (automatic),48.4,175.79,No
12682-LBDKN,Female,0,Yes,No,13,No,No phone service,Fiber optic,No,No,Yes,No,No,No,Month-to-month,No,Bank transfer (automatic),91.91,1183.99,No
12683-CMMIN,Female,0,Yes,No,0,No,No phone service,DSL,No,No,Yes,Yes,No,No,Month-to-month,No,Mailed check,64.12,57.97,No
12684-GBKLF,Male,0,No,No,18,Yes,No,Fiber optic,Yes,No,No,No,No,Yes,One year,No,Credit card (automatic),81.81,1469.59,Yes
12685-ILCNO,Female,0,Yes,Yes,5,Yes,No,No,No internet service,No internet service,No internet service,No internet service,No internet service,No internet service,Month-to-month,No,Electronic check,22.31,121.25,No
12686-KFNCC,Female,0,Yes,No,18,Yes,No,Fiber optic,Yes,Yes,No,No,Yes,Yes,Month-to-month,No,Electronic check,75.52,1250.7,No
12687-DIKMH,Female,0,No,Yes,19,Yes,No,Fiber optic,No,No,Yes,No,No,Yes,Two year,No,Electronic check,65.67,1200.27,No
12688-AMLKA,Male,0,Yes,Yes,33,Yes,No,No,No internet service,No internet service,No internet service,No internet service,No internet service,No internet service,Month-to-month,No,Credit card (automatic),23.6,694.89,No
12689-GCNKG,Male,0,No,Yes,5,Yes,No,Fiber optic,Yes,No,No,Yes,Yes,No,Month-to-month,Yes,Bank transfer (automatic),72.9,385.78,Yes
12690-ICCBJ,Female,0,Yes,Yes,12,Yes,Yes,DSL,No,No,Yes,No,Yes,Yes,Two year,No,Bank transfer (automatic),60.61,687.76,No
12691-AIFFH,Female,0,No,No,65,Yes,No,Fiber optic,Yes,Yes,Yes,No,No,No,One year,Yes,Electronic check,78.39,5022.44,No
12692-KEIOK,Male,0,Yes,No,25,Yes,Yes,Fiber optic,No,Yes,Yes,No,No,No,Month-to-month,No,Bank transfer (automatic),84.96,2087.01,No
12693-EBFOI,Male,1,No,No,72,Yes,Yes,DSL,No,Yes,No,Yes,No,No,Month-to-month,No,Mailed check,48.62,3543.44,No
12694-CJPDJ,Male,0,Yes,No,52,Yes,No,DSL,No,No,No,No,No,Yes,Month-to-month,No,Credit card (automatic),50.8,2651.14,No
12695-KHFMG,Female,0,No,No,18,Yes,No,No,No internet service,No internet service,No internet service,No internet service,No internet service,No internet service,One year,No,Electronic check,18.0,315.78,No
12696-GDOLP,Male,0,No,No,6,Yes,No,DSL,No,No,No,No,Yes,No,Two year,No,Electronic check,53.9,311.2,Yes
12697-FLICH,Male,0,Yes,No,28,Yes,Yes,Fiber optic,No,No,No,No,No,Yes,One year,No,Credit card (automatic),92.95,2592.42,No
12698-GDJMC,Male,0,Yes,Yes,23,No,No phone service,DSL,No,No,No,No,No,No,Two year,No,Mailed check,47.54,1085.06,No
12699-NGJIL,Female,1,Yes,Yes,17,Yes,No,No,No internet service,No internet service,No internet service,No internet service,No internet service,No internet service,Month-to-month,No,Mailed check,18.0,259.17,No
12700-JCOJI,Male,0,No,No,23,Yes,No,No,No internet service,No internet service,No internet service,No internet service,No internet service,No internet service,Month-to-month,Yes,Mailed check,30.81,622.53,Yes
12701-MHLCO,Female,1,No,No,19,Yes,Yes,No,No internet service,No internet service,No internet service,No internet service,No internet service,No internet service,One year,Yes,Credit card (automatic),26.12,446.94,No
12702-HLDFL,Female,1,Yes,Yes,14,Yes,No,DSL,No,No,Yes,No,No,Yes,Month-to-month,Yes,Mailed check,54.98,683.12,No
12703-JBHMI,Female,0,No,No,10,Yes,Yes,Fiber optic,No,Yes,No,No,Yes,No,Two year,Yes,Mailed check,80.32,811.26,No
12704-GHGPK,Female,0,No,No,0,Yes,No,Fiber optic,No,Yes,No,Yes,No,No,Month-to-month,Yes,Electronic check,70.13,9.05,No
12705-JDAPC,Male,0,Yes,Yes,40,No,No phone service,No,No internet service,No internet service,No internet service,No internet service,No internet service,No internet service,Month-to-month,No,Mailed check,18.0,744.2,No
12706-GKKGK,Female,0,Yes,No,40,Yes,Yes,DSL,Yes,Yes,No,Yes,No,No,Two year,No,Credit card (automatic),68.02,2763.47,No
12707-MCAPJ,Female,0,No,No,18,Yes,No,DSL,No,No,No,No,No,Yes,One year,Yes,Credit card (automatic),49.27,919.13,No
12708-ILFMM,Female,0,No,Yes,6,Yes,Yes,DSL,No,No,No,No,Yes,No,One year,No,Credit card (automatic),46.96,228.9,No
12709-LGAAD,Male,0,Yes,No,0,Yes,No,Fiber optic,No,No,Yes,No,No,No,One year,Yes,Mailed check,91.44,0.0,No
12710-GNKOP,Male,0,Yes,No,0,Yes,No,Fiber optic,No,No,No,No,Yes,No,Month-to-month,No,Bank transfer (automatic),70.6,0.0,Yes
12711-KHJIA,Male,0,Yes,No,1,Yes,No,Fiber optic,No,No,Yes,No,Yes,No,Two year,No,Mailed check,83.75,53.41,No
12712-DDCGA,Male,0,No,Yes,8,Yes,Yes,DSL,Yes,No,Yes,No,No,No,Two year,No,Mailed check,67.37,504.55,No
12713-IMHBB,Female,1,No,No,4,Yes,Yes,Fiber optic,No,No,No,No,No,Yes,Month-to-month,Yes,Credit card (automatic),81.02,291.84,Yes
12714-HKNOA,Female,0,Yes,Yes,6,Yes,No,Fiber optic,Yes,No,No,No,No,No,Two year,Yes,Credit card (automatic),85.1,501.66,Yes
12715-MGILO,Female,0,Yes,Yes,24,Yes,No,Fiber optic,Yes,Yes,No,Yes,No,No,Two year,No,Electronic check,80.0,1986.26,No
12716-CGFOG,Male,0,Yes,No,63,Yes,No,Fiber optic,No,Yes,No,No,No,No,One year,Yes,Credit card (automatic),75.01,4744.63,No
12717-GJANP,Male,0,No,No,4,Yes,No,Fiber optic,No,Yes,No,No,No,Yes,One year,Yes,Credit card (automatic),80.89,354.43,Yes
12718-CPJAE,Male,1,Yes,No,12,Yes,Yes,DSL,No,No,No,No,No,No,One year,Yes,Bank transfer (automatic),57.48,713.96,No
12719-CABJE,Female,0,No,No,72,Yes,Yes,No,No internet service,No internet service,No internet service,No internet service,No internet service,No internet service,Month-to-month,No,Credit card (automatic),24.4,1759.87,No
12720-KCFIF,Female,0,No,No,53,Yes,No,DSL,Yes,Yes,No,No,No,Yes,Month-to-month,Yes,Mailed check,61.41,3123.63,No
12721-BPBOM,Female,0,No,No,8,No,No phone service,No,No internet service,No internet service,No internet service,No internet service,No internet service,No internet service,Two year,No,Bank transfer (automatic),28.81,342.65,No
12722-MPHKH,Male,0,No,Yes,7,No,No phone service,Fiber optic,Yes,No,Yes,No,No,No,One year,No,Bank transfer (automatic),71.57,499.56,Yes
12723-FJGAO,Male,0,Yes,No,5,Yes,No,Fiber optic,No,No,No,No,No,Yes,Month-to-month,No,Mailed check,92.76,503.42,Yes
12724-LIEIP,Female,0,No,No,3,Yes,Yes,DSL,No,No,No,No,No,No,Month-to-month,Yes,Electronic check,62.43,150.33,Yes
12725-BNPHG,Male,0,No,Yes,12,Yes,Yes,No,No internet service,No internet service,No internet service,No internet service,No internet service,No internet service,Month-to-month,No,Credit card (automatic),18.0,234.2,No
12726-KNDCD,Female,0,No,No,8,Yes,No,DSL,No,No,Yes,No,No,No,Two year,Yes,Credit card (automatic),56.22,421.62,No
12727-DJJHM,Female,0,Yes,No,27,Yes,No,Fiber optic,Yes,No,No,No,No,Yes,Month-to-month,Yes,Credit card (automatic),84.63,2367.65,No
12728-MDNEB,Male,0,Yes,Yes,5,Yes,No,No,No internet service,No internet service,No internet service,No internet service,No internet service,No internet service,One year,Yes,Electronic check,21.0,41.51,No
12729-MDGCN,Female,0,No,Yes,26,Yes,Yes,DSL,No,No,No,Yes,No,Yes,Month-to-month,Yes,Electronic check,47.48,1197.79,No
12730-NAPMH,Female,0,No,No,6,Yes,No,No,No internet service,No internet service,No internet service,No internet service,No internet service,No internet service,Two year,No,Bank transfer (automatic),19.59,99.63,No
12731-HFGOJ,Female,0,No,No,17,Yes,Yes,Fiber optic,Yes,No,Yes,Yes,No,No,Two year,Yes,Credit card (automatic),81.46,1385.66,No
12732-KBELG,Female,0,No,Yes,20,Yes,No,Fiber optic,Yes,No,No,Yes,No,No,Two year,No,Bank transfer (automatic),98.7,2010.32,No
12733-OIAOC,Female,0,No,No,22,Yes,No,No,No internet service,No internet service,No internet service,No internet service,No internet service,No internet service,Month-to-month,No,Mailed check,18.0,441.99,No
12734-FNGFA,Male,0,Yes,No,3,Yes,Yes,Fiber optic,Yes,No,Yes,Yes,No,No,Two year,Yes,Bank transfer (automatic),75.77,153.63,Yes
12735-DFHJO,Female,0,No,No,6,Yes,Yes,Fiber optic,No,No,No,No,No,Yes,Month-to-month,Yes,Electronic check,83.43,466.64,Yes
12736-NPDGP,Male,0,No,No,5,Yes,No,Fiber optic,No,No,No,No,No,No,Month-to-month,No,Bank transfer (automatic),81.6,432.84,No
12737-KCHAD,Female,0,No,No,17,Yes,Yes,Fiber optic,No,Yes,Yes,Yes,No,Yes,Month-to-month,Yes,Electronic check,75.74,1278.04,Yes
12738-HJDBB,Male,0,No,No,1,Yes,No,DSL,Yes,No,Yes,No,No,No,Month-to-month,Yes,Electronic check,60.2,50.82,No
12739-DOMDP,Male,0,Yes,No,14,Yes,No,DSL,Yes,No,Yes,No,No,Yes,Month-to-month,Yes,Bank transfer (automatic),51.15,637.55,No
12740-OBGOF,Male,0,Yes,Yes,1,Yes,Yes,DSL,No,No,No,No,No,Yes,One year,Yes,Mailed check,51.65,0.0,No
12741-PKCHH,Female,0,No,Yes,8,No,No phone service,DSL,No,No,Yes,No,Yes,No,Month-to-month,Yes,Electronic check,38.87,238.63,No
12742-ACEBL,Male,0,Yes,No,23,No,No phone service,Fiber optic,Yes,No,Yes,No,Yes,No,Two year,Yes,Mailed check,91.53,2125.73,No
12743-LEKJC,Female,0,No,No,10,Yes,No,DSL,No,Yes,No,No,No,No,Month-to-month,No,Electronic check,54.26,562.29,No
12744-OIKAP,Female,0,No,Yes,6,Yes,Yes,DSL,No,Yes,No,No,No,No,Two year,No,Mailed check,67.5,376.28,No
12745-PDJFO,Male,0,Yes,No,19,Yes,No,Fiber optic,No,Yes,No,No,No,No,Month-to-month,Yes,Electronic check,90.85,1725.63,Yes
12746-ICPOC,Male,0,No,No,26,Yes,Yes,No,No internet service,No internet service,No internet service,No internet service,No internet service,No internet service,Month-to-month,Yes,Electronic check,18.03,419.69,No
12747-OLEGP,Female,0,Yes,No,5,Yes,Yes,DSL,No,No,No,Yes,No,Yes,Month-to-month,Yes,Electronic check,54.2,317.89,Yes
12748-NEPKH,Female,0,No,Yes,7,Yes,No,No,No internet service,No internet service,No internet service,No internet service,No internet service,No internet service,One year,Yes,Mailed check,18.0,60.31,No
12749-EGFNJ,Female,0,Yes,No,20,Yes,Yes,Fiber optic,No,No,Yes,No,No,Yes,Two year,Yes,Electronic check,81.77,1649.03,No
12750-PMBCK,Male,0,No,Yes,67,Yes,Yes,DSL,Yes,Yes,No,No,No,No,One year,Yes,Mailed check,72.09,4775.6,No
12751-KDEIF,Female,0,No,No,4,Yes,No,DSL,No,No,No,No,No,No,Month-to-month,No,Mailed check,41.04,68.19,No
12752-ACGHG,Female,0,No,No,21,Yes,Yes,Fiber optic,No,Yes,Yes,No,Yes,No,Month-to-month,No,Credit card (automatic),82.01,1793.0,Yes
12753-EOJHP,Female,0,No,No,47,Yes,No,DSL,No,No,No,No,No,Yes,Month-to-month,Yes,Credit card (automatic),45.21,2066.05,No
12754-IGKIA,Female,0,No,Yes,12,No,No phone service,Fiber optic,No,Yes,No,No,Yes,Yes,Month-to-month,Yes,Credit card (automatic),70.45,842.48,No
12755-NICFH,Female,0,No,No,7,Yes,Yes,Fiber optic,No,Yes,No,Yes,Yes,No,Two year,Yes,Mailed check,86.34,625.16,No
12756-CDPPG,Female,0,No,Yes,21,Yes,Yes,Fiber optic,Yes,Yes,Yes,Yes,No,Yes,Month-to-month,No,Electronic check,83.11,1806.9,Yes
12757-LGDIM,Female,0,Yes,No,0,Yes,No,DSL,Yes,Yes,No,No,No,No,Month-to-month,Yes,Mailed check,54.67,0.0,No
12758-CLHHM,Female,0,No,No,8,Yes,No,Fiber optic,No,No,Yes,No,No,No,Month-to-month,Yes,Bank transfer (automatic),98.43,808.38,Yes
12759-DPGDM,Female,0,Yes,No,5,Yes,No,DSL,No,No,Yes,No,No,Yes,Month-to-month,No,Mailed check,44.98,191.22,No
12760-LAANA,Female,0,No,No,5,Yes,No,Fiber optic,No,Yes,No,Yes,No,No,Two year,No,Bank transfer (automatic),106.11,499.15,No
12761-BFLJK,Female,0,Yes,No,3,Yes,Yes,DSL,No,Yes,Yes,No,No,Yes,Month-to-month,Yes,Bank transfer (automatic),47.51,108.15,No
12762-EKBHI,Female,1,Yes,Yes,26,Yes,Yes,Fiber optic,No,Yes,No,No,Yes,No,Month-to-month,No,Credit card (automatic),75.3,1925.26,Yes
12763-GLNPO,Male,0,Yes,Yes,62,Yes,Yes,No,No internet service,No internet service,No internet service,No internet service,No internet service,No internet service,One year,No,Credit card (automatic),18.0,1143.97,No
12764-POLID,Female,0,Yes,No,9,Yes,No,Fiber optic,No,No,No,Yes,No,Yes,Month-to-month,Yes,Credit card (automatic),89.84,883.83,No
12765-MGEPE,Female,0,No,Yes,1,Yes,Yes,DSL,No,Yes,No,No,No,No,Month-to-month,Yes,Electronic check,51.88,139.57,No
12766-CPIMJ,Female,0,Yes,Yes,25,Yes,Yes,No,No internet service,No internet service,No internet service,No internet service,No internet service,No internet service,One year,No,Credit card (automatic),18.0,571.02,No
12767-EFCJG,Female,0,No,No,15,Yes,No,Fiber optic,Yes,No,No,Yes,No,No,Two year,No,Bank transfer (automatic),90.95,1326.51,No
12768-IINOM,Female,0,Yes,No,25,Yes,Yes,Fiber optic,No,No,Yes,No,No,No,One year,Yes,Bank transfer (automatic),95.81,2540.19,No
12769-JNJEG,Male,0,No,Yes,20,Yes,Yes,DSL,No,No,No,Yes,No,No,Two year,Yes,Electronic check,63.41,1275.43,No
12770-MLLMC,Female,0,No,No,47,Yes,Yes,DSL,No,Yes,Yes,No,No,No,One year,Yes,Mailed check,74.75,3540.42,No
12771-FLHMH,Male,0,Yes,No,3,Yes,Yes,Fiber optic,Yes,No,Yes,No,Yes,Yes,Month-to-month,No,Bank transfer (automatic),89.69,325.46,No
12772-PBFGL,Female,0,Yes,No,3,Yes,Yes,DSL,Yes,Yes,Yes,No,No,Yes,Month-to-month,Yes,Electronic check,65.99,191.61,No
12773-GCNNI,Male,0,Yes,Yes,8,No,No phone service,No,No internet service,No internet service,No internet service,No internet service,No internet service,No internet service,Two year,Yes,Electronic check,18.0,156.61,Yes
12774-BKPCO,Male,0,Yes,No,13,Yes,No,Fiber optic,No,No,No,No,No,No,Month-to-month,Yes,Mailed check,81.89,1082.48,Yes
12775-KBKID,Female,0,Yes,No,51,Yes,Yes,DSL,Yes,No,No,No,Yes,Yes,Month-to-month,No,Mailed check,57.84,2922.55,No
12776-BCMDO,Male,0,Yes,No,47,Yes,No,DSL,No,Yes,Yes,No,No,No,Two year,No,Electronic check,49.99,2353.93,No
12777-PNJMF,Male,0,Yes,No,41,Yes,Yes,No,No internet service,No internet service,No internet service,No internet service,No internet service,No internet service,Month-to-month,Yes,Mailed check,23.95,942.8,No
12778-ECPJH,Female,0,No,No,5,Yes,No,No,No internet service,No internet service,No internet service,No internet service,No internet service,No internet service,Month-to-month,Yes,Electronic check,18.0,85.71,No
12779-HGCNO,Male,1,Yes,No,26,Yes,Yes,Fiber optic,No,No,No,Yes,No,Yes,Two year,Yes,Mailed check,93.32,2499.95,No
12780-PAEAF,Male,1,No,Yes,9,Yes,No,DSL,No,No,Yes,No,Yes,Yes,One year,No,Electronic check,58.36,596.31,No
12781-KGOOL,Male,0,No,Yes,53,Yes,Yes,Fiber optic,No,No,No,Yes,No,No,Month-to-month,No,Credit card (automatic),79.66,4120.98,Yes
12782-EDBEI,Female,1,Yes,No,4,Yes,No,No,No internet service,No internet service,No internet service,No internet service,No internet service,No internet service,Month-to-month,No,Electronic check,39.03,174.1,Yes
12783-DNBMO,Female,0,Yes,Yes,3,Yes,No,DSL,Yes,No,No,Yes,No,Yes,Month-to-month,Yes,Mailed check,41.83,130.97,No
12784-FHBIG,Female,0,Yes,Yes,36,Yes,Yes,Fiber optic,No,No,No,No,Yes,Yes,Month-to-month,No,Electronic check,82.14,2919.42,Yes
12785-NMBKP,Female,0,Yes,No,25,No,No phone service,Fiber optic,No,Yes,No,Yes,No,Yes,One year,No,Electronic check,92.7,2285.47,No
12786-EEGMO,Male,0,No,No,34,No,No phone service,No,No internet service,No internet service,No internet service,No internet service,No internet service,No internet service,Two year,Yes,Electronic check,18.0,597.13,No
12787-EKNFN,Female,0,Yes,Yes,3,Yes,No,Fiber optic,Yes,Yes,No,Yes,No,No,Month-to-month,No,Credit card (automatic),72.68,245.69,No
12788-ICCHJ,Male,0,Yes,No,43,Yes,Yes,DSL,No,No,Yes,No,No,Yes,Two year,No,Electronic check,44.88,1900.36,No
12789-LFLJC,Female,0,Yes,No,22,Yes,No,DSL,No,No,Yes,No,Yes,No,One year,Yes,Mailed check,59.86,1346.79,No
12790-BMBBO,Female,0,No,No,21,Yes,No,DSL,No,No,No,Yes,No,No,One year,No,Bank transfer (automatic),57.34,1238.34,No
12791-EOLPE,Male,0,No,No,17,Yes,No,No,No internet service,No internet service,No internet service,No internet service,No internet service,No internet service,Month-to-month,Yes,Bank transfer (automatic),21.8,383.48,No
12792-PABPB,Male,0,No,No,28,Yes,No,No,No internet service,No internet service,No internet service,No internet service,No internet service,No internet service,Month-to-month,No,Bank transfer (automatic),21.73,601.77,No
12793-ODGCE,Female,0,No,No,10,Yes,No,Fiber optic,No,No,Yes,No,No,Yes,One year,Yes,Electronic check,91.12,906.38,No
12794-KIEIA,Female,0,Yes,No,2,Yes,No,Fiber optic,No,No,Yes,No,No,No,Two year,No,Bank transfer (automatic),70.73,143.08,No
12795-INEHE,Female,0,Yes,No,15,Yes,No,Fiber optic,Yes,No,No,No,Yes,No,Month-to-month,Yes,Credit card (automatic),101.31,1582.57,No
12796-NLPFH,Female,0,Yes,No,27,Yes,No,DSL,No,No,No,No,No,No,Two year,Yes,Credit card (automatic),45.87,1236.13,No
12797-BCKIE,Female,0,No,No,3,Yes,No,Fiber optic,Yes,No,No,Yes,No,Yes,One year,No,Mailed check,82.29,254.79,No
12798-EIJCN,Male,0,No,No,5,Yes,Yes,No,No internet service,No internet service,No internet service,No internet service,No internet service,No internet service,Two year,No,Mailed check,27.1,104.05,No
12799-DPPPP,Female,0,Yes,No,23,Yes,No,DSL,No,Yes,No,Yes,Yes,No,Month-to-month,Yes,Electronic check,52.21,1149.47,Yes
12800-GBHEO,Male,0,Yes,Yes,6,Yes,No,DSL,Yes,Yes,No,No,Yes,No,Two year,Yes,Mailed check,54.74,297.68,No
12801-ACOIE,Female,1,Yes,No,3,Yes,No,DSL,No,No,Yes,No,Yes,No,Two year,Yes,Electronic check,42.62,199.62,No
12802-HANGG,Female,0,No,Yes,44,Yes,No,DSL,No,Yes,No,No,Yes,Yes,Two year,Yes,Electronic check,44.61,1969.74,No
12803-HCAKO,Male,0,No,No,3,No,No phone service,Fiber optic,No,No,No,No,No,Yes,Two year,No,Mailed check,71.8,185.58,Yes
12804-IAKFI,Female,0,Yes,Yes,8,Yes,No,DSL,No,Yes,No,No,No,Yes,Month-to-month,Yes,Electronic check,56.22,475.26,Yes
12805-NBDBD,Male,0,Yes,No,11,Yes,No,Fiber optic,No,Yes,No,No,No,No,Month-to-month,Yes,Electronic check,87.31,895.4,Yes
12806-BLAKC,Male,0,Yes,No,12,Yes,No,Fiber optic,No,Yes,No,Yes,Yes,Yes,Month-to-month,No,Electronic check,86.91,977.9,Yes
12807-HEPDE,Female,0,No,No,8,Yes,No,No,No internet service,No internet service,No internet service,No internet service,No internet service,No internet service,Month-to-month,No,Credit card (automatic),20.2,160.84,No
12808-FFELK,Male,0,No,Yes,48,Yes,Yes,No,No internet service,No internet service,No internet service,No internet service,No internet service,No internet service,Month-to-month,No,Credit card (automatic),24.81,1256.63,No
12809-LFIEM,Female,0,Yes,No,21,Yes,No,Fiber optic,Yes,Yes,No,No,No,No,Month-to-month,Yes,Mailed check,96.01,2075.95,No
12810-FDMCM,Female,1,Yes,No,8,Yes,No,DSL,No,No,No,No,Yes,No,One year,No,Electronic check,32.33,234.22,Yes
12811-LFKKE,Female,0,Yes,No,8,No,No phone service,DSL,No,No,Yes,No,Yes,Yes,One year,No,Mailed check,66.82,518.46,No
12812-DEGAP,Female,0,No,No,13,Yes,Yes,Fiber optic,No,Yes,No,No,Yes,No,Month-to-month,Yes,Bank transfer (automatic),84.54,1134.74,Yes
12813-NOPAK,Female,0,No,No,0,Yes,No,DSL,Yes,No,No,No,Yes,No,One year,No,Electronic check,64.3,1.21,No
12814-MABIM,Female,0,No,Yes,52,Yes,Yes,No,No internet service,No internet service,No internet service,No internet service,No internet service,No internet service,Month-to-month,No,Credit card (automatic),18.0,952.46,No
12815-PENIM,Female,0,No,No,5,Yes,No,Fiber optic,No,No,No,No,Yes,No,Month-to-month,Yes,Bank transfer (automatic),82.15,402.09,Yes
12816-EONGN,Male,0,Yes,No,23,Yes,Yes,No,No internet service,No internet service,No internet service,No internet service,No internet service,No internet service,One year,Yes,Credit card (automatic),18.0,385.75,No
12817-NPOFB,Female,0,No,Yes,30,Yes,Yes,Fiber optic,No,No,No,Yes,No,Yes,Month-to-month,No,Mailed check,85.67,2634.1,Yes
12818-PCEDN,Male,0,Yes,No,35,Yes,No,No,No internet service,No internet service,No internet service,No internet service,No internet service,No internet service,One year,Yes,Bank transfer (automatic),21.39,757.32,No
12819-KFHHC,Female,0,Yes,No,3,Yes,Yes,No,No internet service,No internet service,No internet service,No internet service,No internet service,No internet service,Month-to-month,Yes,Mailed check,18.0,8.19,No
12820-DPABM,Female,0,No,No,15,Yes,Yes,DSL,Yes,No,No,No,No,No,One year,No,Electronic check,56.15,874.14,No
12821-IOLJJ,Male,0,No,Yes,1,No,No phone service,Fiber optic,No,No,Yes,Yes,No,Yes,Month-to-month,Yes,Credit card (automatic),69.34,25.27,Yes
12822-BLFNP,Male,0,No,No,32,Yes,No,DSL,No,No,No,Yes,No,No,Month-to-month,No,Mailed check,59.39,1892.11,No
12823-GFHIH,Male,0,No,No,13,Yes,No,No,No internet service,No internet service,No internet service,No internet service,No internet service,No internet service,Month-to-month,No,Mailed check,18.0,277.22,No
12824-EHJOO,Male,0,No,No,3,Yes,No,Fiber optic,Yes,No,No,No,No,Yes,Two year,Yes,Mailed check,83.04,209.69,No
12825-JIPNH,Female,0,Yes,No,25,No,No phone service,DSL,No,No,No,No,No,No,Month-to-month,Yes,Mailed check,52.28,1271.79,No
12826-BBLCG,Female,0,No,No,8,Yes,No,No,No internet service,No internet service,No internet service,No internet service,No internet service,No internet service,Month-to-month,Yes,Bank transfer (automatic),18.0,243.63,No
12827-IHIFA,Male,0,No,No,2,Yes,No,DSL,No,Yes,No,No,No,Yes,Month-to-month,Yes,Bank transfer (automatic),43.5,65.6,Yes
12828-NPLPD,Female,0,No,No,12,Yes,Yes,Fiber optic,No,No,No,No,No,Yes,Month-to-month,Yes,Credit card (automatic),94.7,1096.12,No
12829-MFOLP,Male,0,No,No,5,Yes,No,Fiber optic,Yes,Yes,No,Yes,No,Yes,Month-to-month,No,Credit card (automatic),93.05,503.94,Yes
12830-FOHOP,Male,0,No,No,60,Yes,Yes,No,No internet service,No internet service,No internet service,No internet service,No internet service,No internet service,Month-to-month,No,Mailed check,29.89,1780.68,No
12831-AMKBB,Male,1,No,Yes,8,Yes,No,No,No internet service,No internet service,No internet service,No internet service,No internet service,No internet service,Two year,Yes,Electronic check,31.22,373.07,Yes
12832-MFNNK,Male,0,Yes,No,16,Yes,No,Fiber optic,Yes,Yes,No,No,No,No,Month-to-month,Yes,Mailed check,68.88,1077.05,No
12833-GBEFD,Male,0,No,No,59,Yes,Yes,DSL,Yes,No,No,Yes,Yes,No,Month-to-month,No,Electronic check,39.81,2344.98,No
12834-ACPNJ,Female,0,No,No,10,Yes,No,DSL,No,Yes,Yes,No,Yes,No,Two year,No,Bank transfer (automatic),60.9,643.21,No
12835-IMFBI,Male,0,Yes,No,8,Yes,No,Fiber optic,No,Yes,No,Yes,Yes,No,Month-to-month,Yes,Bank transfer (automatic),85.83,644.65,Yes
12836-DKMHJ,Male,0,No,Yes,3,Yes,Yes,DSL,No,Yes,Yes,No,No,Yes,One year,Yes,Electronic check,64.72,202.76,Yes
12837-GLKCO,Female,1,Yes,No,55,Yes,Yes,Fiber optic,No,No,No,No,No,Yes,Month-to-month,No,Credit card (automatic),81.22,4479.04,No
12838-HDBKE,Male,1,Yes,No,32,Yes,No,Fiber optic,Yes,Yes,Yes,No,No,Yes,Two year,Yes,Bank transfer (automatic),71.74,2243.6,No
12839-AMHNH,Male,0,No,Yes,4,Yes,No,Fiber optic,No,No,No,No,No,No,Two year,Yes,Electronic check,99.96,387.72,No
12840-CADIP,Female,0,No,No,8,Yes,No,DSL,No,No,Yes,No,No,No,Month-to-month,Yes,Electronic check,52.37,400.99,Yes
12841-IOAKO,Female,0,Yes,No,49,Yes,No,Fiber optic,No,No,No,Yes,No,Yes,Month-to-month,Yes,Credit card (automatic),82.3,4019.93,No
12842-PPPGF,Female,0,No,Yes,15,Yes,Yes,DSL,No,No,No,Yes,No,Yes,Month-to-month,Yes,Mailed check,60.25,882.67,No
12843-NGGHP,Female,0,No,No,16,No,No phone service,Fiber optic,No,No,Yes,Yes,Yes,No,Two year,No,Credit card (automatic),82.5,1292.49,Yes
12844-HJNKB,Female,0,No,No,20,Yes,Yes,Fiber optic,No,No,No,No,Yes,No,Month-to-month,No,Mailed check,89.34,1864.59,No
12845-LLLDD,Male,0,No,Yes,28,Yes,Yes,Fiber optic,No,No,No,No,Yes,No,Two year,Yes,Electronic check,80.18,2303.53,No
12846-MOKJL,Male,0,No,No,56,Yes,No,DSL,Yes,No,No,No,No,Yes,Two year,Yes,Bank transfer (automatic),60.1,3401.9,No
12847-MHPNM,Male,0,No,No,32,No,No phone service,Fiber optic,No,Yes,No,No,Yes,No,Month-to-month,Yes,Electronic check,80.76,2619.92,Yes
12848-MCLMO,Female,1,No,Yes,54,Yes,Yes,Fiber optic,Yes,No,No,No,No,No,Two year,Yes,Credit card (automatic),99.31,5347.21,No
12849-MLCMB,Female,0,Yes,Yes,34,Yes,No,DSL,No,Yes,No,Yes,Yes,No,Month-to-month,Yes,Bank transfer (automatic),64.06,2165.33,No
12850-AHNII,Female,1,Yes,No,0,Yes,No,Fiber optic,No,No,No,No,Yes,Yes,Month-to-month,Yes,Credit card (automatic),89.43,52.93,Yes
12851-KHEAI,Female,0,Yes,No,2,Yes,No,Fiber optic,No,Yes,No,No,No,No,Month-to-month,Yes,Bank transfer (automatic),90.39,155.55,No
12852-PFLOG,Female,0,No,No,43,Yes,No,DSL,No,No,No,No,No,No,Month-to-month,No,Electronic check,62.17,2723.71,No
12853-HMEFL,Female,0,Yes,No,0,Yes,No,DSL,No,No,Yes,Yes,Yes,Yes,Month-to-month,No,Mailed check,49.85,34.21,No
12854-PMGGB,Male,0,Yes,No,31,Yes,Yes,DSL,No,No,No,Yes,Yes,No,Month-to-month,Yes,Mailed check,50.04,1462.38,No
12855-NKLNA,Female,0,No,No,37,Yes,Yes,DSL,Yes,Yes,No,Yes,No,No,One year,Yes,Credit card (automatic),49.43,1826.78,No
12856-HEJOB,Male,1,No,No,10,Yes,No,DSL,No,No,Yes,No,No,No,One year,Yes,Mailed check,47.34,360.5,No
12857-CPFJF,Male,0,No,No,8,Yes,No,DSL,No,No,Yes,No,No,No,Two year,Yes,Bank transfer (automatic),58.6,450.67,No
12858-HEEGJ,Male,0,Yes,No,4,Yes,Yes,DSL,No,Yes,No,No,Yes,No,Two year,No,Electronic check,49.78,127.86,Yes
12859-MPNOE,Female,0,Yes,No,1,No,No phone service,No,No internet service,No internet service,No internet service,No internet service,No internet service,No internet service,One year,Yes,Electronic check,37.16,0.0,No
12860-PPOIF,Female,1,Yes,No,27,Yes,No,DSL,No,No,Yes,No,Yes,No,Month-to-month,Yes,Mailed check,51.58,1455.73,Yes
12861-PGLHM,Female,0,Yes,Yes,1,Yes,No,Fiber optic,No,Yes,No,No,No,Yes,Month-to-month,Yes,Bank transfer (automatic),90.33,41.32,No
12862-ENPKD,Female,0,Yes,Yes,57,Yes,No,DSL,Yes,No,No,No,No,No,Month-to-month,Yes,Mailed check,55.27,3089.17,No
12863-OLOHL,Female,1,Yes,Yes,7,Yes,Yes,No,No internet service,No internet service,No internet service,No internet service,No internet service,No internet service,Month-to-month,No,Mailed check,22.39,112.64,No
12864-JIACL,Male,0,Yes,No,31,Yes,Yes,Fiber optic,No,No,No,No,Yes,Yes,One year,No,Electronic check,85.72,2632.96,No
12865-DMGFJ,Male,0,No,Yes,1,Yes,Yes,Fiber optic,No,Yes,No,No,No,Yes,One year,Yes,Bank transfer (automatic),87.24,122.9,Yes
12866-JPKAP,Female,0,Yes,Yes,15,Yes,No,Fiber optic,No,No,Yes,Yes,No,No,Two year,Yes,Electronic check,78.72,1108.91,No
12867-DFCOB,Male,0,Yes,No,8,Yes,No,DSL,No,No,No,No,No,No,Month-to-month,Yes,Mailed check,46.77,412.07,No
12868-BJLLD,Male,1,No,Yes,0,Yes,No,No,No internet service,No internet service,No internet service,No internet service,No internet service,No internet service,One year,No,Electronic check,18.0,0.0,No
12869-MAOJB,Female,0,No,Yes,21,Yes,No,DSL,Yes,No,Yes,Yes,No,No,Two year,No,Bank transfer (automatic),45.63,942.66,No
12870-PMJOB,Male,0,No,No,57,Yes,No,Fiber optic,No,No,No,Yes,Yes,No,Month-to-month,Yes,Electronic check,75.65,4304.72,No
12871-DDAGG,Male,1,No,No,0,Yes,Yes,DSL,No,No,No,No,No,Yes,Month-to-month,Yes,Credit card (automatic),48.59,3.93,Yes
12872-JKJJA,Female,0,No,Yes,6,Yes,Yes,No,No internet service,No internet service,No internet service,No internet service,No internet service,No internet service,Two year,Yes,Mailed check,23.87,83.86,Yes
12873-KHJNN,Male,1,No,No,24,Yes,Yes,DSL,No,Yes,No,No,Yes,Yes,One year,No,Bank transfer (automatic),51.55,1231.78,Yes
12874-GGKFL,Female,0,No,No,40,Yes,Yes,Fiber optic,No,No,No,Yes,No,Yes,Two year,No,Credit card (automatic),86.22,3366.0,No
12875-DKHBG,Female,0,Yes,No,4,Yes,Yes,DSL,No,Yes,Yes,Yes,No,Yes,Two year,No,Electronic check,64.8,256.39,No
12876-CNCNG,Female,0,Yes,No,1,Yes,Yes,Fiber optic,No,Yes,Yes,Yes,Yes,No,One year,Yes,Mailed check,73.94,141.72,No
12877-LCOOE,Male,1,No,Yes,0,Yes,No,DSL,Yes,No,No,Yes,Yes,No,Month-to-month,No,Credit card (automatic),69.71,0.0,Yes
12878-HNMDG,Male,0,No,No,4,Yes,Yes,No,No internet service,No internet service,No internet service,No internet service,No internet service,No internet service,Two year,Yes,Mailed check,29.99,91.02,No
12879-GBNPH,Male,1,No,No,1,Yes,No,DSL,No,No,No,Yes,No,No,Two year,No,Mailed check,59.38,66.07,No
12880-JLJON,Female,0,No,No,8,Yes,Yes,Fiber optic,No,No,No,No,No,Yes,Month-to-month,No,Mailed check,96.74,739.97,No
12881-IFNEA,Male,0,No,No,11,Yes,Yes,Fiber optic,Yes,No,No,No,Yes,No,Month-to-month,No,Mailed check,84.59,993.02,No
12882-AINDA,Male,0,No,No,13,Yes,Yes,No,No internet service,No internet service,No internet service,No internet service,No internet service,No internet service,Month-to-month,Yes,Bank transfer (automatic),18.0,157.19,Yes
12883-KJLCF,Female,0,No,No,3,Yes,No,No,No internet service,No internet service,No internet service,No internet service,No internet service,No internet service,Two year,Yes,Electronic check,29.88,150.18,No
12884-NKMMK,Female,0,Yes,No,12,Yes,Yes,No,No internet service,No internet service,No internet service,No internet service,No internet service,No internet service,Month-to-month,Yes,Mailed check,18.0,147.34,No
12885-HMJBH,Female,1,Yes,No,0,Yes,No,DSL,No,Yes,Yes,No,No,No,Month-to-month,No,Mailed check,60.07,0.0,No
12886-NMPAP,Male,0,No,No,5,Yes,No,DSL,No,Yes,No,No,No,Yes,One year,Yes,Bank transfer (automatic),44.88,177.72,Yes
12887-KBHGE,Female,0,No,No,9,Yes,No,Fiber optic,No,Yes,Yes,No,No,Yes,Month-to-month,Yes,Mailed check,88.61,765.19,Yes
12888-OMPPJ,Male,1,Yes,Yes,2,No,No phone service,Fiber optic,Yes,Yes,No,No,No,Yes,Two year,No,Credit card (automatic),71.98,143.75,Yes
12889-BPIEH,Female,0,No,No,33,Yes,No,Fiber optic,Yes,No,No,Yes,No,No,Two year,No,Mailed check,75.24,2540.78,No
12890-MDNIJ,Female,1,No,Yes,4,Yes,No,Fiber optic,No,Yes,No,Yes,No,No,Month-to-month,Yes,Bank transfer (automatic),84.64,425.45,No
12891-GBCNB,Female,0,Yes,No,28,Yes,Yes,DSL,No,No,Yes,No,No,No,Month-to-month,Yes,Electronic check,56.33,1599.73,Yes
12892-EBPEM,Female,0,No,Yes,12,Yes,No,DSL,Yes,No,No,Yes,No,No,Month-to-month,Yes,Electronic check,37.03,426.36,No
12893-IBIGG,Male,0,No,Yes,13,Yes,No,Fiber optic,No,Yes,Yes,Yes,No,No,Month-to-month,No,Credit card (automatic),93.59,1227.29,Yes
12894-NEHPG,Male,0,No,No,20,Yes,No,No,No internet service,No internet service,No internet service,No internet service,No internet service,No internet service,One year,No,Bank transfer (automatic),28.05,614.65,No
12895-FBFNB,Male,0,No,Yes,0,Yes,Yes,Fiber optic,Yes,No,Yes,No,No,Yes,Month-to-month,Yes,Credit card (automatic),91.83,57.31,No
12896-AIMPE,Female,1,Yes,Yes,1,Yes,No,DSL,Yes,No,No,No,Yes,Yes,Month-to-month,Yes,Bank transfer (automatic),52.62,83.47,Yes
12897-JJDLK,Male,0,No,No,7,Yes,No,No,No internet service,No internet service,No internet service,No internet service,No internet service,No internet service,Month-to-month,Yes,Mailed check,25.28,183.8,No
12898-HOENG,Female,0,No,No,10,Yes,No,Fiber optic,No,Yes,No,No,No,No,Month-to-month,Yes,Bank transfer (automatic),85.09,756.05,No
12899-COPHH,Female,1,No,No,11,Yes,Yes,Fiber optic,No,No,No,No,No,Yes,Month-to-month,No,Mailed check,73.92,874.58,Yes
12900-CINHA,Male,0,Yes,No,22,Yes,No,DSL,No,No,No,No,Yes,No,One year,Yes,Electronic check,56.33,1248.05,Yes
12901-HLKOD,Female,1,No,Yes,0,Yes,No,Fiber optic,No,No,Yes,No,Yes,Yes,Month-to-month,No,Electronic check,67.96,0.0,Yes
12902-FPNMP,Female,0,No,No,63,Yes,No,DSL,No,No,Yes,Yes,Yes,No,Month-to-month,No,Credit card (automatic),46.38,2873.55,No
12903-JIEGM,Male,0,Yes,No,3,Yes,Yes,No,No internet service,No internet service,No internet service,No internet service,No internet service,No internet service,Two year,No,Mailed check,18.0,95.3,Yes
12904-OAINF,Male,0,Yes,No,5,Yes,No,Fiber optic,Yes,Yes,Yes,No,No,No,Two year,Yes,Bank transfer (automatic),85.91,413.84,No
12905-KDFEC,Female,0,Yes,No,47,Yes,Yes,Fiber optic,No,No,No,Yes,No,No,Month-to-month,Yes,Electronic check,98.58,4621.87,Yes
12906-GCMNP,Male,0,No,No,0,Yes,Yes,Fiber optic,No,Yes,No,No,No,No,Month-to-month,No,Credit card (automatic),67.53,56.49,No
12907-OMBND,Female,0,No,No,72,Yes,Yes,DSL,Yes,No,No,No,No,No,Month-to-month,Yes,Credit card (automatic),66.53,4726.16,No
12908-GENIJ,Male,0,No,Yes,0,Yes,Yes,Fiber optic,Yes,No,No,No,Yes,No,Month-to-month,No,Mailed check,89.98,0.0,Yes
12909-OGLNI,Female,0,Yes,Yes,2,Yes,Yes,Fiber optic,No,No,Yes,No,No,No,Two year,Yes,Bank transfer (automatic),89.61,72.62,Yes
12910-NILBO,Female,1,No,No,5,Yes,No,Fiber optic,No,Yes,No,Yes,No,No,Month-to-month,Yes,Mailed check,79.69,400.59,Yes
12911-AKDDM,Female,0,No,Yes,11,Yes,No,DSL,Yes,No,No,Yes,No,Yes,One year,No,Mailed check,53.67,526.19,No
12912-BCCEA,Male,0,Yes,No,14,Yes,Yes,No,No internet service,No internet service,No internet service,No internet service,No internet service,No internet service,Two year,No,Credit card (automatic),18.0,232.17,No
12913-IHHCB,Male,0,No,Yes,2,Yes,No,Fiber optic,No,Yes,Yes,No,No,Yes,One year,Yes,Credit card (automatic),96.74,137.52,No
12914-ALFMJ,Female,0,No,No,1,Yes,Yes,DSL,No,No,Yes,No,Yes,No,Month-to-month,Yes,Mailed check,64.71,165.69,No
12915-ANKEI,Male,0,Yes,No,0,Yes,No,Fiber optic,Yes,Yes,Yes,Yes,Yes,No,Month-to-month,No,Electronic check,88.81,0.0,No
12916-KIMLO,Male,0,Yes,No,5,Yes,No,No,No internet service,No internet service,No internet service,No internet service,No internet service,No internet service,Month-to-month,Yes,Electronic check,18.0,132.99,No
12917-DGNKG,Male,0,No,No,50,Yes,No,Fiber optic,No,Yes,No,No,No,No,One year,Yes,Bank transfer (automatic),76.47,3845.56,No
12918-DEKIG,Female,0,Yes,No,9,Yes,No,Fiber optic,No,No,Yes,No,No,Yes,Month-to-month,Yes,Bank transfer (automatic),76.53,755.88,No
12919-PGJGO,Male,0,Yes,No,28,No,No phone service,Fiber optic,Yes,Yes,Yes,No,No,No,Month-to-month,No,Electronic check,95.35,2653.84,Yes
12920-IEFCA,Male,1,No,Yes,4,Yes,Yes,DSL,No,Yes,No,No,No,Yes,Month-to-month,No,Electronic check,65.88,235.43,No
12921-KPLBH,Male,0,No,No,1,Yes,No,Fiber optic,No,No,No,No,No,No,Month-to-month,Yes,Bank transfer (automatic),79.15,100.45,No
12922-MAJGE,Female,0,No,No,16,Yes,No,Fiber optic,Yes,No,No,No,Yes,Yes,One year,Yes,Electronic check,89.83,1447.0,No
12923-PMFPH,Female,0,Yes,No,34,Yes,Yes,DSL,No,Yes,Yes,No,No,No,Two year,Yes,Electronic check,66.78,2256.2,No
12924-DFNKC,Female,0,No,Yes,45,Yes,Yes,DSL,No,No,No,No,Yes,No,Two year,No,Mailed check,40.94,1849.05,No
12925-GBLHM,Male,0,No,Yes,15,Yes,No,DSL,Yes,No,No,No,Yes,Yes,One year,No,Credit card (automatic),43.88,650.78,No
12926-GLLHP,Female,0,No,No,6,Yes,No,Fiber optic,Yes,Yes,No,No,No,No,Month-to-month,Yes,Mailed check,81.57,484.26,No
12927-BCPLD,Male,0,Yes,Yes,2,Yes,Yes,DSL,No,No,Yes,No,Yes,No,Month-to-month,Yes,Bank transfer (automatic),53.33,158.04,No
12928-LILLP,Male,0,No,No,22,Yes,Yes,No,No internet service,No internet service,No internet service,No internet service,No internet service,No internet service,Month-to-month,Yes,Credit card (automatic),22.32,502.02,No
12929-EFADN,Female,0,No,No,6,Yes,Yes,Fiber optic,No,No,Yes,Yes,Yes,Yes,Month-to-month,Yes,Electronic check,77.32,412.03,Yes
12930-DJHHJ,Male,0,No,Yes,37,Yes,No,Fiber optic,Yes,No,No,Yes,No,No,One year,Yes,Bank transfer (automatic),91.55,3414.31,No
12931-FHIEA,Female,0,No,No,18,Yes,No,Fiber optic,Yes,No,No,Yes,Yes,Yes,Two year,No,Credit card (automatic),74.06,1255.06,No
12932-ABBEG,Male,0,Yes,No,39,Yes,No,DSL,No,No,Yes,No,No,No,One year,Yes,Electronic check,62.99,2451.12,No
12933-GODMD,Male,0,No,No,16,No,No phone service,DSL,No,Yes,No,No,No,No,Two year,No,Credit card (automatic),60.51,1049.65,Yes
12934-NNKOJ,Male,0,No,No,29,Yes,No,Fiber optic,No,No,Yes,No,Yes,No,Month-to-month,Yes,Mailed check,78.09,2343.17,No
12935-CKBPC,Male,0,No,No,6,Yes,Yes,Fiber optic,No,No,No,No,Yes,No,Month-to-month,No,Electronic check,76.31,406.01,Yes
12936-HOAPD,Male,0,Yes,No,13,Yes,No,Fiber optic,No,Yes,No,Yes,Yes,No,Two year,Yes,Credit card (automatic),88.72,1130.87,No
12937-GPEBA,Female,0,No,No,0,No,No phone service,DSL,Yes,No,No,No,Yes,No,One year,Yes,Mailed check,43.19,0.0,No
12938-FMMPE,Female,0,No,No,18,Yes,No,DSL,Yes,No,No,No,No,No,Month-to-month,Yes,Bank transfer (automatic),50.4,960.42,No
12939-CKKOP,Female,0,No,No,15,Yes,Yes,No,No internet service,No internet service,No internet service,No internet service,No internet service,No internet service,Month-to-month,No,Mailed check,18.0,261.53,No
12940-KICPB,Female,0,No,No,28,Yes,Yes,DSL,No,Yes,Yes,No,Yes,No,Month-to-month,Yes,Bank transfer (automatic),46.82,1345.13,No
12941-EIHFC,Male,0,Yes,No,26,Yes,No,DSL,No,Yes,No,No,No,Yes,Two year,No,Electronic check,61.67,1604.32,No
12942-FEAEN,Male,0,No,No,19,No,No phone service,DSL,Yes,Yes,No,No,No,No,Month-to-month,No,Mailed check,68.01,1281.1,No
12943-GILOA,Female,0,No,Yes,1,Yes,Yes,Fiber optic,No,No,Yes,No,No,Yes,Month-to-month,Yes,Bank transfer (automatic),80.88,0.0,No
12944-CHFMP,Female,0,No,Yes,46,Yes,No,No,No internet service,No internet service,No internet service,No internet service,No internet service,No internet service,One year,Yes,Mailed check,18.0,835.93,No
12945-EMJBC,Male,0,Yes,No,0,Yes,No,DSL,No,Yes,Yes,No,Yes,Yes,One year,Yes,Bank transfer (automatic),54.66,19.19,No
12946-LPBAG,Female,0,Yes,Yes,32,Yes,Yes,Fiber optic,Yes,No,No,No,Yes,Yes,Month-to-month,Yes,Credit card (automatic),76.84,2418.99,Yes
12947-NCGLG,Male,0,No,No,13,Yes,Yes,Fiber optic,Yes,No,Yes,No,Yes,Yes,Month-to-month,Yes,Electronic check,88.66,1146.02,Yes
12948-HAEJI,Male,0,Yes,No,34,Yes,Yes,No,No internet service,No internet service,No internet service,No internet service,No internet service,No internet service,One year,Yes,Credit card (automatic),18.0,609.1,No
12949-LKGAH,Female,0,No,No,12,Yes,No,Fiber optic,Yes,No,No,No,No,No,Month-to-month,No,Electronic check,88.59,1058.91,Yes
12950-CMDDO,Male,0,Yes,Yes,20,Yes,Yes,No,No internet service,No internet service,No internet service,No internet service,No internet service,No internet service,Month-to-month,No,Credit card (automatic),21.03,416.48,No
12951-JNLHA,Male,1,No,No,9,Yes,Yes,Fiber optic,No,Yes,No,No,No,No,Two year,No,Credit card (automatic),95.46,820.04,Yes
12952-HIIED,Female,1,No,Yes,27,Yes,Yes,Fiber optic,No,No,No,No,No,No,Two year,Yes,Mailed check,79.87,2118.71,No
12953-DIOHJ,Female,0,Yes,No,5,Yes,No,Fiber optic,No,No,No,No,Yes,Yes,One year,Yes,Mailed check,82.18,430.59,No
12954-OJLGP,Male,0,No,No,25,Yes,No,No,No internet service,No internet service,No internet service,No internet service,No internet service,No internet service,One year,Yes,Bank transfer (automatic),21.56,512.01,No
12955-LCDOP,Female,0,Yes,Yes,4,Yes,No,Fiber optic,No,Yes,No,No,Yes,No,Month-to-month,No,Credit card (automatic),79.06,329.52,Yes
12956-INMHL,Male,0,Yes,Yes,25,Yes,No,Fiber optic,Yes,No,Yes,No,No,No,Two year,Yes,Electronic check,76.76,1902.0,Yes
12957-LAPCN,Female,0,Yes,Yes,6,No,No phone service,DSL,No,No,No,No,No,No,Two year,Yes,Mailed check,42.55,182.39,No
12958-PLJBB,Male,0,No,Yes,6,Yes,No,Fiber optic,No,No,No,No,No,Yes,One year,No,Mailed check,77.39,472.37,Yes
12959-MMHFL,Male,0,Yes,Yes,33,Yes,No,Fiber optic,No,Yes,No,No,Yes,No,One year,Yes,Credit card (automatic),80.78,2699.65,No
12960-LLMFD,Male,1,Yes,No,33,Yes,No,Fiber optic,No,No,Yes,No,No,No,One year,Yes,Electronic check,85.86,2874.01,Yes
12961-AKGHP,Male,0,No,No,23,Yes,Yes,Fiber optic,No,No,Yes,No,Yes,No,One year,Yes,Bank transfer (automatic),83.28,1894.84,No
12962-BBPAD,Male,0,Yes,No,51,Yes,No,DSL,No,No,Yes,No,Yes,No,Month-to-month,No,Mailed check,67.49,3453.23,No
12963-FNEDN,Male,1,Yes,No,3,Yes,No,Fiber optic,No,No,No,Yes,Yes,No,Month-to-month,No,Credit card (automatic),92.18,248.1,No
12964-DJOGG,Male,0,Yes,No,6,No,No phone service,DSL,Yes,Yes,No,No,No,Yes,Month-to-month,No,Electronic check,58.59,424.16,Yes
12965-BMGBD,Male,0,Yes,Yes,6,Yes,No,DSL,No,Yes,No,Yes,Yes,Yes,Month-to-month,No,Credit card (automatic),64.32,375.9,No
12966-OAEAP,Male,0,Yes,Yes,7,Yes,No,No,No internet service,No internet service,No internet service,No internet service,No internet service,No internet service,Month-to-month,No,Electronic check,30.75,141.21,No
12967-DMIML,Female,0,Yes,No,7,Yes,No,DSL,Yes,Yes,No,Yes,No,Yes,Month-to-month,Yes,Electronic check,54.3,416.11,Yes
12968-HFOHE,Male,0,Yes,No,23,Yes,Yes,Fiber optic,No,No,No,Yes,No,No,Two year,Yes,Mailed check,96.71,2204.81,No
12969-GHGND,Female,0,Yes,Yes,6,No,No phone service,No,No internet service,No internet service,No internet service,No internet service,No internet service,No internet service,Month-to-month,Yes,Electronic check,27.37,260.1,No
12970-EMNJF,Female,0,Yes,No,6,Yes,No,DSL,No,Yes,Yes,No,No,No,One year,Yes,Bank transfer (automatic),42.23,261.24,No
12971-NNLPK,Female,0,No,Yes,16,Yes,No,DSL,No,Yes,Yes,Yes,Yes,No,Month-to-month,Yes,Credit card (automatic),37.83,592.57,Yes
12972-FMIJN,Male,0,No,No,4,Yes,Yes,Fiber optic,Yes,Yes,No,Yes,No,No,Month-to-month,Yes,Bank transfer (automatic),70.94,255.18,No
12973-NBFMC,Male,0,Yes,No,9,Yes,Yes,DSL,No,No,Yes,No,Yes,Yes,Two year,Yes,Credit card (automatic),51.54,406.87,No
12974-NBFDE,Female,1,No,No,1,Yes,Yes,No,No internet service,No internet service,No internet service,No internet service,No internet service,No internet service,Month-to-month,Yes,Mailed check,18.0,65.99,No
12975-ECPLD,Male,0,No,Yes,60,Yes,Yes,DSL,No,No,No,No,Yes,Yes,One year,No,Credit card (automatic),71.45,4204.44,No
12976-CGOPA,Male,0,No,Yes,7,Yes,No,No,No internet service,No internet service,No internet service,No internet service,No internet service,No internet service,One year,Yes,Electronic check,20.66,172.51,Yes
12977-POPFD,Male,0,Yes,No,37,Yes,Yes,DSL,Yes,No,No,No,No,Yes,Month-to-month,No,Credit card (automatic),53.5,1938.78,No
12978-PAAEN,Male,0,No,No,15,No,No phone service,No,No internet service,No internet service,No internet service,No internet service,No internet service,No internet service,Month-to-month,No,Electronic check,18.0,234.39,Yes
12979-EJGML,Male,0,Yes,No,5,Yes,Yes,No,No internet service,No internet service,No internet service,No internet service,No internet service,No internet service,Month-to-month,No,Mailed check,20.11,138.07,No
12980-DNIDG,Male,0,No,No,4,Yes,Yes,Fiber optic,No,Yes,No,No,Yes,Yes,One year,No,Mailed check,79.03,275.01,Yes
12981-EOPEF,Female,1,Yes,No,23,Yes,No,Fiber optic,No,No,Yes,No,No,Yes,One year,No,Credit card (automatic),85.15,1945.03,Yes
12982-HOEOC,Female,1,Yes,Yes,66,Yes,Yes,DSL,No,Yes,No,Yes,No,No,One year,Yes,Bank transfer (automatic),43.33,2890.73,No
12983-FNLNB,Female,1,No,No,4,Yes,No,DSL,No,Yes,No,No,No,Yes,Month-to-month,No,Mailed check,60.93,306.8,Yes
12984-LLHHO,Female,0,No,Yes,2,Yes,No,Fiber optic,Yes,Yes,Yes,Yes,No,Yes,Month-to-month,No,Credit card (automatic),87.67,148.98,No
12985-CLHIE,Female,1,No,No,9,Yes,Yes,Fiber optic,No,No,No,Yes,Yes,No,Month-to-month,Yes,Credit card (automatic),80.15,713.0,Yes
12986-EFGCE,Male,0,Yes,No,10,Yes,No,No,No internet service,No internet service,No internet service,No internet service,No internet service,No internet service,Month-to-month,No,Electronic check,21.21,165.55,No
12987-AKJED,Male,1,Yes,No,32,Yes,Yes,Fiber optic,No,No,No,No,Yes,No,Month-to-month,Yes,Credit card (automatic),86.09,2691.38,Yes
12988-AGOAM,Male,1,No,Yes,12,Yes,Yes,Fiber optic,No,Yes,Yes,No,No,No,Month-to-month,Yes,Mailed check,93.88,1126.51,Yes
12989-HPNJL,Female,1,No,No,1,Yes,No,Fiber optic,No,No,No,No,No,No,One year,Yes,Credit card (automatic),86.14,125.85,Yes
12990-BJMLE,Female,0,No,Yes,50,Yes,No,No,No internet service,No internet service,No internet service,No internet service,No internet service,No internet service,Two year,No,Electronic check,23.05,1117.32,No
12991-MFION,Male,0,No,No,9,Yes,Yes,Fiber optic,No,Yes,Yes,No,Yes,Yes,Month-to-month,No,Electronic check,97.12,938.23,No
12992-GFEFO,Female,0,Yes,No,22,Yes,No,No,No internet service,No internet service,No internet service,No internet service,No internet service,No internet service,Two year,No,Bank transfer (automatic),18.0,371.47,No
12993-NKDAO,Male,0,Yes,No,22,Yes,No,DSL,No,No,Yes,Yes,No,Yes,One year,Yes,Electronic check,60.0,1284.89,No
12994-LIPKE,Male,0,Yes,No,1,Yes,No,DSL,Yes,No,Yes,No,Yes,Yes,Two year,No,Mailed check,50.84,119.1,No
12995-HGHAI,Male,0,No,No,0,Yes,No,No,No internet service,No internet service,No internet service,No internet service,No internet service,No internet service,Month-to-month,Yes,Bank transfer (automatic),18.0,18.64,Yes
12996-ACHLK,Female,0,No,Yes,1,Yes,No,No,No internet service,No internet service,No internet service,No internet service,No internet service,No internet service,Two year,Yes,Bank transfer (automatic),29.13,83.46,No
12997-ANAFE,Female,0,Yes,No,62,Yes,No,DSL,No,No,No,No,No,No,Two year,No,Bank transfer (automatic),64.37,4044.7,No
12998-KFCJL,Male,0,Yes,Yes,31,Yes,No,No,No internet service,No internet service,No internet service,No internet service,No internet service,No internet service,Two year,No,Bank transfer (automatic),18.0,606.72,No
12999-JFBHO,Male,1,Yes,No,2,Yes,No,No,No internet service,No internet service,No internet service,No internet service,No internet service,No internet service,Two year,No,Mailed check,18.0,32.76,Yes
13000-LFMPM,Female,0,Yes,Yes,19,Yes,Yes,DSL,Yes,No,No,No,No,No,Month-to-month,Yes,Electronic check,50.16,1020.47,No
13001-DDNKG,Female,0,No,Yes,18,Yes,No,No,No internet service,No internet service,No internet service,No internet service,No internet service,No internet service,Month-to-month,Yes,Credit card (automatic),23.64,486.76,No
13002-NPCKC,Female,0,Yes,Yes,0,Yes,Yes,No,No internet service,No internet service,No internet service,No internet service,No internet service,No internet service,Two year,Yes,Credit card (automatic),20.02,0.0,No
13003-FIAEA,Female,0,No,Yes,11,Yes,No,DSL,No,Yes,No,Yes,No,No,Month-to-month,No,Electronic check,55.8,653.45,Yes
13004-ACCDC,Male,0,No,No,24,Yes,Yes,Fiber optic,Yes,No,No,No,Yes,Yes,Month-to-month,Yes,Credit card (automatic),78.32,1915.85,Yes
13005-FLODH,Male,0,Yes,No,4,Yes,No,No,No internet service,No internet service,No internet service,No internet service,No internet service,No internet service,Month-to-month,Yes,Electronic check,19.4,0.0,Yes
13006-AHKAK,Female,1,Yes,Yes,38,Yes,No,Fiber optic,No,No,No,Yes,No,No,One year,Yes,Electronic check,82.02,3123.84,Yes
13007-AGAIN,Female,0,No,Yes,21,Yes,Yes,No,No internet service,No internet service,No internet service,No internet service,No internet service,No internet service,One year,No,Mailed check,36.14,758.83,No
13008-OHMOA,Female,0,Yes,No,0,Yes,No,DSL,Yes,No,Yes,No,Yes,No,Two year,Yes,Bank transfer (automatic),61.01,0.0,No
13009-BBBFD,Female,0,No,No,38,No,No phone service,Fiber optic,Yes,No,No,No,Yes,No,Two year,No,Electronic check,85.53,3275.8,No
13010-HAOJN,Male,0,No,No,0,Yes,Yes,DSL,Yes,No,No,No,No,Yes,Month-to-month,Yes,Credit card (automatic),53.12,0.0,No
13011-DPJKE,Female,0,Yes,No,43,Yes,Yes,DSL,Yes,No,Yes,No,Yes,No,One year,No,Credit card (automatic),48.5,2085.36,No
13012-IEMKC,Female,0,No,No,8,Yes,No,Fiber optic,No,No,No,No,No,Yes,Month-to-month,Yes,Credit card (automatic),78.01,665.32,Yes
13013-KDJGA,Male,0,No,No,23,Yes,Yes,Fiber optic,No,Yes,Yes,No,No,No,Month-to-month,No,Electronic check,88.16,1984.11,Yes
13014-KFHAH,Female,0,Yes,No,30,Yes,No,Fiber optic,No,No,No,No,Yes,Yes,Two year,Yes,Credit card (automatic),85.91,2605.75,No
13015-GAIKC,Male,0,No,Yes,6,Yes,Yes,No,No internet service,No internet service,No internet service,No internet service,No internet service,No internet service,Month-to-month,No,Mailed check,25.29,195.12,Yes
13016-BGKCA,Male,0,Yes,No,8,Yes,No,Fiber optic,No,No,No,No,No,No,Month-to-month,Yes,Bank transfer (automatic),77.1,658.18,Yes
13017-JMCFC,Male,1,No,Yes,14,No,No phone service,DSL,No,No,Yes,No,No,Yes,Month-to-month,No,Credit card (automatic),57.05,802.84,No
13018-EIGBA,Female,0,No,No,17,Yes,No,No,No internet service,No internet service,No internet service,No internet service,No internet service,No internet service,One year,Yes,Bank transfer (automatic),24.69,397.67,No
13019-GDKGF,Male,1,No,No,6,Yes,Yes,DSL,Yes,Yes,Yes,Yes,No,No,Month-to-month,Yes,Mailed check,50.8,366.97,No
13020-GDCLE,Female,0,Yes,No,72,Yes,No,Fiber optic,No,Yes,No,Yes,No,No,Month-to-month,Yes,Mailed check,91.45,6617.74,No
13021-CNCDH,Female,0,Yes,Yes,26,Yes,No,DSL,Yes,No,Yes,Yes,No,No,Two year,No,Bank transfer (automatic),47.59,1216.31,No
13022-BDKPC,Male,0,Yes,No,6,Yes,Yes,No,No internet service,No internet service,No internet service,No internet service,No internet service,No internet service,Month-to-month,Yes,Credit card (automatic),18.0,115.6,No
13023-GPBAJ,Male,0,No,Yes,20,Yes,Yes,DSL,Yes,No,Yes,No,Yes,No,Month-to-month,Yes,Credit card (automatic),60.17,1269.29,No
13024-AFCGH,Male,0,Yes,No,11,Yes,No,Fiber optic,No,No,No,No,Yes,Yes,Two year,Yes,Bank transfer (automatic),81.99,897.82,No
13025-EELBH,Female,0,No,No,39,Yes,No,Fiber optic,Yes,Yes,Yes,No,No,No,Two year,No,Electronic check,95.93,3686.62,No
13026-JPMAJ,Female,0,Yes,No,7,Yes,Yes,DSL,Yes,No,No,Yes,No,No,Two year,Yes,Mailed check,52.34,382.08,No
13027-IAAAG,Male,0,Yes,No,4,Yes,No,Fiber optic,Yes,Yes,Yes,Yes,No,No,Two year,Yes,Mailed check,99.95,373.88,No
13028-DLGEP,Female,1,Yes,No,0,Yes,No,DSL,Yes,Yes,Yes,No,Yes,No,Month-to-month,Yes,Electronic check,51.82,0.0,No
13029-LPNGJ,Male,1,No,No,72,Yes,Yes,No,No internet service,No internet service,No internet service,No internet service,No internet service,No internet service,Two year,Yes,Bank transfer (automatic),24.18,1637.52,No
13030-NGDBH,Female,0,No,Yes,8,Yes,No,No,No internet service,No internet service,No internet service,No internet service,No internet service,No internet service,Month-to-month,Yes,Credit card (automatic),22.62,187.73,No
13031-BPIEI,Female,0,Yes,Yes,4,Yes,No,No,No internet service,No internet service,No internet service,No internet service,No internet service,No internet service,Month-to-month,No,Electronic check,19.74,100.99,Yes
13032-OINHH,Female,0,No,No,13,Yes,No,Fiber optic,Yes,No,Yes,No,Yes,Yes,Month-to-month,Yes,Credit card (automatic),86.28,1060.41,No
13033-DPNDN,Female,0,Yes,No,6,Yes,No,DSL,Yes,No,No,No,No,No,Two year,Yes,Bank transfer (automatic),46.31,298.57,No
13034-BDPDF,Male,0,No,No,5,Yes,No,DSL,Yes,No,No,Yes,No,No,Month-to-month,No,Mailed check,62.82,372.66,No
13035-CBOHB,Male,0,No,Yes,19,Yes,Yes,Fiber optic,No,Yes,No,Yes,Yes,No,Month-to-month,No,Bank transfer (automatic),69.57,1337.57,Yes
13036-HGCFF,Male,1,Yes,No,1,Yes,Yes,Fiber optic,No,No,No,No,No,No,Month-to-month,Yes,Bank transfer (automatic),76.26,79.26,No
13037-JNEMH,Female,0,Yes,No,14,Yes,Yes,No,No internet service,No internet service,No internet service,No internet service,No internet service,No internet service,Month-to-month,Yes,Mailed check,20.58,309.43,No
13038-OKPLP,Female,0,Yes,No,9,Yes,No,Fiber optic,No,No,No,No,Yes,No,One year,No,Mailed check,69.39,563.46,No
13039-EPGPF,Male,0,Yes,No,15,Yes,No,No,No internet service,No internet service,No internet service,No internet service,No internet service,No internet service,Month-to-month,Yes,Electronic check,27.66,477.93,No
13040-KOGMI,Male,0,No,No,7,Yes,No,Fiber optic,Yes,No,No,No,Yes,Yes,One year,No,Electronic check,80.02,554.82,Yes
13041-CJGMJ,Male,0,No,No,16,No,No phone service,Fiber optic,No,Yes,No,No,No,No,Two year,No,Credit card (automatic),81.65,1301.62,Yes
13042-CMBPL,Female,0,No,No,1,Yes,Yes,DSL,Yes,No,No,No,Yes,No,One year,Yes,Electronic check,64.83,31.08,No
13043-GDAFK,Male,0,No,No,9,Yes,No,DSL,No,No,Yes,No,No,No,Two year,Yes,Bank transfer (automatic),62.51,510.84,No
13044-FFBAC,Male,1,Yes,No,5,Yes,No,Fiber optic,No,No,Yes,No,Yes,No,Month-to-month,No,Credit card (automatic),88.7,403.04,No
13045-LNBFM,Male,0,Yes,No,11,Yes,No,Fiber optic,No,No,No,No,No,No,Month-to-month,No,Credit card (automatic),88.69,935.2,No
13046-LFMEJ,Male,0,No,No,10,Yes,No,Fiber optic,Yes,No,Yes,No,Yes,Yes,One year,No,Electronic check,100.03,1033.03,No
13047-JEINE,Male,1,No,No,19,Yes,No,DSL,No,Yes,Yes,No,Yes,No,Two year,Yes,Credit card (automatic),68.95,1350.72,No
13048-MJFKD,Male,0,No,Yes,19,Yes,Yes,Fiber optic,No,No,No,No,No,Yes,Month-to-month,No,Bank transfer (automatic),68.0,1277.8,Yes
13049-JNNPO,Male,0,No,No,10,Yes,No,DSL,No,Yes,No,Yes,No,No,Two year,No,Electronic check,59.19,628.24,No
13050-ADBJC,Male,0,Yes,No,4,Yes,Yes,Fiber optic,Yes,Yes,Yes,No,Yes,Yes,Month-to-month,Yes,Bank transfer (automatic),87.35,404.67,No
13051-GGAHP,Male,1,Yes,Yes,17,Yes,No,DSL,No,Yes,No,No,No,No,Month-to-month,Yes,Credit card (automatic),44.98,836.73,Yes
13052-GAHNN,Female,0,No,No,67,Yes,No,Fiber optic,Yes,No,No,No,No,No,Month-to-month,Yes,Electronic check,79.16,5244.16,No
13053-BHCJG,Male,0,Yes,Yes,4,Yes,No,Fiber optic,Yes,No,No,No,No,No,Month-to-month,Yes,Credit card (automatic),100.45,420.99,Yes
13054-MFEOP,Male,0,No,Yes,1,Yes,Yes,Fiber optic,No,No,No,Yes,No,No,Month-to-month,No,Electronic check,84.17,30.48,No
13055-KJNKB,Male,0,Yes,Yes,6,Yes,No,Fiber optic,No,No,Yes,No,No,No,Month-to-month,Yes,Mailed check,87.43,496.56,No
13056-BMLOA,Female,0,Yes,No,10,Yes,No,Fiber optic,Yes,Yes,No,Yes,Yes,No,Month-to-month,No,Electronic check,86.37,840.09,No
13057-NIPKH,Female,0,Yes,Yes,7,Yes,Yes,Fiber optic,Yes,Yes,No,No,No,No,Two year,Yes,Bank transfer (automatic),81.3,607.98,No
13058-HAELF,Male,1,No,No,36,Yes,No,No,No internet service,No internet service,No internet service,No internet service,No internet service,No internet service,Month-to-month,Yes,Electronic check,25.38,942.7,No
13059-OBJOE,Female,0,No,No,13,Yes,Yes,Fiber optic,Yes,No,Yes,No,Yes,No,Month-to-month,No,Mailed check,102.15,1402.28,Yes
13060-FIOJA,Female,1,Yes,No,5,Yes,No,Fiber optic,No,No,No,No,No,No,Two year,Yes,Electronic check,85.77,392.6,No
13061-MJCLI,Male,0,No,No,59,Yes,Yes,No,No internet service,No internet service,No internet service,No internet service,No internet service,No internet service,One year,Yes,Credit card (automatic),20.91,1178.09,No
13062-ONAAA,Female,0,No,No,2,Yes,No,DSL,No,Yes,Yes,No,Yes,No,One year,No,Electronic check,58.31,85.49,Yes
13063-GMEFM,Female,1,Yes,No,2,Yes,No,Fiber optic,No,No,No,No,No,No,Two year,Yes,Bank transfer (automatic),80.86,85.67,No
13064-ONHNM,Male,0,Yes,No,5,Yes,No,Fiber optic,No,No,Yes,No,No,No,Month-to-month,Yes,Bank transfer (automatic),85.41,483.45,Yes
13065-PBMBC,Male,0,Yes,No,1,Yes,Yes,No,No internet service,No internet service,No internet service,No internet service,No internet service,No internet service,Month-to-month,No,Electronic check,21.71,0.0,No
13066-MCMCD,Female,0,Yes,Yes,27,Yes,No,Fiber optic,Yes,No,No,Yes,Yes,Yes,Month-to-month,Yes,Mailed check,78.69,2047.92,No
13067-CBIFC,Male,0,No,Yes,7,Yes,Yes,DSL,No,No,No,Yes,No,No,One year,Yes,Mailed check,53.19,344.13,No
13068-IODDH,Male,0,Yes,Yes,26,Yes,No,DSL,No,No,Yes,No,Yes,Yes,Two year,Yes,Bank transfer (automatic),60.86,1584.82,No
13069-GOPGJ,Male,0,Yes,No,28,Yes,No,No,No internet service,No internet service,No internet service,No internet service,No internet service,No internet service,Month-to-month,Yes,Credit card (automatic),18.0,557.82,No
13070-GJPKP,Female,0,Yes,No,5,Yes,No,Fiber optic,No,No,Yes,Yes,No,No,Month-to-month,Yes,Electronic check,88.4,377.78,No
13071-EOGDP,Male,0,Yes,No,14,Yes,No,DSL,No,No,No,Yes,No,No,Month-to-month,Yes,Credit card (automatic),33.81,464.16,No
13072-HIMLC,Female,0,No,No,14,Yes,Yes,Fiber optic,No,Yes,Yes,Yes,No,Yes,One year,No,Credit card (automatic),79.62,1094.31,Yes
13073-GLJIA,Female,0,Yes,No,41,Yes,No,DSL,Yes,No,No,Yes,No,No,Month-to-month,Yes,Electronic check,69.52,2790.5,No
13074-BPGOM,Male,0,No,No,0,Yes,Yes,DSL,No,Yes,Yes,No,Yes,No,Two year,Yes,Bank transfer (automatic),62.84,35.31,No
13075-BGAOC,Female,0,Yes,No,7,Yes,No,Fiber optic,No,No,Yes,No,Yes,Yes,Two year,No,Bank transfer (automatic),83.32,549.13,Yes
13076-OENLN,Male,0,No,No,42,Yes,Yes,Fiber optic,No,No,Yes,No,Yes,Yes,One year,No,Mailed check,76.15,3167.22,No
13077-KFOMI,Male,1,No,No,5,Yes,No,No,No internet service,No internet service,No internet service,No internet service,No internet service,No internet service,Two year,Yes,Mailed check,25.99,160.63,No
13078-ICNHP,Male,0,Yes,No,2,Yes,Yes,Fiber optic,No,No,Yes,No,Yes,No,Month-to-month,Yes,Electronic check,72.91,180.27,Yes
13079-MDGFH,Male,0,No,No,17,Yes,No,No,No internet service,No internet service,No internet service,No internet service,No internet service,No internet service,Two year,Yes,Bank transfer (automatic),20.01,380.62,No
13080-PFDBG,Male,0,Yes,No,7,No,No phone service,No,No internet service,No internet service,No internet service,No internet service,No internet service,No internet service,One year,Yes,Electronic check,22.92,188.57,No
13081-KOMKD,Female,0,Yes,No,12,Yes,No,Fiber optic,Yes,No,No,No,No,Yes,Month-to-month,No,Mailed check,81.22,993.89,No
13082-MIIGE,Female,0,Yes,Yes,34,Yes,No,No,No internet service,No internet service,No internet service,No internet service,No internet service,No internet service,Month-to-month,Yes,Credit card (automatic),18.0,571.69,No
13083-CCIIL,Male,0,Yes,Yes,14,Yes,Yes,No,No internet service,No internet service,No internet service,No internet service,No internet service,No internet service,Month-to-month,Yes,Electronic check,19.16,170.32,No
13084-MKPDK,Female,0,Yes,Yes,14,Yes,No,No,No internet service,No internet service,No internet service,No internet service,No internet service,No internet service,Two year,No,Mailed check,19.52,267.27,No
13085-AMJEN,Female,0,Yes,No,6,Yes,No,DSL,No,No,Yes,No,No,Yes,Two year,Yes,Mailed check,37.79,234.08,No
13086-PPHJO,Female,0,Yes,No,31,Yes,No,No,No internet service,No internet service,No internet service,No internet service,No internet service,No internet service,One year,No,Mailed check,45.89,1303.84,No
13087-ODJJD,Female,0,No,No,26,Yes,No,DSL,Yes,No,No,No,Yes,No,One year,Yes,Bank transfer (automatic),59.01,1479.07,No
13088-MLNIO,Male,0,Yes,No,5,Yes,Yes,Fiber optic,No,Yes,Yes,No,No,No,Month-to-month,Yes,Electronic check,95.49,463.19,Yes
13089-IGJHL,Male,0,Yes,Yes,7,Yes,Yes,Fiber optic,No,Yes,No,No,Yes,Yes,One year,Yes,Mailed check,85.61,570.5,No
13090-LDHNF,Male,1,No,Yes,31,Yes,Yes,No,No internet service,No internet service,No internet service,No internet service,No internet service,No internet service,One year,Yes,Mailed check,37.03,1152.59,No
13091-PMPCG,Female,0,Yes,No,8,Yes,Yes,Fiber optic,No,Yes,Yes,Yes,No,Yes,Month-to-month,Yes,Mailed check,87.74,739.72,No
13092-CKPGE,Female,0,Yes,No,10,Yes,No,Fiber optic,No,No,No,Yes,No,No,Two year,No,Electronic check,88.49,847.63,No
13093-DCHDH,Male,0,Yes,No,9,No,No phone service,Fiber optic,No,No,No,No,No,No,Month-to-month,Yes,Electronic check,102.03,934.31,Yes
13094-JCJMI,Male,0,No,No,3,Yes,Yes,DSL,Yes,Yes,Yes,No,No,Yes,Two year,Yes,Bank transfer (automatic),53.79,153.81,No
13095-FOPEE,Female,0,Yes,Yes,8,Yes,No,Fiber optic,Yes,No,Yes,No,Yes,Yes,Month-to-month,Yes,Electronic check,79.33,615.72,No
13096-MCBFK,Male,0,No,Yes,32,Yes,Yes,Fiber optic,Yes,Yes,No,No,No,No,Two year,No,Electronic check,96.04,3128.15,No
13097-AOONG,Female,0,Yes,No,13,Yes,Yes,Fiber optic,No,No,No,Yes,No,Yes,Month-to-month,Yes,Credit card (automatic),88.31,1171.51,No
13098-OEDIJ,Male,0,Yes,No,12,Yes,No,DSL,No,Yes,Yes,No,No,Yes,Month-to-month,No,Electronic check,65.19,761.32,No
13099-PAKOD,Male,0,Yes,No,3,Yes,No,DSL,Yes,No,Yes,No,Yes,No,Month-to-month,Yes,Mailed check,42.54,155.11,Yes
13100-PCFEG,Female,1,No,No,3,Yes,No,DSL,No,No,Yes,No,Yes,Yes,Month-to-month,No,Bank transfer (automatic),46.79,176.35,No
13101-MAMEN,Male,0,No,No,0,Yes,Yes,No,No internet service,No internet service,No internet service,No internet service,No internet service,No internet service,Month-to-month,Yes,Electronic check,18.62,15.18,No
13102-BBKOK,Male,0,Yes,No,0,No,No phone service,Fiber optic,Yes,No,No,No,No,No,Month-to-month,Yes,Electronic check,92.88,70.77,No
13103-BIJCD,Male,0,Yes,No,13,Yes,No,Fiber optic,Yes,No,No,No,No,Yes,Two year,Yes,Mailed check,74.64,962.89,No
13104-OENDD,Male,0,No,No,10,Yes,Yes,Fiber optic,Yes,Yes,No,No,No,No,Month-to-month,Yes,Electronic check,92.57,917.37,Yes
13105-EJPOI,Male,0,Yes,No,6,Yes,No,Fiber optic,No,No,Yes,No,No,No,One year,Yes,Electronic check,77.2,375.88,No
13106-LINNF,Male,0,No,Yes,72,Yes,No,DSL,No,Yes,Yes,No,No,Yes,Two year,No,Electronic check,66.01,4749.33,No
13107-KLNCF,Female,1,No,No,10,Yes,No,DSL,No,Yes,No,Yes,No,Yes,One year,No,Electronic check,56.63,510.87,No
13108-JDCFO,Female,0,Yes,No,31,Yes,No,Fiber optic,No,No,Yes,No,No,Yes,Month-to-month,No,Credit card (automatic),90.74,2733.38,No
13109-KFBIH,Female,0,Yes,No,4,Yes,Yes,Fiber optic,No,No,No,No,Yes,No,Month-to-month,Yes,Electronic check,88.22,375.87,No
13110-FALBO,Female,0,No,No,5,No,No phone service,No,No internet service,No internet service,No internet service,No internet service,No internet service,No internet service,Month-to-month,Yes,Mailed check,24.02,95.53,No
13111-DGIJE,Female,0,No,No,16,No,No phone service,DSL,No,No,No,No,No,No,Month-to-month,Yes,Mailed check,40.75,617.8,Yes
13112-JBOMK,Male,1,No,Yes,0,Yes,No,No,No internet service,No internet service,No internet service,No internet service,No internet service,No internet service,Month-to-month,No,Mailed check,31.67,0.0,No
13113-KKAJN,Male,0,Yes,No,0,No,No phone service,DSL,Yes,No,No,No,No,Yes,One year,No,Mailed check,50.33,0.0,No
13114-MNAEN,Female,1,No,No,3,Yes,Yes,DSL,No,Yes,No,Yes,No,Yes,Month-to-month,No,Bank transfer (automatic),60.39,273.96,No
13115-PGIIH,Male,0,Yes,No,5,No,No phone service,DSL,Yes,Yes,No,No,No,No,Month-to-month,Yes,Credit card (automatic),56.84,410.46,No
13116-AEFFD,Male,0,Yes,Yes,15,Yes,Yes,No,No internet service,No internet service,No internet service,No internet service,No internet service,No internet service,Month-to-month,Yes,Electronic check,18.0,256.22,No
13117-ACJOO,Male,1,No,No,23,Yes,Yes,Fiber optic,No,Yes,No,Yes,Yes,Yes,One year,No,Electronic check,89.46,2036.39,No
13118-DDMDN,Male,0,No,No,7,Yes,No,Fiber optic,No,Yes,No,No,Yes,Yes,Two year,No,Credit card (automatic),74.84,552.28,No
13119-EMOOK,Male,0,Yes,No,5,Yes,Yes,Fiber optic,No,No,No,No,No,No,Two year,Yes,Credit card (automatic),77.93,389.44,No
13120-IPPDI,Female,0,No,Yes,34,Yes,Yes,Fiber optic,Yes,Yes,Yes,No,No,No,One year,Yes,Mailed check,78.94,2653.88,No
13121-IAEID,Female,0,No,No,3,Yes,No,DSL,No,No,No,Yes,No,Yes,Month-to-month,Yes,Credit card (automatic),55.25,137.76,No
13122-EDMPB,Male,0,Yes,Yes,22,Yes,No,DSL,No,No,Yes,No,No,No,One year,Yes,Bank transfer (automatic),60.11,1326.69,No
13123-JPBBP,Female,0,No,No,53,Yes,Yes,No,No internet service,No internet service,No internet service,No internet service,No internet service,No internet service,One year,Yes,Mailed check,18.33,979.22,No
13124-MAPCO,Female,0,No,Yes,5,Yes,Yes,DSL,No,No,Yes,Yes,Yes,No,Month-to-month,No,Credit card (automatic),49.17,249.25,No
13125-NKJAD,Female,0,No,No,1,Yes,Yes,Fiber optic,No,Yes,No,Yes,Yes,No,One year,Yes,Bank transfer (automatic),94.19,58.68,No
13126-ADCIA,Female,1,No,No,72,Yes,No,DSL,No,Yes,No,Yes,No,No,Month-to-month,No,Credit card (automatic),69.01,4934.49,No
13127-NHKIL,Male,0,Yes,No,6,Yes,No,DSL,No,Yes,Yes,No,Yes,No,Two year,Yes,Mailed check,51.1,240.14,No
13128-GADJA,Female,0,No,Yes,6,Yes,No,No,No internet service,No internet service,No internet service,No internet service,No internet service,No internet service,Month-to-month,No,Credit card (automatic),18.0,254.24,No
13129-DOCBA,Male,0,Yes,Yes,13,No,No phone service,No,No internet service,No internet service,No internet service,No internet service,No internet service,No internet service,Month-to-month,Yes,Mailed check,19.38,316.55,Yes
13130-FLGFI,Female,0,Yes,No,5,Yes,No,Fiber optic,No,No,No,No,No,Yes,Month-to-month,No,Bank transfer (automatic),87.83,493.84,Yes
13131-LIBOO,Female,0,No,No,72,Yes,Yes,Fiber optic,No,No,No,Yes,Yes,No,Two year,Yes,Mailed check,79.76,5749.15,No
13132-BIAEA,Male,0,No,No,0,Yes,Yes,Fiber optic,No,Yes,No,Yes,No,No,Month-to-month,Yes,Mailed check,88.16,0.0,No
13133-GIFNB,Male,0,Yes,No,12,No,No phone service,Fiber optic,Yes,Yes,No,Yes,Yes,Yes,Month-to-month,No,Credit card (automatic),93.86,1083.69,No
13134-FICPI,Female,0,Yes,No,15,Yes,No,Fiber optic,No,No,Yes,Yes,No,No,One year,No,Electronic check,83.91,1342.32,No
13135-HOMLG,Female,0,No,No,12,Yes,No,Fiber optic,No,No,No,Yes,No,No,One year,Yes,Credit card (automatic),71.53,853.26,Yes
13136-HJFCG,Male,0,Yes,No,14,Yes,No,No,No internet service,No internet service,No internet service,No internet service,No internet service,No internet service,Month-to-month,Yes,Mailed check,22.69,365.99,Yes
13137-DKJNE,Female,0,Yes,Yes,72,Yes,Yes,Fiber optic,Yes,Yes,No,Yes,No,No,Month-to-month,Yes,Bank transfer (automatic),77.27,5550.31,No
13138-HOGGH,Male,0,Yes,No,41,Yes,No,No,No internet service,No internet service,No internet service,No internet service,No internet service,No internet service,One year,No,Mailed check,22.17,917.92,No
13139-JCCBO,Male,0,No,No,7,Yes,No,DSL,Yes,No,No,No,No,No,One year,Yes,Bank transfer (automatic),57.07,398.28,Yes
13140-AJFFM,Male,0,Yes,No,16,Yes,No,DSL,No,Yes,Yes,No,No,No,Two year,Yes,Bank transfer (automatic),48.52,811.23,No
13141-JLHPN,Female,0,No,No,0,Yes,Yes,Fiber optic,Yes,No,Yes,Yes,Yes,No,One year,No,Credit card (automatic),81.32,0.0,No
13142-FFALG,Male,0,No,Yes,10,Yes,Yes,DSL,No,No,No,Yes,No,No,Month-to-month,No,Credit card (automatic),49.94,498.72,No
13143-GJINO,Male,1,No,Yes,3,Yes,No,Fiber optic,No,No,No,No,No,Yes,One year,No,Mailed check,94.67,275.28,Yes
13144-LGHDI,Female,0,Yes,No,24,Yes,Yes,Fiber optic,No,Yes,Yes,No,Yes,No,Month-to-month,Yes,Bank transfer (automatic),80.03,1956.33,Yes
13145-ONAHC,Male,0,Yes,Yes,4,No,No phone service,Fiber optic,No,No,Yes,No,No,No,Month-to-month,Yes,Bank transfer (automatic),86.82,375.24,Yes
13146-NABOF,Female,0,Yes,No,27,Yes,No,DSL,Yes,No,No,No,Yes,No,Month-to-month,Yes,Bank transfer (automatic),39.77,1102.24,No
13147-ENCIH,Female,0,Yes,Yes,7,Yes,Yes,No,No internet service,No internet service,No internet service,No internet service,No internet service,No internet service,Two year,No,Credit card (automatic),19.18,170.49,No
13148-MCBHP,Male,0,No,Yes,52,Yes,No,DSL,No,No,Yes,No,Yes,No,Month-to-month,Yes,Credit card (automatic),62.9,3300.62,No
13149-NOEOP,Female,1,Yes,Yes,11,Yes,No,No,No internet service,No internet service,No internet service,No internet service,No internet service,No internet service,One year,Yes,Bank transfer (automatic),32.64,334.41,No
13150-IAJCE,Female,0,No,Yes,36,Yes,Yes,DSL,Yes,No,Yes,No,No,Yes,Month-to-month,Yes,Bank transfer (automatic),60.93,2256.43,No
13151-BCDDK,Female,0,No,No,19,Yes,No,Fiber optic,Yes,Yes,No,No,No,Yes,Two year,No,Credit card (automatic),84.36,1669.67,No
13152-IALPI,Male,0,Yes,No,72,Yes,No,No,No internet service,No internet service,No internet service,No internet service,No internet service,No internet service,Month-to-month,No,Credit card (automatic),18.0,1299.18,No
13153-OPIKF,Male,0,Yes,Yes,27,No,No phone service,No,No internet service,No internet service,No internet service,No internet service,No internet service,No internet service,One year,Yes,Mailed check,20.23,539.08,No
13154-KAKML,Male,0,No,Yes,26,Yes,No,No,No internet service,No internet service,No internet service,No internet service,No internet service,No internet service,One year,Yes,Bank transfer (automatic),18.0,505.56,Yes
13155-FHPEE,Female,0,No,No,6,Yes,No,No,No internet service,No internet service,No internet service,No internet service,No internet service,No internet service,Month-to-month,No,Credit card (automatic),20.32,69.53,No
13156-AAHME,Male,1,No,No,14,Yes,No,Fiber optic,Yes,No,Yes,No,No,No,Two year,No,Electronic check,84.95,1160.5,Yes
13157-HJBOD,Male,0,Yes,No,6,Yes,Yes,Fiber optic,Yes,No,Yes,No,No,Yes,One year,Yes,Electronic check,83.05,462.19,No
13158-MKNJP,Female,0,No,Yes,0,Yes,No,Fiber optic,No,No,Yes,Yes,Yes,No,Month-to-month,Yes,Electronic check,92.31,0.0,Yes
13159-IMCFK,Male,1,Yes,No,24,Yes,No,No,No internet service,No internet service,No internet service,No internet service,No internet service,No internet service,Month-to-month,Yes,Electronic check,18.0,452.87,Yes
13160-GCABK,Female,0,Yes,No,5,Yes,Yes,No,No internet service,No internet service,No internet service,No internet service,No internet service,No internet service,Two year,Yes,Credit card (automatic),25.44,184.2,No
13161-NJGGL,Male,0,Yes,No,10,Yes,No,No,No internet service,No internet service,No internet service,No internet service,No internet service,No internet service,Month-to-month,No,Electronic check,29.79,255.01,No
13162-AJGOJ,Female,0,Yes,No,6,Yes,No,Fiber optic,Yes,No,No,No,Yes,No,Month-to-month,No,Bank transfer (automatic),83.07,470.79,Yes
13163-KPFKF,Female,1,No,No,4,Yes,Yes,Fiber optic,No,No,No,No,No,Yes,Two year,No,Credit card (automatic),87.87,354.96,Yes
13164-GGAJE,Female,0,Yes,Yes,1,Yes,No,No,No internet service,No internet service,No internet service,No internet service,No internet service,No internet service,Month-to-month,No,Credit card (automatic),24.91,28.37,No
13165-ONNHH,Female,0,No,Yes,8,Yes,No,DSL,No,No,No,Yes,No,No,One year,Yes,Mailed check,66.67,565.12,No
13166-CCGOD,Male,0,No,Yes,1,Yes,No,DSL,No,No,No,No,No,No,Month-to-month,Yes,Mailed check,47.13,47.41,No
13167-FIJBP,Female,0,No,No,15,Yes,Yes,No,No internet service,No internet service,No internet service,No internet service,No internet service,No internet service,Month-to-month,Yes,Electronic check,18.63,237.84,No
13168-BFCAB,Female,0,Yes,Yes,0,Yes,No,Fiber optic,No,No,No,No,No,No,One year,No,Electronic check,88.24,125.9,Yes
13169-NMGDL,Female,1,No,No,56,No,No phone service,Fiber optic,No,Yes,No,Yes,No,No,Two year,Yes,Electronic check,85.97,4794.28,No
13170-BKLLH,Female,0,Yes,No,67,Yes,Yes,No,No internet service,No internet service,No internet service,No internet service,No internet service,No internet service,Month-to-month,Yes,Electronic check,29.64,1967.37,No
13171-DDBPN,Female,0,No,Yes,7,Yes,Yes,No,No internet service,No internet service,No internet service,No internet service,No internet service,No internet service,Month-to-month,Yes,Mailed check,18.0,135.9,Yes
13172-AACFG,Female,0,No,No,6,Yes,No,DSL,Yes,Yes,No,Yes,No,Yes,Month-to-month,No,Electronic check,58.07,341.72,No
13173-MIEIH,Male,1,Yes,No,2,No,No phone service,DSL,Yes,No,Yes,No,Yes,No,Two year,Yes,Mailed check,57.34,128.81,No
13174-APPKL,Female,0,Yes,Yes,47,Yes,Yes,No,No internet service,No internet service,No internet service,No internet service,No internet service,No internet service,Month-to-month,Yes,Credit card (automatic),18.0,836.8,No
13175-CHPIN,Male,1,No,Yes,17,Yes,No,No,No internet service,No internet service,No internet service,No internet service,No internet service,No internet service,Month-to-month,No,Bank transfer (automatic),31.64,542.85,No
13176-DNNNL,Female,1,No,No,18,Yes,No,DSL,Yes,Yes,Yes,No,No,No,Two year,No,Bank transfer (automatic),55.07,1072.68,No
13177-FDMPO,Female,1,Yes,Yes,45,Yes,Yes,No,No internet service,No internet service,No internet service,No internet service,No internet service,No internet service,Two year,Yes,Credit card (automatic),19.59,818.29,No
13178-IBFKM,Male,1,No,No,48,Yes,No,Fiber optic,Yes,No,No,Yes,No,No,One year,Yes,Electronic check,67.86,3233.03,No
13179-CJDBK,Female,1,Yes,Yes,35,Yes,No,Fiber optic,No,No,Yes,Yes,No,No,Month-to-month,No,Credit card (automatic),96.67,3393.02,Yes
13180-PHJHA,Female,0,No,No,29,Yes,No,No,No internet service,No internet service,No internet service,No internet service,No internet service,No internet service,Month-to-month,Yes,Electronic check,18.0,524.92,No
13181-JFAFG,Male,0,Yes,No,41,Yes,Yes,Fiber optic,No,Yes,No,Yes,Yes,No,Month-to-month,No,Mailed check,85.97,3507.69,No
13182-OBIHI,Male,0,No,Yes,41,Yes,No,DSL,No,No,Yes,No,Yes,No,One year,Yes,Electronic check,52.84,2198.19,No
13183-OJMDD,Male,0,No,Yes,9,Yes,Yes,DSL,Yes,Yes,No,Yes,No,No,Month-to-month,No,Electronic check,59.52,500.93,No
13184-LHAHG,Male,0,No,Yes,72,Yes,No,DSL,No,No,No,No,Yes,No,Month-to-month,No,Electronic check,53.24,3848.65,No
13185-LGIOM,Female,0,No,No,24,Yes,No,No,No internet service,No internet service,No internet service,No internet service,No internet service,No internet service,Month-to-month,No,Credit card (automatic),18.0,418.93,No
13186-PJGOB,Male,0,Yes,No,9,Yes,No,DSL,Yes,No,No,No,No,No,Two year,Yes,Bank transfer (automatic),65.97,603.36,No
13187-AAPGE,Male,1,Yes,Yes,11,Yes,No,Fiber optic,No,No,No,No,Yes,No,Two year,Yes,Mailed check,88.85,1053.44,No
13188-DEJJF,Male,0,Yes,No,23,No,No phone service,Fiber optic,No,Yes,No,No,No,No,One year,Yes,Bank transfer (automatic),88.75,2040.82,No
13189-LOJFA,Female,0,Yes,No,8,Yes,No,DSL,Yes,No,Yes,No,No,No,Month-to-month,Yes,Credit card (automatic),47.9,394.21,No
13190-BCDFL,Male,0,Yes,No,35,Yes,Yes,Fiber optic,Yes,No,Yes,Yes,No,No,Two year,No,Electronic check,88.75,3142.17,No
13191-LKMIL,Female,0,No,No,3,Yes,Yes,DSL,No,Yes,Yes,Yes,No,No,Month-to-month,Yes,Bank transfer (automatic),48.99,119.05,Yes
13192-BHIBI,Female,0,No,No,47,Yes,No,DSL,No,No,No,No,Yes,No,Month-to-month,No,Credit card (automatic),61.42,2969.12,No
13193-GIFBH,Female,1,Yes,No,7,Yes,Yes,No,No internet service,No internet service,No internet service,No internet service,No internet service,No internet service,Two year,No,Bank transfer (automatic),23.38,224.5,No
13194-JOILH,Female,0,Yes,No,3,Yes,No,Fiber optic,No,No,Yes,No,Yes,Yes,Month-to-month,No,Bank transfer (automatic),80.93,211.46,Yes
13195-BOHCC,Male,0,Yes,Yes,39,Yes,No,Fiber optic,No,Yes,No,No,Yes,No,One year,No,Credit card (automatic),86.57,3387.7,No
13196-IMIOI,Male,0,No,Yes,5,Yes,No,No,No internet service,No internet service,No internet service,No internet service,No internet service,No internet service,Two year,Yes,Bank transfer (automatic),23.48,57.76,No
13197-DLNGM,Female,0,No,No,37,Yes,No,Fiber optic,No,No,Yes,Yes,Yes,No,Month-to-month,Yes,Credit card (automatic),92.79,3517.68,No
13198-HOOMO,Male,0,Yes,No,7,Yes,No,Fiber optic,No,No,No,Yes,Yes,No,Month-to-month,No,Electronic check,83.4,584.24,No
13199-MEMOO,Male,0,No,No,54,Yes,Yes,Fiber optic,Yes,Yes,Yes,No,No,Yes,Two year,No,Credit card (automatic),92.96,5040.16,No
13200-AOIFC,Male,1,Yes,No,4,Yes,Yes,Fiber optic,No,Yes,Yes,No,No,No,Month-to-month,Yes,Bank transfer (automatic),98.75,443.94,No
13201-CNNJA,Male,0,Yes,No,1,Yes,Yes,Fiber optic,No,No,Yes,Yes,No,No,Month-to-month,No,Mailed check,92.41,86.92,No
13202-MHBLA,Female,0,Yes,Yes,55,Yes,Yes,Fiber optic,No,No,No,No,Yes,Yes,One year,Yes,Credit card (automatic),81.65,4526.74,Yes
13203-GNKIF,Male,1,No,Yes,3,Yes,No,No,No internet service,No internet service,No internet service,No internet service,No internet service,No internet service,Month-to-month,No,Credit card (automatic),27.95,65.33,Yes
13204-HHIGI,Male,1,Yes,Yes,57,Yes,Yes,DSL,No,No,No,No,No,No,Month-to-month,No,Electronic check,64.43,3692.88,No
13205-OILKA,Female,0,Yes,No,34,No,No phone service,DSL,Yes,Yes,Yes,No,Yes,Yes,Month-to-month,Yes,Credit card (automatic),62.99,2146.45,No
13206-FLHJI,Male,0,Yes,Yes,1,Yes,No,DSL,Yes,No,Yes,Yes,Yes,No,Month-to-month,No,Electronic check,46.26,10.94,No
13207-ODMBK,Male,0,Yes,Yes,11,Yes,Yes,Fiber optic,Yes,No,Yes,No,Yes,No,Two year,No,Electronic check,69.84,780.72,No
13208-IILHC,Male,0,No,No,1,Yes,Yes,No,No internet service,No internet service,No internet service,No internet service,No internet service,No internet service,Two year,Yes,Electronic check,18.0,68.73,No
13209-EBNCA,Female,0,Yes,Yes,8,Yes,No,No,No internet service,No internet service,No internet service,No internet service,No internet service,No internet service,Month-to-month,Yes,Credit card (automatic),18.0,159.85,No
13210-DELBO,Male,0,No,No,8,Yes,No,DSL,No,No,No,No,No,Yes,Month-to-month,No,Bank transfer (automatic),50.19,208.92,No
13211-OCLFF,Male,0,Yes,No,18,Yes,Yes,No,No internet service,No internet service,No internet service,No internet service,No internet service,No internet service,Month-to-month,Yes,Electronic check,20.42,356.31,No
13212-OGLPI,Female,0,Yes,Yes,72,Yes,No,No,No internet service,No internet service,No internet service,No internet service,No internet service,No internet service,Month-to-month,No,Bank transfer (automatic),18.0,1237.58,No
13213-DEKBP,Male,0,Yes,Yes,3,No,No phone service,Fiber optic,No,Yes,No,Yes,No,No,One year,No,Electronic check,87.75,328.23,No
13214-FPDEP,Female,1,Yes,No,7,Yes,Yes,Fiber optic,No,No,No,Yes,Yes,Yes,Month-to-month,Yes,Bank transfer (automatic),84.62,658.29,No
13215-GFHFJ,Female,0,Yes,No,17,Yes,Yes,No,No internet service,No internet service,No internet service,No internet service,No internet service,No internet service,Two year,Yes,Mailed check,22.85,430.38,No
13216-NHMNN,Female,0,Yes,No,3,No,No phone service,No,No internet service,No internet service,No internet service,No internet service,No internet service,No internet service,Month-to-month,No,Electronic check,29.5,112.95,No
13217-DLGCA,Male,0,No,No,24,Yes,Yes,No,No internet service,No internet service,No internet service,No internet service,No internet service,No internet service,Two year,No,Credit card (automatic),23.11,538.38,No
13218-MIIFP,Male,0,No,No,10,Yes,No,DSL,No,No,No,No,Yes,Yes,Month-to-month,Yes,Bank transfer (automatic),52.15,493.48,No
13219-OBPHJ,Male,0,No,Yes,59,Yes,No,Fiber optic,Yes,No,Yes,No,No,No,Two year,Yes,Bank transfer (automatic),76.59,4511.24,No
13220-FGMAC,Male,0,Yes,No,19,Yes,No,No,No internet service,No internet service,No internet service,No internet service,No internet service,No internet service,Two year,No,Bank transfer (automatic),19.01,362.2,No
13221-OAJAL,Male,0,Yes,Yes,9,Yes,Yes,DSL,No,No,No,Yes,No,Yes,Month-to-month,No,Mailed check,39.45,219.0,Yes
13222-LKMAD,Female,0,Yes,No,25,No,No phone service,DSL,Yes,Yes,No,No,Yes,No,One year,Yes,Bank transfer (automatic),59.17,1574.34,No
13223-MGGLM,Female,0,No,Yes,36,Yes,No,No,No internet service,No internet service,No internet service,No internet service,No internet service,No internet service,One year,No,Electronic check,29.68,1070.99,No
13224-ELFBE,Female,0,No,No,32,Yes,No,Fiber optic,No,No,No,Yes,Yes,Yes,Month-to-month,No,Electronic check,83.29,2688.25,No
13225-GNIFL,Female,0,No,No,6,Yes,No,Fiber optic,Yes,Yes,Yes,No,Yes,No,Month-to-month,Yes,Bank transfer (automatic),82.78,502.78,No
13226-NJDCI,Male,0,Yes,Yes,10,Yes,Yes,Fiber optic,Yes,No,No,No,No,Yes,Month-to-month,Yes,Bank transfer (automatic),82.32,850.69,No
13227-GKNMF,Female,0,Yes,Yes,12,Yes,No,DSL,No,No,Yes,Yes,Yes,No,Month-to-month,No,Credit card (automatic),51.51,576.72,No
13228-PGOHE,Female,0,Yes,No,9,Yes,No,No,No internet service,No internet service,No internet service,No internet service,No internet service,No internet service,Month-to-month,Yes,Bank transfer (automatic),21.52,208.2,No
13229-CCMBH,Male,0,Yes,Yes,7,Yes,No,No,No internet service,No internet service,No internet service,No internet service,No internet service,No internet service,Month-to-month,Yes,Credit card (automatic),29.49,264.07,No
13230-ALHCI,Female,0,Yes,No,27,Yes,No,DSL,Yes,Yes,No,No,No,No,Two year,No,Mailed check,69.65,1867.27,No
13231-LNLKB,Male,0,Yes,No,0,Yes,Yes,DSL,No,No,Yes,No,No,No,One year,Yes,Mailed check,65.53,13.67,Yes
13232-JIFAE,Male,0,Yes,No,6,Yes,Yes,Fiber optic,No,No,No,No,No,No,Month-to-month,No,Electronic check,85.74,528.67,Yes
13233-JIMFG,Male,0,Yes,No,3,Yes,Yes,Fiber optic,No,No,No,No,No,No,Month-to-month,Yes,Bank transfer (automatic),93.94,246.23,Yes
13234-DAEBH,Female,0,Yes,No,2,Yes,No,DSL,Yes,Yes,Yes,No,No,No,One year,Yes,Bank transfer (automatic),53.84,217.65,No
13235-DAJGL,Female,1,No,Yes,6,Yes,No,No,No internet service,No internet service,No internet service,No internet service,No internet service,No internet service,Month-to-month,Yes,Mailed check,18.0,60.37,Yes
13236-KBCNI,Female,0,Yes,No,28,Yes,Yes,No,No internet service,No internet service,No internet service,No internet service,No internet service,No internet service,One year,No,Electronic check,27.85,847.85,No
13237-OMIBC,Female,0,Yes,No,69,No,No phone service,No,No internet service,No internet service,No internet service,No internet service,No internet service,No internet service,Month-to-month,No,Electronic check,28.38,2009.25,No
13238-PKLIA,Female,1,No,No,14,Yes,Yes,No,No internet service,No internet service,No internet service,No internet service,No internet service,No internet service,One year,No,Electronic check,20.65,254.39,No
13239-BPKBJ,Female,0,No,No,8,Yes,No,Fiber optic,No,No,No,No,Yes,Yes,Month-to-month,Yes,Mailed check,82.88,616.87,Yes
13240-NCJCJ,Male,0,Yes,No,35,No,No phone service,Fiber optic,No,Yes,No,No,No,Yes,One year,No,Electronic check,78.16,2710.73,No
13241-PMPPB,Male,0,No,No,1,Yes,No,No,No internet service,No internet service,No internet service,No internet service,No internet service,No internet service,Month-to-month,Yes,Credit card (automatic),18.0,18.83,Yes
13242-HHHBO,Female,0,Yes,No,1,Yes,No,Fiber optic,No,Yes,No,Yes,No,No,Month-to-month,Yes,Credit card (automatic),81.49,103.72,No
13243-MIKGL,Female,0,Yes,No,8,Yes,No,Fiber optic,No,No,Yes,No,Yes,No,Month-to-month,Yes,Credit card (automatic),85.51,663.54,No
13244-EGHIB,Male,0,Yes,No,11,Yes,Yes,No,No internet service,No internet service,No internet service,No internet service,No internet service,No internet service,Month-to-month,No,Bank transfer (automatic),18.0,110.72,No
13245-FIMFB,Male,0,Yes,No,31,No,No phone service,DSL,Yes,No,No,No,No,Yes,Month-to-month,No,Bank transfer (automatic),48.8,1487.78,No
13246-ALCKE,Male,0,No,Yes,51,Yes,Yes,No,No internet service,No internet service,No internet service,No internet service,No internet service,No internet service,Month-to-month,No,Credit card (automatic),18.0,877.93,No
13247-GJJCI,Female,0,Yes,No,15,No,No phone service,DSL,No,Yes,Yes,No,Yes,No,Month-to-month,Yes,Mailed check,54.13,745.06,No
13248-JLDJB,Female,0,Yes,No,13,Yes,No,Fiber optic,No,No,No,No,Yes,No,One year,No,Electronic check,77.16,990.58,Yes
13249-CECEP,Female,1,No,No,4,Yes,No,DSL,Yes,No,No,Yes,No,No,One year,Yes,Mailed check,50.72,163.27,No
13250-DMKJM,Male,0,Yes,No,11,Yes,Yes,No,No internet service,No internet service,No internet service,No internet service,No internet service,No internet service,Two year,No,Mailed check,24.22,287.63,No
13251-CLFHM,Female,0,No,No,51,Yes,No,No,No internet service,No internet service,No internet service,No internet service,No internet service,No internet service,Month-to-month,Yes,Mailed check,18.0,938.31,No
13252-LDIFE,Female,0,Yes,No,9,Yes,Yes,Fiber optic,No,No,Yes,No,No,No,Month-to-month,No,Electronic check,84.87,800.6,No
13253-CEENO,Female,0,Yes,No,4,Yes,No,No,No internet service,No internet service,No internet service,No internet service,No internet service,No internet service,One year,No,Bank transfer (automatic),21.06,149.18,No
13254-LLDLF,Female,0,Yes,No,8,Yes,No,DSL,No,Yes,No,No,No,Yes,Month-to-month,Yes,Bank transfer (automatic),56.33,456.43,No
13255-CJAGG,Female,1,No,Yes,14,Yes,No,DSL,No,No,No,Yes,Yes,No,One year,No,Electronic check,53.05,749.66,No
13256-PLPDI,Female,0,No,No,18,Yes,Yes,DSL,No,No,No,No,No,Yes,Two year,No,Mailed check,50.87,899.19,No
13257-LBOMA,Male,0,Yes,No,11,Yes,No,DSL,Yes,Yes,Yes,No,No,No,Month-to-month,No,Credit card (automatic),61.67,648.81,No
13258-OCGIB,Female,0,Yes,No,28,Yes,Yes,Fiber optic,No,No,Yes,No,No,No,Month-to-month,No,Electronic check,68.48,1874.13,Yes
13259-FCELI,Male,0,No,No,17,Yes,No,No,No internet service,No internet service,No internet service,No internet service,No internet service,No internet service,Two year,Yes,Electronic check,18.0,339.42,No
13260-CAEAH,Male,0,No,No,21,No,No phone service,DSL,No,No,No,No,No,Yes,One year,Yes,Mailed check,62.19,1185.82,No
13261-GOKBN,Male,0,No,No,39,Yes,Yes,DSL,No,Yes,Yes,Yes,Yes,No,Month-to-month,No,Credit card (automatic),45.31,1728.79,No
13262-KIEGD,Female,1,No,No,40,No,No phone service,DSL,No,Yes,No,Yes,Yes,No,Month-to-month,Yes,Credit card (automatic),52.29,2126.28,No
13263-LMANH,Female,0,No,No,4,Yes,Yes,DSL,No,No,No,No,No,No,Two year,Yes,Electronic check,73.72,214.66,No
13264-MACFH,Female,1,Yes,Yes,19,Yes,Yes,DSL,No,Yes,Yes,No,No,Yes,Month-to-month,Yes,Mailed check,61.56,1196.02,No
13265-HBIPD,Female,0,No,Yes,25,No,No phone service,DSL,No,Yes,No,No,Yes,No,Month-to-month,No,Electronic check,59.32,1414.14,No
13266-DONPB,Male,0,Yes,No,3,Yes,No,Fiber optic,No,Yes,No,Yes,No,No,Two year,No,Mailed check,84.63,247.12,Yes
13267-AJGKJ,Female,0,No,Yes,37,Yes,No,No,No internet service,No internet service,No internet service,No internet service,No internet service,No internet service,Two year,No,Mailed check,25.34,911.04,No
13268-CDKIF,Male,1,Yes,No,3,Yes,No,DSL,No,Yes,No,Yes,No,No,Month-to-month,No,Mailed check,65.19,243.1,No
13269-NAIIE,Female,0,No,Yes,32,Yes,No,No,No internet service,No internet service,No internet service,No internet service,No internet service,No internet service,Month-to-month,No,Electronic check,26.49,893.53,Yes
13270-HGKHI,Female,0,No,No,3,Yes,Yes,Fiber optic,Yes,No,No,No,No,No,One year,No,Electronic check,95.47,264.68,Yes
13271-NBJEH,Male,1,No,No,27,Yes,Yes,Fiber optic,No,No,No,No,No,No,Month-to-month,No,Electronic check,85.3,2240.69,Yes
13272-PPCKO,Male,0,No,No,3,Yes,No,No,No internet service,No internet service,No internet service,No internet service,No internet service,No internet service,Month-to-month,Yes,Credit card (automatic),18.0,40.92,Yes
13273-KFFPG,Male,0,No,Yes,9,No,No phone service,DSL,No,Yes,Yes,No,No,No,Two year,Yes,Electronic check,45.43,374.67,No
13274-PMKCH,Female,0,No,No,3,Yes,No,No,No internet service,No internet service,No internet service,No internet service,No internet service,No internet service,One year,No,Electronic check,23.74,52.97,No
13275-HIHCF,Male,0,Yes,Yes,6,Yes,No,DSL,Yes,Yes,Yes,Yes,Yes,No,Two year,Yes,Credit card (automatic),58.97,305.6,No
13276-IACBL,Male,1,Yes,No,72,Yes,Yes,Fiber optic,No,No,No,No,Yes,No,One year,No,Electronic check,81.09,5865.24,Yes
13277-HFJKP,Male,0,No,No,2,Yes,No,DSL,Yes,No,No,Yes,Yes,No,One year,No,Electronic check,54.64,83.9,No
13278-KPHBK,Female,0,No,No,10,Yes,No,Fiber optic,No,No,No,No,Yes,Yes,Two year,No,Mailed check,72.93,726.22,No
13279-FGHIE,Male,0,Yes,No,22,Yes,No,Fiber optic,Yes,No,Yes,No,Yes,No,Month-to-month,Yes,Electronic check,75.62,1598.45,Yes
13280-KCBHA,Male,0,No,No,1,No,No phone service,No,No internet service,No internet service,No internet service,No internet service,No internet service,No internet service,One year,No,Mailed check,18.0,68.53,No
13281-JOPFB,Female,0,Yes,Yes,2,Yes,No,Fiber optic,Yes,No,No,No,Yes,Yes,Two year,Yes,Electronic check,82.73,193.75,No
13282-CHAFC,Male,0,Yes,No,3,Yes,No,Fiber optic,Yes,No,No,Yes,No,Yes,Two year,Yes,Electronic check,78.38,190.39,Yes
13283-FCKKH,Male,0,No,No,20,Yes,No,No,No internet service,No internet service,No internet service,No internet service,No internet service,No internet service,One year,No,Credit card (automatic),18.0,455.27,No
13284-EDIOE,Male,0,No,Yes,48,Yes,No,Fiber optic,No,Yes,No,Yes,No,No,Two year,Yes,Mailed check,88.94,4252.44,No
13285-LNDHH,Female,0,No,No,34,Yes,No,Fiber optic,Yes,No,No,No,Yes,No,Month-to-month,Yes,Bank transfer (automatic),98.24,3278.98,No
13286-HDMAB,Male,0,No,Yes,72,Yes,Yes,No,No internet service,No internet service,No internet service,No internet service,No internet service,No internet service,Month-to-month,Yes,Credit card (automatic),29.28,2099.11,No
13287-DPJBK,Male,0,Yes,Yes,17,Yes,No,No,No internet service,No internet service,No internet service,No internet service,No internet service,No internet service,Month-to-month,Yes,Credit card (automatic),21.68,415.37,No
13288-JNNCI,Male,0,Yes,No,65,Yes,No,No,No internet service,No internet service,No internet service,No internet service,No internet service,No internet service,Month-to-month,Yes,Mailed check,18.31,1200.84,No
13289-OINOK,Male,0,No,No,7,Yes,Yes,Fiber optic,No,Yes,Yes,No,No,No,Month-to-month,Yes,Credit card (automatic),91.75,621.19,Yes
13290-IGODA,Male,1,No,No,10,Yes,Yes,Fiber optic,Yes,Yes,No,Yes,Yes,No,Month-to-month,Yes,Bank transfer (automatic),87.74,944.34,Yes
13291-CONHD,Male,0,Yes,No,10,Yes,Yes,DSL,No,No,Yes,Yes,Yes,Yes,Two year,No,Bank transfer (automatic),57.93,617.22,No
13292-JJBNH,Male,0,No,Yes,0,No,No phone service,No,No internet service,No internet service,No internet service,No internet service,No internet service,No internet service,Month-to-month,No,Bank transfer (automatic),18.0,51.24,Yes
13293-GKJIB,Female,0,No,Yes,35,Yes,Yes,No,No internet service,No internet service,No internet service,No internet service,No internet service,No internet service,Month-to-month,Yes,Mailed check,28.39,959.45,No
13294-OEFMB,Female,0,No,No,0,Yes,No,DSL,No,No,No,No,Yes,No,Two year,Yes,Mailed check,51.66,21.12,No
13295-POBMO,Female,0,No,No,26,Yes,No,DSL,No,No,No,No,No,Yes,Month-to-month,Yes,Bank transfer (automatic),56.2,1501.22,Yes
13296-NNJND,Male,0,Yes,Yes,10,Yes,No,DSL,No,No,Yes,No,Yes,No,Month-to-month,Yes,Electronic check,48.84,404.96,Yes
13297-OHONO,Female,0,Yes,No,0,Yes,Yes,Fiber optic,No,No,No,Yes,No,No,Month-to-month,Yes,Bank transfer (automatic),90.3,0.0,Yes
13298-MKEID,Male,0,No,No,6,Yes,Yes,DSL,No,No,No,Yes,No,No,Month-to-month,Yes,Electronic check,51.12,280.83,No
13299-CJOHA,Male,0,No,Yes,8,Yes,No,Fiber optic,Yes,No,Yes,No,Yes,No,Two year,Yes,Credit card (automatic),108.06,870.95,Yes
13300-IPDKI,Male,0,Yes,No,66,Yes,No,Fiber optic,Yes,No,No,No,No,No,Two year,Yes,Electronic check,80.49,5331.21,No
13301-HCCNI,Female,0,No,No,21,Yes,No,No,No internet service,No internet service,No internet service,No internet service,No internet service,No internet service,Two year,Yes,Electronic check,18.0,419.57,No
13302-CDILD,Female,0,No,Yes,15,Yes,Yes,Fiber optic,No,No,No,No,No,Yes,Two year,Yes,Bank transfer (automatic),91.87,1289.63,Yes
13303-KCNPG,Male,0,Yes,No,2,No,No phone service,Fiber optic,No,No,No,No,No,Yes,Month-to-month,Yes,Electronic check,89.36,247.47,Yes
13304-FANJH,Male,0,No,No,9,Yes,Yes,Fiber optic,No,No,Yes,No,No,No,Two year,No,Credit card (automatic),99.58,907.98,No
13305-APDFF,Female,0,Yes,No,0,Yes,Yes,DSL,No,Yes,No,No,Yes,Yes,One year,Yes,Bank transfer (automatic),56.64,0.0,No
13306-GNKLN,Female,0,Yes,No,28,Yes,Yes,Fiber optic,Yes,No,No,No,No,No,Two year,Yes,Electronic check,101.72,2882.29,No
13307-EEPDF,Female,1,No,No,3,Yes,Yes,Fiber optic,No,No,Yes,No,Yes,No,Month-to-month,Yes,Electronic check,88.61,153.5,Yes
13308-GJOJA,Female,0,Yes,Yes,18,Yes,Yes,No,No internet service,No internet service,No internet service,No internet service,No internet service,No internet service,Month-to-month,Yes,Electronic check,21.74,385.8,No
13309-IONHG,Female,0,Yes,No,24,No,No phone service,DSL,No,No,No,No,Yes,No,Month-to-month,No,Bank transfer (automatic),49.94,1224.18,No
13310-ICJDP,Female,1,No,No,9,Yes,No,No,No internet service,No internet service,No internet service,No internet service,No internet service,No internet service,Month-to-month,No,Credit card (automatic),23.3,185.96,No
13311-GFNPM,Female,0,No,Yes,20,Yes,No,DSL,No,No,No,Yes,No,Yes,One year,Yes,Mailed check,39.43,812.73,No
13312-BPPBJ,Male,0,No,Yes,28,Yes,Yes,No,No internet service,No internet service,No internet service,No internet service,No internet service,No internet service,Month-to-month,Yes,Electronic check,21.18,633.11,No
13313-GIKOP,Male,1,Yes,No,4,Yes,No,Fiber optic,No,No,No,No,No,No,Month-to-month,No,Electronic check,76.23,229.03,Yes
13314-LIGKH,Female,0,Yes,No,18,Yes,Yes,DSL,No,Yes,No,No,Yes,No,One year,Yes,Electronic check,46.37,815.79,No
13315-PJCAG,Female,0,No,Yes,26,Yes,Yes,Fiber optic,No,No,Yes,No,No,Yes,Month-to-month,Yes,Credit card (automatic),89.75,2396.03,Yes
13316-HBOID,Male,0,Yes,No,8,Yes,Yes,No,No internet service,No internet service,No internet service,No internet service,No internet service,No internet service,Month-to-month,Yes,Electronic check,18.05,98.55,Yes
13317-JKIPM,Female,1,No,Yes,3,Yes,Yes,DSL,Yes,No,No,No,Yes,No,Two year,Yes,Electronic check,48.62,96.97,No
13318-CHKBO,Male,0,Yes,Yes,6,Yes,No,DSL,No,No,Yes,No,No,Yes,Two year,Yes,Bank transfer (automatic),71.85,490.42,No
13319-NCAED,Male,0,Yes,No,54,Yes,Yes,No,No internet service,No internet service,No internet service,No internet service,No internet service,No internet service,One year,Yes,Bank transfer (automatic),18.0,1003.06,No
13320-MAJIF,Female,0,Yes,No,8,No,No phone service,Fiber optic,No,No,No,No,No,Yes,Two year,No,Mailed check,84.02,710.81,No
13321-FNKBO,Male,0,Yes,No,2,Yes,Yes,No,No internet service,No internet service,No internet service,No internet service,No internet service,No internet service,Month-to-month,No,Mailed check,18.0,110.11,No
13322-NGLLO,Female,0,No,No,1,Yes,Yes,DSL,No,No,Yes,No,No,No,Month-to-month,No,Bank transfer (automatic),53.72,26.5,Yes
13323-PIFKH,Female,0,No,Yes,3,No,No phone service,No,No internet service,No internet service,No internet service,No internet service,No internet service,No internet service,Month-to-month,Yes,Bank transfer (automatic),26.33,69.12,No
13324-LEBMO,Male,0,Yes,No,2,No,No phone service,Fiber optic,No,Yes,No,Yes,No,No,Month-to-month,No,Mailed check,87.71,135.75,No
13325-PDLAA,Male,0,No,Yes,13,Yes,No,No,No internet service,No internet service,No internet service,No internet service,No internet service,No internet service,One year,Yes,Electronic check,18.0,188.22,No
13326-FOBFP,Male,0,No,No,8,Yes,Yes,DSL,No,Yes,No,No,No,No,Month-to-month,Yes,Credit card (automatic),70.08,619.6,No
13327-AKJCP,Female,0,Yes,No,36,Yes,No,No,No internet service,No internet service,No internet service,No internet service,No internet service,No internet service,Month-to-month,Yes,Electronic check,18.0,639.25,Yes
13328-NIBHF,Female,0,Yes,Yes,42,Yes,No,Fiber optic,Yes,No,No,No,No,Yes,Two year,Yes,Mailed check,87.3,3698.45,No
13329-LFGEL,Female,0,Yes,Yes,12,Yes,No,Fiber optic,Yes,No,No,Yes,Yes,No,Month-to-month,No,Bank transfer (automatic),92.18,1136.44,No
13330-KDFHD,Female,1,No,No,43,Yes,No,DSL,Yes,No,No,Yes,No,No,Two year,Yes,Bank transfer (automatic),58.45,2472.16,No
13331-EGFMD,Female,0,No,No,11,Yes,No,Fiber optic,No,No,No,No,Yes,Yes,Month-to-month,No,Bank transfer (automatic),92.86,1028.35,No
13332-MDJDA,Female,0,No,Yes,20,Yes,No,Fiber optic,No,No,Yes,Yes,Yes,Yes,One year,No,Bank transfer (automatic),83.53,1585.59,No
13333-EHGEC,Female,0,No,No,3,Yes,No,Fiber optic,Yes,No,No,Yes,No,No,Two year,Yes,Credit card (automatic),95.68,295.32,No
13334-OOKAM,Male,0,No,No,1,Yes,No,Fiber optic,No,No,Yes,No,No,No,Two year,Yes,Mailed check,85.27,75.73,No
13335-GMOKC,Female,0,No,No,3,Yes,No,Fiber optic,No,No,No,No,No,Yes,Month-to-month,Yes,Bank transfer (automatic),88.07,179.23,Yes
13336-DNEMO,Male,0,No,No,5,Yes,No,DSL,No,No,Yes,Yes,No,No,Month-to-month,No,Bank transfer (automatic),47.03,233.79,No
13337-LHMGI,Male,0,Yes,No,27,No,No phone service,No,No internet service,No internet service,No internet service,No internet service,No internet service,No internet service,Month-to-month,Yes,Bank transfer (automatic),24.71,786.84,No
13338-KCNKJ,Female,0,Yes,No,3,Yes,No,No,No internet service,No internet service,No internet service,No internet service,No internet service,No internet service,One year,Yes,Credit card (automatic),18.0,96.0,No
13339-AALJM,Male,0,No,Yes,2,Yes,No,DSL,No,Yes,Yes,No,Yes,Yes,Month-to-month,Yes,Bank transfer (automatic),35.72,45.49,No
13340-NABBG,Male,0,No,No,52,No,No phone service,Fiber optic,Yes,No,No,No,No,No,One year,Yes,Mailed check,89.12,4608.15,No
13341-IHODB,Male,1,Yes,No,23,Yes,Yes,DSL,No,No,No,No,No,No,Month-to-month,No,Credit card (automatic),59.91,1377.55,Yes
13342-CJEIH,Female,1,No,No,12,Yes,Yes,No,No internet service,No internet service,No internet service,No internet service,No internet service,No internet service,Month-to-month,Yes,Mailed check,31.03,402.72,No
13343-MLNCI,Male,0,No,No,1,Yes,Yes,DSL,No,No,No,Yes,Yes,Yes,Month-to-month,No,Mailed check,56.54,15.27,No
13344-JCJLN,Female,0,No,No,38,Yes,Yes,No,No internet service,No internet service,No internet service,No internet service,No internet service,No internet service,Two year,Yes,Bank transfer (automatic),24.37,903.02,No
13345-HPADD,Female,0,Yes,Yes,2,No,No phone service,Fiber optic,No,No,Yes,Yes,Yes,No,Two year,No,Electronic check,93.51,175.52,No
13346-FLLBG,Female,0,No,No,18,Yes,Yes,DSL,Yes,No,Yes,Yes,No,Yes,Month-to-month,Yes,Bank transfer (automatic),49.9,820.47,No
13347-EJPFK,Male,0,Yes,No,22,Yes,Yes,No,No internet service,No internet service,No internet service,No internet service,No internet service,No internet service,One year,Yes,Electronic check,18.0,414.05,No
13348-NFNNL,Male,0,Yes,No,10,Yes,No,Fiber optic,Yes,Yes,No,No,No,Yes,Month-to-month,Yes,Credit card (automatic),83.34,849.76,Yes
13349-NKFJL,Female,0,No,No,48,Yes,Yes,Fiber optic,Yes,No,No,No,No,No,One year,No,Bank transfer (automatic),76.83,3659.08,No
13350-HJPDJ,Female,0,No,No,1,Yes,Yes,DSL,No,No,No,No,No,No,Month-to-month,Yes,Mailed check,64.11,36.67,No
13351-HIMMD,Female,0,Yes,No,34,Yes,No,DSL,No,No,No,Yes,No,Yes,One year,Yes,Electronic check,49.86,1648.52,No
13352-ACAGL,Male,0,No,No,16,Yes,Yes,No,No internet service,No internet service,No internet service,No internet service,No internet service,No internet service,One year,Yes,Mailed check,18.44,308.69,No
13353-AKDMN,Male,0,Yes,No,18,Yes,Yes,Fiber optic,No,No,No,No,No,Yes,Month-to-month,Yes,Credit card (automatic),96.05,1686.54,No
13354-AMMBK,Male,0,No,No,72,Yes,No,DSL,Yes,No,No,Yes,No,No,Month-to-month,No,Electronic check,63.56,4601.69,No
13355-ONAME,Male,0,No,No,17,Yes,Yes,DSL,Yes,No,Yes,No,Yes,Yes,Month-to-month,Yes,Mailed check,55.22,986.97,Yes
13356-GCNHN,Male,0,Yes,No,31,Yes,Yes,Fiber optic,No,No,No,No,No,No,Month-to-month,No,Electronic check,91.07,2839.13,No
13357-OEEME,Male,0,Yes,Yes,3,Yes,Yes,DSL,No,Yes,No,No,Yes,No,Two year,Yes,Credit card (automatic),55.42,148.08,No
13358-HBBON,Male,0,No,No,33,Yes,No,DSL,No,Yes,No,Yes,Yes,Yes,Month-to-month,No,Mailed check,53.6,1754.45,No
13359-LHPIK,Female,0,Yes,No,28,Yes,Yes,DSL,No,No,No,No,Yes,Yes,Month-to-month,Yes,Bank transfer (automatic),64.88,1778.01,Yes
13360-LJJBD,Male,0,Yes,No,68,No,No phone service,Fiber optic,No,Yes,No,Yes,No,No,One year,Yes,Mailed check,89.09,6070.7,No
13361-HBDJM,Female,0,Yes,No,54,Yes,No,DSL,No,No,No,No,Yes,Yes,Month-to-month,Yes,Electronic check,56.86,3041.54,No
13362-PMAPB,Male,1,Yes,Yes,4,No,No phone service,Fiber optic,No,Yes,No,No,Yes,No,Month-to-month,Yes,Electronic check,83.08,399.91,Yes
13363-GALAB,Female,0,No,Yes,12,Yes,No,DSL,No,No,Yes,No,No,Yes,Month-to-month,No,Bank transfer (automatic),47.27,500.12,No
13364-DGDED,Male,0,Yes,No,48,Yes,Yes,Fiber optic,No,No,No,No,No,Yes,One year,Yes,Credit card (automatic),84.53,4035.0,No
13365-DIOFL,Male,0,No,No,20,Yes,No,Fiber optic,Yes,No,No,No,Yes,Yes,One year,No,Electronic check,93.54,1839.75,Yes
13366-CFMGG,Male,0,Yes,No,12,Yes,Yes,No,No internet service,No internet service,No internet service,No internet service,No internet service,No internet service,Two year,Yes,Bank transfer (automatic),26.64,330.36,No
13367-HMDAF,Female,0,No,No,2,Yes,No,Fiber optic,No,Yes,Yes,Yes,No,Yes,Month-to-month,No,Electronic check,82.38,127.86,Yes
13368-HEMCD,Male,0,No,No,8,Yes,Yes,Fiber optic,No,No,No,No,Yes,No,Month-to-month,Yes,Mailed check,90.12,752.16,Yes
13369-HFMOM,Male,1,Yes,No,21,Yes,Yes,Fiber optic,No,No,No,No,No,No,Two year,Yes,Mailed check,77.49,1638.31,No
13370-EMPIJ,Female,1,No,Yes,30,Yes,No,Fiber optic,No,No,Yes,No,Yes,No,One year,Yes,Mailed check,85.35,2579.35,No
13371-CGIKM,Male,1,Yes,No,11,Yes,No,DSL,No,No,No,No,No,Yes,Two year,Yes,Mailed check,64.57,625.4,No
13372-PKLDJ,Male,0,No,No,1,Yes,Yes,DSL,No,No,Yes,No,No,No,Month-to-month,Yes,Credit card (automatic),61.16,27.23,No
13373-JCAIM,Female,1,No,No,20,Yes,No,DSL,Yes,Yes,No,No,No,No,Month-to-month,Yes,Electronic check,72.96,1499.74,No
13374-ABIED,Male,0,No,Yes,50,Yes,Yes,Fiber optic,No,No,Yes,No,No,Yes,Month-to-month,Yes,Credit card (automatic),86.12,4252.09,No
13375-IIBCL,Female,0,No,Yes,13,Yes,Yes,No,No internet service,No internet service,No internet service,No internet service,No internet service,No internet service,Month-to-month,Yes,Mailed check,32.8,381.73,No
13376-PCPEM,Female,0,Yes,Yes,52,Yes,Yes,DSL,Yes,No,No,No,No,Yes,Month-to-month,No,Electronic check,48.65,2560.84,No
13377-CJFPB,Female,0,Yes,No,8,No,No phone service,Fiber optic,No,No,No,No,No,Yes,Month-to-month,No,Electronic check,94.47,701.18,Yes
13378-FFBFF,Male,0,Yes,No,43,Yes,No,Fiber optic,No,No,No,Yes,Yes,No,Month-to-month,Yes,Credit card (automatic),77.13,3238.48,Yes
13379-FLMNE,Male,0,No,No,30,Yes,No,Fiber optic,No,Yes,No,No,No,No,Two year,Yes,Bank transfer (automatic),87.18,2580.69,No
13380-GMOLE,Female,0,No,No,65,Yes,Yes,DSL,No,Yes,Yes,Yes,Yes,Yes,Month-to-month,No,Bank transfer (automatic),62.29,4147.2,No
13381-KALIC,Female,0,Yes,No,31,Yes,Yes,DSL,Yes,No,No,No,No,No,Month-to-month,Yes,Electronic check,36.81,1077.43,No
13382-BJFHB,Male,0,Yes,No,7,No,No phone service,DSL,Yes,No,Yes,Yes,No,Yes,Two year,No,Mailed check,49.49,278.15,No
13383-DBLLI,Male,0,Yes,No,46,Yes,Yes,No,No internet service,No internet service,No internet service,No internet service,No internet service,No internet service,Month-to-month,Yes,Credit card (automatic),18.0,907.84,Yes
13384-JMOBJ,Male,1,Yes,No,22,Yes,No,DSL,No,No,No,Yes,No,No,Month-to-month,No,Credit card (automatic),59.1,1318.49,No
13385-BNMEL,Female,0,Yes,No,3,Yes,No,Fiber optic,No,No,No,No,Yes,Yes,Two year,Yes,Bank transfer (automatic),83.18,266.84,Yes
13386-ELGAL,Male,0,No,No,0,Yes,No,No,No internet service,No internet service,No internet service,No internet service,No internet service,No internet service,Month-to-month,No,Bank transfer (automatic),18.0,0.0,Yes
13387-BKPKF,Female,0,No,Yes,9,Yes,Yes,Fiber optic,Yes,Yes,Yes,Yes,Yes,No,Two year,Yes,Bank transfer (automatic),88.59,720.63,No
13388-BPDJP,Female,1,No,No,30,Yes,No,Fiber optic,Yes,Yes,No,No,No,No,One year,Yes,Bank transfer (automatic),69.25,2085.82,No
13389-FMLGJ,Male,0,No,No,19,Yes,Yes,Fiber optic,Yes,No,Yes,No,Yes,Yes,Month-to-month,No,Bank transfer (automatic),98.85,1809.13,No
13390-EHFED,Male,0,No,No,14,No,No phone service,Fiber optic,Yes,No,No,No,No,No,Two year,Yes,Credit card (automatic),76.65,1114.13,Yes
13391-FFFPA,Female,0,No,No,0,Yes,No,Fiber optic,Yes,Yes,Yes,Yes,No,No,One year,Yes,Bank transfer (automatic),81.51,0.0,Yes
13392-FAEGA,Female,1,Yes,No,11,Yes,Yes,Fiber optic,No,No,No,No,No,No,One year,No,Bank transfer (automatic),79.73,912.82,No
13393-MAMMP,Male,0,Yes,No,3,Yes,No,Fiber optic,No,Yes,No,No,Yes,Yes,Month-to-month,Yes,Electronic check,84.81,235.31,Yes
13394-OFOGF,Female,0,Yes,No,12,Yes,No,Fiber optic,Yes,Yes,No,Yes,No,No,Month-to-month,Yes,Credit card (automatic),78.11,908.96,No
13395-EFMNP,Male,0,No,Yes,72,Yes,No,No,No internet service,No internet service,No internet service,No internet service,No internet service,No internet service,Month-to-month,Yes,Mailed check,18.0,1221.59,No
13396-CIOEB,Male,1,No,Yes,42,Yes,No,No,No internet service,No internet service,No internet service,No internet service,No internet service,No internet service,Month-to-month,Yes,Credit card (automatic),18.25,879.78,No
13397-NNLJJ,Female,0,No,No,7,Yes,Yes,Fiber optic,No,Yes,No,No,Yes,Yes,Month-to-month,Yes,Bank transfer (automatic),75.7,488.33,No
13398-PGCAC,Female,0,No,Yes,18,Yes,No,Fiber optic,No,No,No,No,No,Yes,Month-to-month,Yes,Electronic check,88.05,1627.23,Yes
13399-IEGCD,Male,0,Yes,No,13,Yes,Yes,Fiber optic,No,No,Yes,No,Yes,Yes,Month-to-month,No,Mailed check,74.51,909.38,No
13400-ACGDO,Female,0,No,Yes,2,No,No phone service,No,No internet service,No internet service,No internet service,No internet service,No internet service,No internet service,Month-to-month,No,Credit card (automatic),18.0,110.39,No
13401-BNEPO,Female,0,No,No,72,No,No phone service,DSL,Yes,No,No,No,No,Yes,Month-to-month,Yes,Electronic check,49.23,3586.67,No
13402-EOBOO,Male,0,No,No,11,Yes,No,Fiber optic,No,No,Yes,No,Yes,No,One year,Yes,Credit card (automatic),89.73,984.04,Yes
13403-KFJDN,Female,1,No,No,14,Yes,Yes,DSL,No,No,No,Yes,Yes,No,Month-to-month,Yes,Bank transfer (automatic),53.67,718.45,Yes
13404-ACNIJ,Male,0,No,No,20,Yes,No,Fiber optic,Yes,Yes,No,No,No,Yes,Month-to-month,Yes,Electronic check,101.62,2071.12,No
13405-GMFNA,Female,1,Yes,No,4,No,No phone service,No,No internet service,No internet service,No internet service,No internet service,No internet service,No internet service,Month-to-month,Yes,Mailed check,33.71,100.59,No
13406-PIMIA,Male,0,Yes,Yes,5,Yes,No,DSL,No,No,Yes,No,No,Yes,Two year,No,Electronic check,64.44,340.73,Yes
13407-NMMOF,Female,1,No,No,4,No,No phone service,DSL,No,No,No,No,Yes,Yes,One year,No,Electronic check,55.66,242.73,Yes
13408-GBPPJ,Female,0,No,Yes,9,Yes,No,DSL,No,No,Yes,No,No,Yes,Two year,Yes,Credit card (automatic),53.92,535.13,No
13409-HHFIC,Female,0,Yes,No,4,Yes,No,Fiber optic,No,Yes,No,No,No,No,One year,Yes,Bank transfer (automatic),100.75,402.28,No
13410-BBFGF,Female,0,No,Yes,52,Yes,Yes,DSL,No,No,No,No,Yes,No,Month-to-month,Yes,Electronic check,49.6,2507.91,No
13411-KCPEH,Female,0,No,Yes,25,Yes,Yes,Fiber optic,No,No,Yes,Yes,No,No,Month-to-month,Yes,Electronic check,87.64,2075.78,No
13412-FBOPG,Female,0,Yes,Yes,45,No,No phone service,Fiber optic,No,Yes,No,Yes,No,No,One year,Yes,Electronic check,83.66,3708.02,Yes
13413-PHDLP,Female,0,Yes,No,37,Yes,Yes,No,No internet service,No internet service,No internet service,No internet service,No internet service,No internet service,Month-to-month,Yes,Credit card (automatic),18.0,729.47,Yes
13414-ABPDG,Female,0,Yes,No,24,No,No phone service,DSL,No,No,Yes,No,No,No,Month-to-month,Yes,Bank transfer (automatic),56.39,1394.0,Yes
13415-BFBLG,Male,0,Yes,No,5,Yes,No,Fiber optic,No,Yes,Yes,Yes,Yes,Yes,One year,Yes,Electronic check,83.89,463.47,No
13416-BCIMO,Female,0,Yes,No,19,Yes,No,DSL,No,No,No,Yes,No,Yes,Month-to-month,Yes,Bank transfer (automatic),63.21,1138.92,No
13417-DNEIG,Female,0,Yes,Yes,4,Yes,No,Fiber optic,Yes,Yes,Yes,No,Yes,No,Two year,No,Credit card (automatic),74.86,321.02,Yes
13418-HOKCK,Female,0,Yes,No,2,Yes,Yes,No,No internet service,No internet service,No internet service,No internet service,No internet service,No internet service,Month-to-month,No,Bank transfer (automatic),18.0,0.0,Yes
13419-KDGDB,Female,0,No,No,20,Yes,Yes,DSL,No,No,No,No,Yes,No,One year,No,Mailed check,51.21,1017.19,No
13420-NJFIP,Female,0,No,Yes,19,Yes,No,DSL,Yes,Yes,No,No,No,Yes,Two year,No,Credit card (automatic),60.11,1081.74,No
13421-BAHAA,Male,0,No,Yes,3,No,No phone service,DSL,No,Yes,No,No,No,No,Two year,No,Bank transfer (automatic),54.99,179.82,No
13422-CEMLI,Male,0,No,No,8,Yes,No,No,No internet service,No internet service,No internet service,No internet service,No internet service,No internet service,Month-to-month,No,Electronic check,18.0,105.13,Yes
13423-KJBLL,Female,0,No,No,1,Yes,No,DSL,No,No,No,No,No,No,Two year,No,Credit card (automatic),45.74,84.53,No
13424-APAHJ,Female,0,No,No,25,Yes,No,DSL,Yes,No,No,Yes,Yes,Yes,One year,Yes,Credit card (automatic),66.75,1695.93,No
13425-JJBMI,Female,0,No,No,72,No,No phone service,Fiber optic,No,Yes,No,Yes,No,No,Month-to-month,Yes,Bank transfer (automatic),91.57,6578.88,No
13426-IBCBF,Female,0,Yes,No,26,Yes,No,DSL,Yes,No,No,No,No,No,Two year,Yes,Mailed check,42.94,1033.65,No
13427-OGLFC,Male,0,No,No,37,Yes,No,DSL,No,No,No,No,No,Yes,Month-to-month,Yes,Electronic check,56.85,2085.82,No
13428-LOCLB,Female,0,No,No,12,Yes,Yes,DSL,No,Yes,Yes,Yes,No,No,Month-to-month,Yes,Credit card (automatic),55.42,667.96,No
13429-PBKLE,Male,0,Yes,No,2,Yes,Yes,Fiber optic,No,Yes,No,No,No,Yes,Month-to-month,No,Mailed check,92.41,170.37,No
13430-KPKHF,Female,0,Yes,Yes,25,Yes,Yes,Fiber optic,No,No,No,No,Yes,Yes,One year,Yes,Bank transfer (automatic),84.72,2124.86,Yes
13431-IKEJD,Male,0,No,Yes,5,Yes,Yes,Fiber optic,No,No,No,No,Yes,Yes,Month-to-month,No,Electronic check,90.35,480.39,Yes
13432-ILJKN,Male,0,Yes,Yes,9,Yes,Yes,DSL,Yes,No,Yes,No,No,Yes,One year,No,Electronic check,52.21,430.71,No
13433-EAEPO,Male,0,Yes,No,24,Yes,No,Fiber optic,Yes,No,No,No,No,No,Month-to-month,Yes,Credit card (automatic),77.39,1883.79,No
13434-EEMBM,Female,1,No,Yes,47,Yes,No,Fiber optic,No,Yes,Yes,No,Yes,Yes,Month-to-month,Yes,Mailed check,74.03,3520.89,No
13435-FEBPL,Female,0,No,No,13,Yes,No,DSL,Yes,No,No,No,No,No,Two year,No,Credit card (automatic),56.55,757.56,No
13436-JOONH,Female,0,No,No,65,Yes,Yes,Fiber optic,No,Yes,Yes,Yes,No,Yes,Month-to-month,Yes,Credit card (automatic),77.84,5119.16,No
13437-FKJLK,Female,0,No,No,14,Yes,Yes,Fiber optic,No,No,Yes,No,Yes,No,Month-to-month,Yes,Credit card (automatic),83.29,1126.84,Yes
13438-CIMKK,Female,0,No,No,2,Yes,No,No,No internet service,No internet service,No internet service,No internet service,No internet service,No internet service,Month-to-month,Yes,Credit card (automatic),27.63,0.0,No
13439-NDCPG,Male,0,Yes,No,14,Yes,No,Fiber optic,Yes,No,No,Yes,Yes,No,One year,Yes,Mailed check,84.15,1229.34,No
13440-LMONH,Male,1,No,No,39,Yes,Yes,No,No internet service,No internet service,No internet service,No internet service,No internet service,No internet service,Two year,No,Credit card (automatic),18.0,704.77,No
13441-GAAME,Male,0,Yes,No,15,Yes,Yes,No,No internet service,No internet service,No internet service,No internet service,No internet service,No internet service,Two year,No,Mailed check,18.0,270.81,No
13442-ONHNP,Female,0,No,No,27,Yes,No,No,No internet service,No internet service,No internet service,No internet service,No internet service,No internet service,Month-to-month,Yes,Bank transfer (automatic),25.96,771.57,No
13443-JKCHC,Male,0,Yes,No,15,Yes,Yes,Fiber optic,No,Yes,Yes,No,Yes,No,Month-to-month,Yes,Credit card (automatic),79.34,1125.76,Yes
13444-DJGCD,Female,0,Yes,No,15,Yes,No,DSL,No,Yes,No,No,Yes,No,One year,Yes,Credit card (automatic),57.1,810.75,No
13445-PHDID,Male,0,Yes,No,6,Yes,Yes,DSL,No,Yes,Yes,No,No,No,One year,Yes,Mailed check,65.44,461.65,No
13446-MNDME,Female,0,No,No,4,Yes,No,No,No internet service,No internet service,No internet service,No internet service,No internet service,No internet service,One year,No,Mailed check,18.0,44.44,No
13447-AGIPP,Male,1,No,No,6,Yes,No,Fiber optic,No,Yes,Yes,No,No,No,Two year,No,Bank transfer (automatic),92.91,512.93,Yes
13448-LIAOF,Female,0,Yes,No,11,Yes,Yes,DSL,No,No,No,Yes,No,No,Month-to-month,Yes,Mailed check,63.36,711.92,No
13449-CPDHO,Male,0,Yes,No,33,Yes,Yes,Fiber optic,Yes,No,No,No,Yes,Yes,Month-to-month,No,Bank transfer (automatic),91.5,3057.65,No
13450-DHDIF,Male,0,No,No,35,Yes,Yes,No,No internet service,No internet service,No internet service,No internet service,No internet service,No internet service,One year,No,Credit card (automatic),18.04,613.1,No
13451-AMJBG,Male,1,No,Yes,3,Yes,Yes,Fiber optic,No,Yes,Yes,No,No,No,Month-to-month,No,Credit card (automatic),87.01,264.49,Yes
13452-JGCAH,Female,0,No,No,16,Yes,No,Fiber optic,Yes,Yes,No,No,No,Yes,Month-to-month,No,Electronic check,84.24,1360.75,No
13453-MMJNK,Male,0,Yes,No,10,Yes,Yes,Fiber optic,Yes,No,No,No,No,Yes,Month-to-month,Yes,Bank transfer (automatic),84.89,874.35,No
13454-OKJOG,Male,1,Yes,No,16,Yes,Yes,DSL,No,No,No,Yes,No,No,Month-to-month,No,Electronic check,48.14,793.48,Yes
13455-JHANC,Male,0,No,No,20,Yes,No,DSL,Yes,No,Yes,No,No,No,One year,Yes,Credit card (automatic),42.03,857.9,No
13456-MBAEP,Female,0,Yes,No,6,Yes,Yes,No,No internet service,No internet service,No internet service,No internet service,No internet service,No internet service,Month-to-month,Yes,Electronic check,18.0,57.14,No
13457-CJOHP,Male,0,Yes,No,50,Yes,No,No,No internet service,No internet service,No internet service,No internet service,No internet service,No internet service,One year,No,Credit card (automatic),32.49,1615.01,No
13458-FJPNI,Female,0,Yes,No,54,Yes,Yes,No,No internet service,No internet service,No internet service,No internet service,No internet service,No internet service,Month-to-month,No,Mailed check,37.37,1963.17,No
13459-IPKFB,Male,1,No,Yes,2,Yes,No,Fiber optic,Yes,Yes,No,Yes,Yes,Yes,One year,Yes,Electronic check,106.31,262.16,Yes
13460-IBCFB,Male,1,No,Yes,24,Yes,Yes,DSL,Yes,Yes,Yes,No,Yes,Yes,Two year,Yes,Credit card (automatic),53.44,1262.03,No
13461-EBLDO,Female,1,No,No,0,Yes,No,No,No internet service,No internet service,No internet service,No internet service,No internet service,No internet service,One year,No,Electronic check,18.0,5.39,No
13462-KKCEF,Female,0,No,No,0,Yes,Yes,No,No internet service,No internet service,No internet service,No internet service,No internet service,No internet service,Month-to-month,No,Mailed check,23.32,0.0,No
13463-MGJHI,Male,0,No,Yes,63,No,No phone service,No,No internet service,No internet service,No internet service,No internet service,No internet service,No internet service,Month-to-month,Yes,Mailed check,18.0,1107.3,No
13464-NDDGP,Female,0,Yes,No,23,Yes,Yes,DSL,No,No,No,No,Yes,Yes,Month-to-month,No,Mailed check,68.85,1574.8,Yes
13465-LOJJK,Female,0,No,Yes,7,Yes,No,Fiber optic,No,No,No,No,No,Yes,Month-to-month,No,Electronic check,85.82,541.53,Yes
13466-IKBMK,Female,0,Yes,No,22,Yes,Yes,Fiber optic,No,No,No,No,No,Yes,Month-to-month,Yes,Mailed check,89.33,1937.56,No
13467-FJJHP,Male,0,No,Yes,37,Yes,Yes,Fiber optic,No,No,Yes,No,Yes,Yes,One year,No,Electronic check,72.83,2687.44,No
13468-MEEHA,Male,1,No,Yes,40,Yes,Yes,Fiber optic,No,Yes,No,No,No,No,Two year,No,Bank transfer (automatic),92.16,3711.97,No
13469-FJMIL,Male,1,No,Yes,0,Yes,No,Fiber optic,No,Yes,No,No,Yes,No,Month-to-month,No,Electronic check,75.43,0.0,Yes
13470-FOGPD,Female,0,No,No,34,Yes,Yes,Fiber optic,No,No,No,No,No,No,Month-to-month,Yes,Mailed check,93.16,3243.36,No
13471-LJAIL,Female,0,No,No,38,Yes,Yes,DSL,No,Yes,Yes,No,Yes,No,Two year,No,Mailed check,47.38,1724.71,No
13472-FCDJL,Female,0,No,No,18,Yes,Yes,Fiber optic,No,No,No,Yes,No,No,One year,Yes,Credit card (automatic),76.36,1430.19,No
13473-FFLID,Female,0,Yes,Yes,13,Yes,Yes,No,No internet service,No internet service,No internet service,No internet service,No internet service,No internet service,Month-to-month,No,Electronic check,23.66,253.95,No
13474-EECBH,Male,0,No,No,2,No,No phone service,DSL,Yes,No,No,Yes,Yes,Yes,Two year,Yes,Credit card (automatic),54.17,38.69,No
13475-JOIPJ,Female,1,Yes,Yes,5,Yes,No,No,No internet service,No internet service,No internet service,No internet service,No internet service,No internet service,One year,Yes,Electronic check,18.0,58.7,No
13476-KMINE,Male,0,No,Yes,13,Yes,Yes,No,No internet service,No internet service,No internet service,No internet service,No internet service,No internet service,One year,No,Credit card (automatic),18.0,264.64,No
13477-KIPDB,Female,0,Yes,No,40,No,No phone service,No,No internet service,No internet service,No internet service,No internet service,No internet service,No internet service,One year,Yes,Electronic check,23.89,865.87,No
13478-CAEAL,Male,0,Yes,No,32,Yes,No,DSL,No,No,No,No,Yes,Yes,Month-to-month,Yes,Credit card (automatic),49.72,1562.36,No
13479-KANKK,Male,0,No,No,13,Yes,No,DSL,Yes,No,Yes,No,No,Yes,Month-to-month,No,Credit card (automatic),51.99,686.7,No
13480-MPGBO,Female,0,Yes,No,30,Yes,Yes,DSL,No,Yes,No,Yes,Yes,No,Month-to-month,Yes,Electronic check,53.85,1595.61,No
13481-HFDIO,Female,0,Yes,Yes,29,Yes,Yes,Fiber optic,No,No,No,No,No,No,Month-to-month,Yes,Electronic check,78.23,2252.53,Yes
13482-JHMJC,Female,0,No,No,17,Yes,No,DSL,No,No,Yes,No,Yes,No,Month-to-month,No,Mailed check,49.16,859.98,No
13483-CDNII,Male,0,No,Yes,4,Yes,No,DSL,No,No,Yes,Yes,No,Yes,Month-to-month,No,Mailed check,47.27,232.88,No
13484-ELIFH,Female,0,Yes,Yes,8,Yes,No,DSL,No,No,No,No,No,No,Month-to-month,Yes,Bank transfer (automatic),66.76,519.82,No
13485-KPHLJ,Male,0,No,Yes,3,Yes,No,Fiber optic,No,No,No,No,Yes,Yes,Month-to-month,Yes,Mailed check,93.54,297.73,No
13486-OGDPD,Female,0,No,No,0,Yes,Yes,Fiber optic,No,No,No,Yes,No,No,Month-to-month,Yes,Bank transfer (automatic),84.36,30.63,No
13487-FNIGE,Male,0,No,No,1,Yes,No,Fiber optic,No,No,No,No,Yes,No,Two year,Yes,Mailed check,83.11,22.81,Yes
13488-EHFAA,Female,0,No,Yes,28,Yes,No,DSL,No,No,No,No,No,No,Month-to-month,Yes,Electronic check,61.97,1729.87,No
13489-IPHFM,Male,0,Yes,Yes,0,Yes,No,No,No internet service,No internet service,No internet service,No internet service,No internet service,No internet service,Two year,Yes,Electronic check,18.0,0.0,Yes
13490-ANBJC,Male,0,Yes,No,10,No,No phone service,Fiber optic,No,No,Yes,Yes,No,Yes,Two year,Yes,Electronic check,68.92,759.26,No
13491-JLCBL,Male,0,Yes,No,72,Yes,Yes,DSL,No,No,Yes,No,No,No,Month-to-month,No,Mailed check,49.92,3641.29,No
13492-BFGDA,Female,0,Yes,No,31,Yes,No,DSL,Yes,No,No,No,No,Yes,Month-to-month,No,Bank transfer (automatic),57.81,1766.23,No
13493-FGDFI,Male,0,Yes,Yes,27,Yes,No,DSL,No,Yes,No,No,No,No,One year,Yes,Credit card (automatic),52.35,1427.6,No
13494-DLONJ,Female,0,Yes,No,6,Yes,Yes,DSL,No,Yes,Yes,No,Yes,No,Month-to-month,No,Electronic check,57.24,210.67,Yes
13495-DJLEC,Male,0,No,No,20,Yes,Yes,Fiber optic,Yes,No,No,No,No,Yes,Two year,Yes,Mailed check,88.19,1847.52,No
13496-JBOIM,Female,0,No,No,13,Yes,No,No,No internet service,No internet service,No internet service,No internet service,No internet service,No internet service,One year,Yes,Electronic check,34.36,412.22,No
13497-AEEHF,Female,0,No,Yes,19,Yes,Yes,DSL,No,No,No,No,No,No,One year,No,Credit card (automatic),54.63,1069.77,No
13498-FFDOA,Male,0,Yes,No,11,Yes,No,No,No internet service,No internet service,No internet service,No internet service,No internet service,No internet service,Two year,No,Bank transfer (automatic),31.64,290.91,Yes
13499-CMMOJ,Male,0,Yes,Yes,15,Yes,No,No,No internet service,No internet service,No internet service,No internet service,No internet service,No internet service,Month-to-month,Yes,Bank transfer (automatic),24.68,449.93,No
13500-LKFEJ,Female,0,No,No,72,Yes,No,Fiber optic,Yes,Yes,Yes,Yes,Yes,No,One year,No,Mailed check,81.89,5901.32,No
13501-AEBAD,Male,0,Yes,Yes,7,Yes,No,DSL,Yes,No,No,No,No,No,Month-to-month,No,Electronic check,69.54,373.93,No
13502-FGIEH,Female,0,No,No,4,Yes,No,Fiber optic,Yes,No,No,No,No,Yes,Month-to-month,Yes,Electronic check,102.04,426.42,No
13503-HKICC,Female,1,No,Yes,11,Yes,No,No,No internet service,No internet service,No internet service,No internet service,No internet service,No internet service,Month-to-month,Yes,Bank transfer (automatic),18.0,199.99,No
13504-IGOPD,Female,0,No,No,14,No,No phone service,DSL,No,No,Yes,No,No,No,One year,Yes,Credit card (automatic),53.88,703.36,No
13505-OAPGJ,Female,0,Yes,No,1,Yes,Yes,Fiber optic,No,No,Yes,No,Yes,No,Two year,No,Electronic check,93.76,125.77,No
13506-FCNPE,Female,0,Yes,No,32,Yes,Yes,Fiber optic,No,No,No,No,No,Yes,Month-to-month,Yes,Bank transfer (automatic),93.14,2965.38,No
13507-CHEJJ,Female,0,Yes,No,10,Yes,Yes,Fiber optic,No,No,No,Yes,Yes,Yes,Two year,Yes,Mailed check,82.13,859.38,No
13508-FBHPI,Female,0,Yes,Yes,10,Yes,No,Fiber optic,Yes,No,Yes,No,Yes,No,Month-to-month,No,Bank transfer (automatic),88.81,856.02,No
13509-CMOFF,Female,0,Yes,Yes,21,Yes,Yes,Fiber optic,No,No,No,Yes,No,Yes,Month-to-month,Yes,Bank transfer (automatic),83.08,1729.37,No
13510-BJHEK,Female,1,No,No,29,Yes,Yes,Fiber optic,Yes,No,Yes,No,No,Yes,Two year,Yes,Electronic check,67.82,1965.68,No
13511-KHNMN,Male,0,Yes,No,72,Yes,No,Fiber optic,Yes,No,Yes,No,Yes,No,Month-to-month,No,Bank transfer (automatic),90.0,6498.9,No
13512-HOLCE,Female,0,No,Yes,3,Yes,Yes,Fiber optic,No,No,No,No,Yes,Yes,Month-to-month,Yes,Electronic check,93.18,269.0,Yes
13513-GEFBH,Female,0,Yes,No,8,Yes,No,Fiber optic,No,No,No,Yes,No,No,Month-to-month,Yes,Bank transfer (automatic),67.02,574.8,No
13514-EFAJB,Female,0,Yes,Yes,3,Yes,Yes,DSL,No,Yes,Yes,Yes,Yes,No,Month-to-month,Yes,Electronic check,63.71,106.39,No
13515-KDKIF,Male,0,Yes,No,42,Yes,Yes,No,No internet service,No internet service,No internet service,No internet service,No internet service,No internet service,Month-to-month,No,Electronic check,18.0,846.55,No
13516-HBJOE,Male,0,Yes,Yes,15,Yes,No,DSL,No,No,No,No,Yes,Yes,Month-to-month,No,Electronic check,52.15,827.88,No
13517-PLLMP,Male,0,Yes,Yes,38,Yes,No,DSL,Yes,Yes,No,Yes,No,Yes,Month-to-month,No,Credit card (automatic),48.7,1892.59,No
13518-ADJAK,Male,0,Yes,No,72,Yes,Yes,DSL,No,No,Yes,No,No,No,Month-to-month,No,Electronic check,63.24,4559.49,No
13519-PKIBG,Male,0,Yes,No,15,Yes,No,No,No internet service,No internet service,No internet service,No internet service,No internet service,No internet service,One year,Yes,Electronic check,20.31,267.79,No
13520-CNBMD,Male,0,Yes,Yes,2,Yes,Yes,Fiber optic,No,Yes,No,No,No,No,Two year,No,Electronic check,69.26,179.69,No
13521-GGILM,Female,0,No,No,8,No,No phone service,Fiber optic,Yes,No,Yes,No,No,No,Month-to-month,Yes,Electronic check,81.78,683.17,Yes
13522-CGFJP,Male,0,No,No,0,Yes,No,No,No internet service,No internet service,No internet service,No internet service,No internet service,No internet service,Month-to-month,No,Bank transfer (automatic),25.88,0.0,No
13523-GGJEI,Male,0,Yes,Yes,37,Yes,No,No,No internet service,No internet service,No internet service,No internet service,No internet service,No internet service,Month-to-month,Yes,Credit card (automatic),26.78,983.05,No
13524-GGLPN,Male,0,Yes,No,0,Yes,Yes,Fiber optic,Yes,No,Yes,No,Yes,No,Month-to-month,No,Credit card (automatic),83.59,0.0,No
13525-CAPNN,Male,0,No,No,17,Yes,No,Fiber optic,Yes,No,Yes,No,Yes,No,Two year,No,Credit card (automatic),83.49,1374.09,No
13526-EHEJC,Male,0,No,No,2,Yes,No,No,No internet service,No internet service,No internet service,No internet service,No internet service,No internet service,One year,Yes,Electronic check,29.24,87.26,No
13527-IBOCL,Female,0,No,No,0,Yes,Yes,DSL,No,No,No,Yes,Yes,Yes,Month-to-month,No,Electronic check,55.2,0.0,Yes
13528-DJAKD,Female,0,Yes,Yes,5,Yes,Yes,Fiber optic,No,No,Yes,Yes,No,Yes,Month-to-month,Yes,Mailed check,91.75,478.43,No
13529-DIHBM,Male,1,Yes,Yes,16,Yes,No,No,No internet service,No internet service,No internet service,No internet service,No internet service,No internet service,Month-to-month,Yes,Credit card (automatic),18.0,297.22,No
13530-GFGKD,Female,0,No,No,1,Yes,Yes,Fiber optic,Yes,No,Yes,No,Yes,Yes,Two year,No,Mailed check,81.95,0.0,Yes
13531-NNEFI,Male,0,No,No,19,Yes,Yes,DSL,No,Yes,Yes,Yes,Yes,Yes,Two year,Yes,Bank transfer (automatic),54.54,1093.27,No
13532-BKIJA,Female,0,Yes,No,22,Yes,No,DSL,No,Yes,No,No,No,No,Month-to-month,No,Bank transfer (automatic),72.68,1703.65,No
13533-DLEIO,Female,0,No,Yes,69,Yes,No,No,No internet service,No internet service,No internet service,No internet service,No internet service,No internet service,Month-to-month,Yes,Electronic check,18.0,1202.98,No
13534-FDPBP,Male,0,Yes,No,45,Yes,Yes,DSL,No,No,No,No,Yes,No,Month-to-month,No,Bank transfer (automatic),51.72,2324.5,No
13535-PEPHH,Male,0,Yes,Yes,16,Yes,Yes,No,No internet service,No internet service,No internet service,No internet service,No internet service,No internet service,Two year,No,Electronic check,25.65,484.15,No
13536-FKAOP,Male,0,No,Yes,31,Yes,No,DSL,No,No,No,No,Yes,No,Month-to-month,Yes,Mailed check,60.8,1910.15,No
13537-HDONB,Female,0,Yes,No,9,Yes,No,Fiber optic,No,No,Yes,Yes,Yes,Yes,Month-to-month,Yes,Mailed check,86.23,685.4,Yes
13538-AGBMD,Female,0,No,No,17,Yes,Yes,Fiber optic,No,No,No,No,No,No,Month-to-month,No,Mailed check,91.49,1541.66,Yes
13539-DMJOA,Male,0,No,Yes,10,Yes,No,Fiber optic,No,No,Yes,No,No,No,Month-to-month,No,Electronic check,86.62,846.29,Yes
13540-BAFPM,Male,0,No,Yes,8,Yes,No,DSL,No,Yes,No,No,No,Yes,Month-to-month,No,Credit card (automatic),68.65,507.23,No
13541-CALHN,Female,0,Yes,No,26,Yes,Yes,DSL,Yes,No,Yes,No,No,No,One year,Yes,Credit card (automatic),66.5,1718.56,Yes
13542-LNDJG,Male,0,Yes,No,7,Yes,No,Fiber optic,No,No,Yes,No,No,Yes,Month-to-month,No,Credit card (automatic),92.72,682.59,No
13543-JBOFF,Female,0,Yes,No,9,Yes,No,Fiber optic,No,Yes,Yes,No,No,No,Two year,No,Mailed check,91.73,780.49,Yes
13544-GLANL,Female,0,Yes,No,9,Yes,Yes,Fiber optic,No,No,No,Yes,Yes,Yes,One year,Yes,Electronic check,102.62,975.63,No
13545-AOBNK,Male,1,No,Yes,40,Yes,No,DSL,No,Yes,Yes,Yes,No,Yes,Month-to-month,No,Electronic check,55.97,2290.74,No
13546-BEAKB,Female,0,Yes,Yes,3,Yes,Yes,Fiber optic,No,Yes,No,Yes,No,No,One year,Yes,Bank transfer (automatic),78.25,217.61,Yes
13547-PFCDA,Female,0,No,No,9,Yes,No,Fiber optic,No,No,Yes,No,No,No,Month-to-month,Yes,Electronic check,88.87,754.12,Yes
13548-EDHCJ,Female,0,No,No,43,Yes,Yes,DSL,No,Yes,No,No,No,Yes,Month-to-month,Yes,Electronic check,60.11,2649.88,No
13549-ANMJE,Female,0,Yes,No,0,No,No phone service,DSL,Yes,No,No,No,Yes,Yes,Two year,Yes,Mailed check,52.46,0.0,No
13550-NOAKE,Male,0,No,No,59,Yes,No,Fiber optic,No,No,Yes,No,Yes,Yes,One year,Yes,Mailed check,90.44,5387.29,No
13551-IEBMO,Female,0,Yes,No,45,No,No phone service,Fiber optic,No,No,No,No,No,No,Month-to-month,Yes,Electronic check,74.7,3396.63,No
13552-BJILN,Male,0,No,Yes,10,Yes,No,DSL,Yes,Yes,No,No,No,No,Month-to-month,Yes,Credit card (automatic),56.1,617.66,No
13553-EKHJD,Female,0,No,No,21,Yes,No,DSL,No,Yes,No,Yes,Yes,No,Month-to-month,Yes,Bank transfer (automatic),75.8,1462.47,Yes
13554-BDLKD,Male,1,Yes,Yes,72,Yes,No,No,No internet service,No internet service,No internet service,No internet service,No internet service,No internet service,Month-to-month,Yes,Electronic check,26.85,1937.02,No
13555-KIJKF,Female,0,No,No,16,Yes,Yes,No,No internet service,No internet service,No internet service,No internet service,No internet service,No internet service,Month-to-month,Yes,Electronic check,26.29,375.87,No
13556-OJOFE,Female,0,No,No,2,Yes,Yes,DSL,Yes,Yes,No,Yes,Yes,No,Month-to-month,No,Electronic check,46.3,99.73,No
13557-FAMEL,Male,0,Yes,No,38,Yes,No,Fiber optic,Yes,Yes,No,No,Yes,No,One year,Yes,Electronic check,73.03,2789.47,No
13558-FHDNE,Female,0,No,No,2,Yes,No,No,No internet service,No internet service,No internet service,No internet service,No internet service,No internet service,Two year,No,Electronic check,18.0,131.49,No
13559-PDGJP,Male,0,Yes,No,5,Yes,Yes,No,No internet service,No internet service,No internet service,No internet service,No internet service,No internet service,Month-to-month,Yes,Bank transfer (automatic),28.95,86.71,No
13560-FNDFM,Female,0,No,No,41,Yes,Yes,DSL,No,No,No,No,No,No,Month-to-month,Yes,Bank transfer (automatic),64.58,2612.9,No
13561-DLHKO,Male,0,No,No,5,Yes,Yes,No,No internet service,No internet service,No internet service,No internet service,No internet service,No internet service,Month-to-month,Yes,Electronic check,30.27,93.81,No
13562-OCHMB,Male,0,No,Yes,27,Yes,No,Fiber optic,No,No,No,No,No,Yes,Month-to-month,No,Bank transfer (automatic),100.96,2751.97,No
13563-FHAFI,Female,0,Yes,No,11,Yes,No,DSL,No,No,No,No,Yes,No,One year,No,Credit card (automatic),63.72,787.38,No
13564-POMJJ,Female,0,Yes,Yes,28,Yes,Yes,Fiber optic,No,No,No,Yes,No,No,Two year,Yes,Bank transfer (automatic),80.58,2259.56,No
13565-BKMAB,Female,0,Yes,Yes,5,Yes,Yes,Fiber optic,No,No,Yes,No,Yes,No,Month-to-month,Yes,Credit card (automatic),81.53,389.25,No
13566-EFAGK,Female,0,No,No,10,Yes,No,DSL,Yes,No,No,Yes,No,No,Month-to-month,No,Mailed check,53.79,606.4,Yes
13567-DPPIO,Female,1,No,No,7,Yes,No,DSL,No,Yes,No,No,No,Yes,Two year,Yes,Mailed check,38.17,303.74,No
13568-OOFIA,Female,0,Yes,Yes,5,Yes,No,No,No internet service,No internet service,No internet service,No internet service,No internet service,No internet service,One year,No,Mailed check,18.0,0.0,No
13569-DBFOD,Female,0,No,No,7,Yes,No,No,No internet service,No internet service,No internet service,No internet service,No internet service,No internet service,Month-to-month,No,Credit card (automatic),21.06,190.12,No
13570-INCAK,Female,0,Yes,Yes,7,Yes,No,DSL,Yes,No,Yes,No,Yes,No,Month-to-month,No,Mailed check,50.35,333.1,Yes
13571-MKALI,Female,0,No,No,62,Yes,No,Fiber optic,No,No,No,No,No,Yes,Two year,Yes,Credit card (automatic),87.31,5353.11,No
13572-IEOBI,Male,1,No,No,15,Yes,Yes,DSL,No,No,No,Yes,No,No,Month-to-month,Yes,Mailed check,54.33,886.47,No
13573-MLMHM,Male,0,No,No,12,Yes,Yes,Fiber optic,No,No,No,Yes,Yes,No,Month-to-month,No,Electronic check,92.37,1060.65,Yes
13574-KJJFG,Male,0,Yes,Yes,13,Yes,Yes,No,No internet service,No internet service,No internet service,No internet service,No internet service,No internet service,Month-to-month,Yes,Electronic check,29.99,339.73,No
13575-LFOOE,Female,0,Yes,Yes,72,Yes,Yes,DSL,No,Yes,No,Yes,Yes,Yes,Month-to-month,Yes,Electronic check,54.25,3840.92,No
13576-DGDJJ,Male,0,No,Yes,21,Yes,Yes,Fiber optic,No,Yes,No,No,No,No,Month-to-month,No,Electronic check,76.48,1551.07,Yes
13577-JIEHL,Female,0,Yes,Yes,24,Yes,No,No,No internet service,No internet service,No internet service,No internet service,No internet service,No internet service,One year,Yes,Bank transfer (automatic),24.89,557.87,No
13578-MOLLF,Female,0,No,No,7,Yes,No,Fiber optic,No,No,No,No,No,Yes,Month-to-month,No,Mailed check,97.61,690.09,Yes
13579-DLCPK,Female,0,No,No,12,Yes,No,Fiber optic,Yes,Yes,No,Yes,Yes,No,One year,No,Bank transfer (automatic),79.36,912.49,No
13580-FABGO,Female,0,Yes,No,4,Yes,Yes,No,No internet service,No internet service,No internet service,No internet service,No internet service,No internet service,Month-to-month,Yes,Bank transfer (automatic),18.0,59.27,No
13581-PDEOK,Male,0,No,No,23,Yes,Yes,No,No internet service,No internet service,No internet service,No internet service,No internet service,No internet service,Month-to-month,Yes,Credit card (automatic),18.0,387.46,No
13582-JABDH,Male,0,No,No,8,No,No phone service,Fiber optic,No,No,No,No,Yes,No,One year,Yes,Electronic check,78.1,628.66,No
13583-JDNCC,Male,0,No,Yes,27,Yes,No,DSL,No,No,No,No,No,No,Two year,Yes,Electronic check,40.9,1147.49,No
13584-LECHE,Female,0,No,Yes,4,Yes,No,Fiber optic,No,No,No,No,Yes,No,Two year,Yes,Mailed check,85.79,317.71,No
13585-LNLNG,Female,0,No,No,10,Yes,No,Fiber optic,No,Yes,No,Yes,No,No,Month-to-month,Yes,Electronic check,95.07,953.24,No
13586-KHEHL,Male,0,Yes,No,12,No,No phone service,DSL,No,No,Yes,Yes,No,No,Month-to-month,Yes,Electronic check,65.93,768.05,No
13587-OCPON,Female,1,No,No,3,Yes,No,DSL,No,Yes,No,No,No,No,One year,Yes,Bank transfer (automatic),50.59,204.03,No
13588-LGHGN,Male,0,Yes,No,1,No,No phone service,DSL,No,No,Yes,Yes,No,Yes,One year,No,Bank transfer (automatic),59.84,0.0,No
13589-BHFJC,Male,0,No,Yes,7,Yes,Yes,DSL,Yes,No,Yes,No,No,Yes,One year,No,Credit card (automatic),44.77,418.34,No
13590-DGCAF,Male,0,Yes,No,15,Yes,No,Fiber optic,Yes,Yes,Yes,No,No,Yes,Two year,Yes,Credit card (automatic),87.66,1258.84,No
13591-CKOJF,Female,0,Yes,No,21,Yes,No,DSL,No,Yes,No,No,No,Yes,Month-to-month,No,Mailed check,31.99,753.98,No
13592-JLCFK,Male,0,Yes,No,11,Yes,No,Fiber optic,No,Yes,No,No,No,No,Two year,Yes,Credit card (automatic),87.71,933.38,No
13593-DMDJJ,Female,0,Yes,No,13,Yes,Yes,DSL,No,No,No,No,No,No,Month-to-month,Yes,Electronic check,52.83,659.97,No
13594-PKBND,Male,0,Yes,No,15,Yes,Yes,No,No internet service,No internet service,No internet service,No internet service,No internet service,No internet service,Two year,No,Credit card (automatic),18.0,222.89,No
13595-KLDKG,Female,0,No,No,14,Yes,No,Fiber optic,Yes,No,No,No,No,No,Two year,Yes,Electronic check,98.46,1340.39,No
13596-EHGJI,Female,0,Yes,No,1,Yes,No,DSL,No,Yes,Yes,No,Yes,No,Month-to-month,Yes,Credit card (automatic),50.72,0.0,No
13597-HOIAJ,Male,0,No,No,10,Yes,No,Fiber optic,No,No,Yes,Yes,Yes,Yes,Two year,Yes,Electronic check,83.71,856.51,No
13598-MLCEI,Female,0,Yes,No,4,Yes,No,Fiber optic,Yes,No,Yes,No,Yes,Yes,One year,Yes,Bank transfer (automatic),74.07,239.68,Yes
13599-HNJGP,Female,0,Yes,Yes,15,Yes,No,Fiber optic,No,Yes,No,Yes,No,No,One year,Yes,Mailed check,80.78,1102.29,No
13600-BOKFD,Female,0,Yes,No,28,Yes,No,No,No internet service,No internet service,No internet service,No internet service,No internet service,No internet service,Two year,Yes,Mailed check,18.0,450.17,No
13601-ENEMD,Male,0,Yes,No,17,Yes,No,Fiber optic,Yes,No,Yes,No,No,No,Month-to-month,Yes,Electronic check,91.59,1571.25,No
13602-DODKB,Female,0,Yes,No,5,Yes,No,No,No internet service,No internet service,No internet service,No internet service,No internet service,No internet service,Two year,Yes,Bank transfer (automatic),34.56,224.47,No
13603-ALBGL,Male,0,No,Yes,4,No,No phone service,DSL,Yes,No,Yes,No,No,No,Month-to-month,Yes,Electronic check,63.07,350.31,No
13604-AFPDB,Male,0,Yes,No,0,Yes,Yes,Fiber optic,Yes,Yes,Yes,No,No,No,Month-to-month,Yes,Mailed check,97.37,24.52,No
13605-OOPCG,Female,0,No,No,11,Yes,Yes,DSL,Yes,No,Yes,No,No,No,Month-to-month,No,Electronic check,66.47,806.98,No
13606-FOOFH,Male,0,Yes,Yes,11,Yes,Yes,No,No internet service,No internet service,No internet service,No internet service,No internet service,No internet service,Month-to-month,Yes,Bank transfer (automatic),18.0,259.24,Yes
13607-HFAJM,Male,0,No,Yes,5,Yes,Yes,DSL,Yes,Yes,Yes,No,No,No,One year,No,Electronic check,66.47,261.55,Yes
13608-GHEMK,Male,0,Yes,No,28,Yes,Yes,DSL,No,Yes,Yes,No,Yes,No,Month-to-month,Yes,Bank transfer (automatic),54.85,1578.2,No
13609-DGLLK,Male,0,No,No,9,Yes,No,No,No internet service,No internet service,No internet service,No internet service,No internet service,No internet service,Two year,Yes,Credit card (automatic),18.0,166.63,No
13610-MFLPF,Male,0,Yes,No,22,Yes,No,DSL,Yes,Yes,No,No,Yes,No,Month-to-month,Yes,Credit card (automatic),52.78,1254.8,No
13611-NCPKJ,Female,1,Yes,No,20,Yes,Yes,DSL,No,No,No,No,No,No,Month-to-month,No,Electronic check,50.87,983.43,Yes
13612-ODEIH,Female,0,No,No,18,Yes,Yes,Fiber optic,Yes,Yes,Yes,No,No,Yes,Two year,No,Electronic check,92.6,1723.56,Yes
13613-CFJAC,Male,1,No,No,47,Yes,No,No,No internet service,No internet service,No internet service,No internet service,No internet service,No internet service,Two year,No,Electronic check,18.0,928.74,Yes
13614-JNLGG,Male,0,Yes,No,0,Yes,Yes,Fiber optic,No,No,Yes,Yes,No,No,One year,Yes,Credit card (automatic),89.01,8.55,No
13615-BCOGL,Female,0,Yes,No,1,No,No phone service,DSL,Yes,Yes,Yes,No,Yes,No,Month-to-month,Yes,Electronic check,57.96,123.22,Yes
13616-FMGJI,Female,0,No,No,25,Yes,Yes,Fiber optic,Yes,No,No,Yes,No,No,Two year,No,Electronic check,85.13,2080.14,No
13617-HFLND,Female,0,Yes,No,8,Yes,Yes,Fiber optic,No,No,No,Yes,No,Yes,Month-to-month,No,Electronic check,85.92,702.12,Yes
13618-NPMJI,Male,0,No,No,72,Yes,No,No,No internet service,No internet service,No internet service,No internet service,No internet service,No internet service,Two year,Yes,Credit card (automatic),19.93,1513.78,No
13619-GEBIN,Male,1,No,No,4,Yes,No,Fiber optic,No,Yes,No,Yes,Yes,Yes,One year,No,Credit card (automatic),75.63,358.74,Yes
13620-PGIKI,Female,0,No,No,4,Yes,No,Fiber optic,Yes,No,No,No,No,No,Two year,No,Bank transfer (automatic),81.34,320.79,No
13621-JEGEO,Male,0,Yes,No,17,Yes,Yes,Fiber optic,No,Yes,Yes,Yes,No,No,One year,Yes,Credit card (automatic),91.33,1460.24,No
13622-CJHHI,Female,0,No,No,6,Yes,Yes,Fiber optic,No,Yes,Yes,No,No,Yes,One year,Yes,Bank transfer (automatic),75.76,375.88,No
13623-KNLFB,Female,0,Yes,Yes,8,Yes,No,Fiber optic,Yes,No,Yes,No,Yes,Yes,One year,Yes,Mailed check,87.05,627.08,Yes
13624-CMKLP,Male,1,Yes,No,50,Yes,Yes,DSL,No,Yes,Yes,No,No,No,One year,No,Bank transfer (automatic),57.6,2875.17,No
13625-JKOFA,Female,0,No,No,0,Yes,No,DSL,No,No,No,No,No,No,Month-to-month,Yes,Electronic check,46.22,0.0,No
13626-NBHKH,Female,0,No,No,15,Yes,Yes,DSL,No,No,Yes,Yes,No,Yes,Month-to-month,Yes,Electronic check,63.42,925.17,No
13627-FCNBM,Female,0,Yes,No,8,Yes,No,Fiber optic,Yes,No,No,No,No,Yes,Month-to-month,Yes,Bank transfer (automatic),90.43,714.73,No
13628-PPFAN,Female,0,Yes,Yes,8,Yes,Yes,DSL,No,No,No,No,No,No,One year,No,Electronic check,48.13,347.74,No
13629-JFIGI,Female,0,No,No,5,Yes,No,DSL,No,Yes,Yes,Yes,No,No,One year,Yes,Mailed check,48.59,236.75,No
13630-BKNEI,Male,0,Yes,No,2,Yes,Yes,No,No internet service,No internet service,No internet service,No internet service,No internet service,No internet service,One year,No,Bank transfer (automatic),22.19,0.0,No
13631-GINKP,Female,0,No,No,0,Yes,Yes,DSL,No,No,No,No,No,No,Two year,No,Bank transfer (automatic),38.8,26.67,No
13632-FPOGJ,Male,0,No,No,72,Yes,No,No,No internet service,No internet service,No internet service,No internet service,No internet service,No internet service,Month-to-month,No,Credit card (automatic),18.0,1432.89,No
13633-EFAAB,Male,0,No,No,21,Yes,No,No,No internet service,No internet service,No internet service,No internet service,No internet service,No internet service,Month-to-month,No,Mailed check,18.0,414.05,Yes
13634-KNDKI,Female,0,Yes,No,30,No,No phone service,Fiber optic,No,No,Yes,No,No,No,Month-to-month,No,Electronic check,84.1,2645.35,No
13635-GFOAE,Female,0,No,No,1,Yes,No,DSL,Yes,Yes,Yes,No,Yes,Yes,Month-to-month,Yes,Electronic check,62.49,140.2,Yes
13636-KLMDE,Female,0,No,Yes,0,Yes,Yes,DSL,No,No,No,No,Yes,Yes,Month-to-month,Yes,Electronic check,52.87,0.0,No
13637-KILPC,Male,0,Yes,Yes,18,Yes,No,No,No internet service,No internet service,No internet service,No internet service,No internet service,No internet service,Month-to-month,Yes,Electronic check,23.84,394.16,No
13638-DHCMC,Male,0,Yes,No,25,Yes,No,No,No internet service,No internet service,No internet service,No internet service,No internet service,No internet service,One year,Yes,Electronic check,19.42,442.33,No
13639-MIEJA,Male,0,Yes,No,10,Yes,Yes,No,No internet service,No internet service,No internet service,No internet service,No internet service,No internet service,Month-to-month,Yes,Electronic check,18.49,293.33,No
13640-GGOFP,Female,0,Yes,No,9,Yes,Yes,No,No internet service,No internet service,No internet service,No internet service,No internet service,No internet service,Month-to-month,Yes,Electronic check,18.85,223.22,No
13641-FCCPJ,Female,0,No,Yes,9,Yes,No,DSL,No,No,No,No,Yes,No,Two year,No,Mailed check,47.63,435.71,No
13642-KIAGM,Female,0,No,No,3,Yes,Yes,Fiber optic,No,No,No,No,Yes,No,Two year,Yes,Bank transfer (automatic),79.6,215.74,Yes
13643-LKJGH,Female,0,Yes,No,28,Yes,Yes,No,No internet service,No internet service,No internet service,No internet service,No internet service,No internet service,One year,Yes,Bank transfer (automatic),20.8,459.13,No
13644-FHAAI,Female,0,No,No,4,Yes,Yes,DSL,Yes,No,Yes,Yes,Yes,No,Month-to-month,No,Electronic check,54.98,229.15,No
13645-LDCFJ,Male,0,No,Yes,7,Yes,No,Fiber optic,No,Yes,No,Yes,No,Yes,Two year,No,Bank transfer (automatic),88.39,632.21,No
13646-LPMLI,Male,0,No,Yes,22,Yes,No,DSL,Yes,No,No,Yes,Yes,Yes,Month-to-month,Yes,Electronic check,44.82,958.22,No
13647-PJKDI,Male,0,Yes,No,0,Yes,No,DSL,Yes,Yes,Yes,Yes,No,No,Month-to-month,Yes,Credit card (automatic),61.64,0.0,No
13648-OEMGC,Female,0,Yes,Yes,29,Yes,Yes,DSL,No,Yes,Yes,No,Yes,No,One year,Yes,Electronic check,50.82,1499.16,No
13649-CLCHN,Female,0,Yes,No,45,Yes,No,DSL,Yes,No,No,No,Yes,Yes,Month-to-month,Yes,Credit card (automatic),74.75,3343.77,No
13650-FIIHA,Male,0,No,No,1,Yes,No,Fiber optic,No,No,Yes,No,No,Yes,Two year,No,Electronic check,81.94,58.69,Yes
13651-FDDCL,Female,0,Yes,No,17,No,No phone service,Fiber optic,Yes,No,No,Yes,No,Yes,Two year,Yes,Credit card (automatic),88.84,1513.24,No
13652-IBANO,Male,0,Yes,Yes,10,Yes,No,DSL,Yes,No,Yes,No,No,No,Month-to-month,No,Credit card (automatic),52.38,548.88,No
13653-JCMOD,Female,0,No,Yes,1,Yes,Yes,No,No internet service,No internet service,No internet service,No internet service,No internet service,No internet service,Month-to-month,Yes,Mailed check,18.0,37.53,No
13654-DFAAB,Female,1,No,No,22,Yes,No,No,No internet service,No internet service,No internet service,No internet service,No internet service,No internet service,Month-to-month,Yes,Mailed check,18.0,396.27,No
13655-DGFOK,Female,0,No,No,18,Yes,No,DSL,No,No,No,No,Yes,No,Two year,Yes,Electronic check,48.73,913.04,No
13656-IPGLE,Female,0,No,No,20,Yes,Yes,DSL,Yes,No,No,No,Yes,No,Month-to-month,Yes,Electronic check,47.59,893.25,No
13657-FJIAK,Male,0,No,Yes,33,Yes,No,DSL,No,No,No,No,Yes,No,Month-to-month,Yes,Electronic check,49.73,1643.52,No
13658-IFLDL,Female,0,No,No,6,Yes,No,Fiber optic,No,No,Yes,No,No,No,Month-to-month,No,Mailed check,85.8,602.02,No
13659-PEMPA,Male,0,No,Yes,22,No,No phone service,Fiber optic,No,Yes,No,No,No,No,Month-to-month,Yes,Electronic check,82.04,1705.78,No
13660-GMOOM,Male,0,No,No,27,Yes,No,Fiber optic,No,No,No,Yes,No,Yes,Two year,No,Mailed check,82.31,2232.83,Yes
13661-HKEBH,Male,0,No,Yes,3,Yes,No,DSL,No,No,No,No,Yes,No,Two year,No,Bank transfer (automatic),62.82,165.82,Yes
13662-JGJID,Male,1,Yes,No,62,No,No phone service,Fiber optic,No,No,No,No,No,No,Month-to-month,Yes,Mailed check,98.01,6070.64,No
13663-KIDCO,Male,0,Yes,Yes,8,Yes,No,No,No internet service,No internet service,No internet service,No internet service,No internet service,No internet service,Month-to-month,Yes,Electronic check,30.79,287.57,No
13664-KCJBJ,Female,0,Yes,No,25,Yes,Yes,Fiber optic,No,No,No,No,No,No,Month-to-month,No,Mailed check,82.66,2060.81,Yes
13665-CNHKH,Male,0,No,No,28,Yes,No,Fiber optic,Yes,Yes,No,No,No,No,Two year,Yes,Electronic check,81.81,2328.9,No
13666-PBKBB,Male,0,No,No,14,No,No phone service,DSL,Yes,Yes,Yes,Yes,Yes,No,Month-to-month,Yes,Mailed check,52.81,704.98,No
13667-JGOFL,Male,1,No,Yes,2,No,No phone service,DSL,No,No,No,No,Yes,No,Month-to-month,No,Mailed check,53.36,86.33,No
13668-PKABN,Male,0,No,No,6,Yes,No,Fiber optic,Yes,No,Yes,No,No,Yes,Month-to-month,Yes,Electronic check,81.11,477.95,Yes
13669-AOLKP,Male,0,Yes,No,5,Yes,No,Fiber optic,No,No,No,No,Yes,No,Month-to-month,Yes,Mailed check,101.27,541.34,No
13670-PGFBB,Female,0,No,No,14,Yes,No,Fiber optic,No,No,No,No,No,Yes,One year,No,Credit card (automatic),92.68,1202.05,No
13671-PBHNG,Male,0,Yes,No,6,Yes,No,DSL,Yes,No,No,No,No,No,Month-to-month,Yes,Credit card (automatic),52.34,303.66,No
13672-ADKPD,Female,0,Yes,No,15,Yes,Yes,Fiber optic,Yes,Yes,Yes,No,No,No,Month-to-month,No,Credit card (automatic),84.88,1299.21,No
13673-GBDAM,Male,0,No,Yes,6,Yes,No,DSL,No,No,Yes,No,Yes,Yes,Two year,No,Electronic check,60.3,435.41,No
13674-OMKKD,Female,0,No,No,0,Yes,No,Fiber optic,No,Yes,No,No,No,No,Two year,Yes,Electronic check,77.44,0.0,No
13675-KONPA,Female,0,No,Yes,9,Yes,Yes,No,No internet service,No internet service,No internet service,No internet service,No internet service,No internet service,Month-to-month,Yes,Bank transfer (automatic),28.46,191.87,No
13676-BBPLJ,Female,0,Yes,No,18,Yes,No,Fiber optic,No,No,No,No,No,Yes,Month-to-month,Yes,Credit card (automatic),84.47,1508.27,Yes
13677-LPCHK,Female,0,No,No,29,Yes,Yes,DSL,No,No,No,No,No,No,Two year,Yes,Electronic check,52.45,1523.75,No
13678-FFIHB,Female,0,Yes,No,0,Yes,No,No,No internet service,No internet service,No internet service,No internet service,No internet service,No internet service,Month-to-month,Yes,Credit card (automatic),18.0,1.76,Yes
13679-OFPAM,Female,0,No,No,5,Yes,Yes,Fiber optic,Yes,Yes,No,No,Yes,No,One year,Yes,Bank transfer (automatic),81.67,380.15,Yes
13680-NIDDI,Female,0,Yes,Yes,72,Yes,Yes,No,No internet service,No internet service,No internet service,No internet service,No internet service,No internet service,Month-to-month,Yes,Credit card (automatic),25.58,1762.87,No
13681-CEAFC,Male,0,No,No,6,Yes,No,Fiber optic,Yes,No,Yes,No,No,No,Month-to-month,Yes,Electronic check,81.51,477.38,Yes
13682-AJFNL,Female,0,Yes,No,30,Yes,No,Fiber optic,No,No,No,Yes,No,No,Month-to-month,No,Mailed check,96.8,2940.69,No
13683-JBPHN,Male,1,Yes,Yes,14,Yes,Yes,Fiber optic,Yes,No,No,Yes,No,No,Month-to-month,No,Mailed check,85.36,1224.63,No
13684-MOPKL,Male,0,No,No,2,Yes,No,DSL,Yes,Yes,No,No,Yes,No,Month-to-month,Yes,Bank transfer (automatic),44.9,10.12,No
13685-BDNCI,Male,0,No,No,20,Yes,No,Fiber optic,No,No,No,No,No,No,Two year,Yes,Bank transfer (automatic),76.63,1460.5,No
13686-BCGDF,Female,0,No,No,67,Yes,No,Fiber optic,No,No,No,No,No,Yes,Month-to-month,Yes,Credit card (automatic),77.97,5217.4,Yes
13687-CAPPK,Male,0,No,No,43,Yes,No,Fiber optic,Yes,No,No,No,No,No,One year,No,Credit card (automatic),94.97,4099.52,No
13688-FDBGO,Female,0,No,No,23,Yes,Yes,Fiber optic,No,Yes,No,No,Yes,No,One year,Yes,Electronic check,88.26,2073.3,No
13689-JMLOM,Female,0,No,No,14,Yes,No,Fiber optic,No,Yes,No,No,Yes,No,Month-to-month,No,Mailed check,104.18,1498.18,No
13690-EFFNI,Female,0,Yes,No,7,No,No phone service,DSL,No,No,No,Yes,No,Yes,Two year,No,Mailed check,51.67,293.0,No
13691-LBLFI,Male,0,Yes,Yes,8,Yes,Yes,DSL,No,No,Yes,Yes,Yes,Yes,Two year,Yes,Credit card (automatic),55.98,527.21,No
13692-LDMLM,Male,0,No,No,8,Yes,Yes,DSL,Yes,Yes,No,No,Yes,No,Month-to-month,Yes,Mailed check,44.49,353.71,No
13693-MKFGA,Female,0,Yes,No,51,Yes,Yes,No,No internet service,No internet service,No internet service,No internet service,No internet service,No internet service,Month-to-month,Yes,Bank transfer (automatic),27.5,1399.67,No
13694-EDMMM,Female,1,Yes,Yes,4,Yes,Yes,DSL,Yes,No,No,No,No,Yes,Two year,Yes,Electronic check,67.31,362.88,No
13695-JOOBB,Female,0,Yes,No,9,Yes,No,DSL,Yes,No,Yes,Yes,No,Yes,One year,Yes,Bank transfer (automatic),40.55,454.73,No
13696-BGKMK,Female,0,Yes,Yes,11,Yes,No,DSL,No,No,No,No,Yes,Yes,One year,Yes,Electronic check,47.41,483.07,No
13697-DOFGI,Male,0,No,Yes,10,Yes,No,Fiber optic,No,No,Yes,No,No,Yes,One year,No,Bank transfer (automatic),79.98,771.73,Yes
13698-KBPJL,Male,0,Yes,No,0,Yes,Yes,Fiber optic,No,Yes,Yes,No,No,No,One year,Yes,Credit card (automatic),88.72,125.22,No
13699-MIKEM,Male,0,Yes,Yes,6,Yes,No,DSL,Yes,No,No,No,No,No,Month-to-month,Yes,Electronic check,49.77,313.26,No
13700-FFKCK,Male,0,No,No,13,Yes,No,Fiber optic,No,No,No,No,Yes,No,Two year,No,Mailed check,67.46,856.88,No
13701-KJGOM,Male,0,No,No,28,Yes,No,Fiber optic,Yes,No,No,No,No,Yes,One year,Yes,Credit card (automatic),90.28,2497.86,No
13702-GHEBP,Female,0,No,Yes,16,Yes,Yes,No,No internet service,No internet service,No internet service,No internet service,No internet service,No internet service,Two year,Yes,Electronic check,18.0,341.46,No
13703-OMCIO,Female,0,Yes,Yes,9,Yes,No,DSL,No,No,Yes,No,No,Yes,Month-to-month,Yes,Electronic check,54.84,477.14,No
13704-PFHHN,Male,1,Yes,Yes,21,Yes,Yes,Fiber optic,No,Yes,Yes,No,No,No,Two year,Yes,Mailed check,93.09,1858.02,No
13705-EAFGI,Female,1,Yes,Yes,21,Yes,No,DSL,No,Yes,No,No,No,No,One year,No,Credit card (automatic),67.88,1485.54,No
13706-PBLMB,Male,0,Yes,Yes,5,No,No phone service,Fiber optic,No,No,No,Yes,Yes,Yes,One year,No,Mailed check,88.15,408.22,No
13707-JAEBC,Female,0,Yes,No,2,Yes,Yes,Fiber optic,Yes,Yes,No,No,Yes,Yes,Month-to-month,Yes,Mailed check,84.53,152.03,No
13708-BKDKC,Female,0,No,No,32,Yes,No,Fiber optic,No,No,Yes,Yes,No,No,One year,Yes,Electronic check,87.44,2748.74,No
13709-IJLBG,Female,0,No,Yes,15,Yes,No,DSL,Yes,No,No,Yes,No,Yes,Month-to-month,Yes,Credit card (automatic),45.25,597.1,No
13710-OKNCJ,Male,0,No,No,3,Yes,Yes,Fiber optic,No,No,No,No,Yes,Yes,One year,Yes,Mailed check,77.38,216.03,No
13711-HDNDI,Male,0,No,Yes,6,Yes,Yes,DSL,Yes,No,No,Yes,Yes,Yes,One year,Yes,Electronic check,56.14,350.81,No
13712-KCGAG,Male,1,No,No,29,Yes,No,No,No internet service,No internet service,No internet service,No internet service,No internet service,No internet service,Month-to-month,Yes,Mailed check,18.0,545.4,No
13713-JKBLN,Female,0,No,Yes,21,Yes,No,Fiber optic,No,Yes,Yes,No,No,No,Month-to-month,Yes,Mailed check,84.71,1761.8,No
13714-NFOMI,Female,0,No,Yes,58,Yes,Yes,Fiber optic,No,No,No,Yes,Yes,Yes,Month-to-month,Yes,Mailed check,82.52,4829.17,No
13715-FCALL,Female,0,No,No,12,Yes,No,Fiber optic,No,No,No,Yes,No,Yes,Two year,No,Bank transfer (automatic),84.61,1107.24,Yes
13716-ODDPM,Female,0,Yes,No,1,Yes,Yes,DSL,No,Yes,No,Yes,Yes,Yes,Month-to-month,Yes,Credit card (automatic),53.95,42.34,Yes
13717-HJJPN,Female,0,Yes,No,24,Yes,No,No,No internet service,No internet service,No internet service,No internet service,No internet service,No internet service,Month-to-month,No,Electronic check,18.0,397.93,Yes
13718-MGJPG,Male,0,No,No,5,Yes,Yes,No,No internet service,No internet service,No internet service,No internet service,No internet service,No internet service,One year,Yes,Mailed check,20.34,135.65,No
13719-GLBIF,Male,0,Yes,Yes,7,Yes,Yes,Fiber optic,No,Yes,No,No,No,No,One year,Yes,Mailed check,98.45,643.88,No
13720-BAKAA,Female,0,No,No,4,Yes,Yes,Fiber optic,No,No,No,No,No,Yes,Two year,No,Electronic check,66.7,381.47,No
13721-DDNLI,Male,0,No,No,7,Yes,Yes,Fiber optic,No,No,No,Yes,No,No,Month-to-month,Yes,Credit card (automatic),89.69,687.37,Yes
13722-MLLPA,Female,0,No,Yes,35,No,No phone service,No,No internet service,No internet service,No internet service,No internet service,No internet service,No internet service,One year,Yes,Electronic check,29.55,1076.52,No
13723-CCHBF,Female,0,Yes,No,17,Yes,No,DSL,No,Yes,No,No,No,No,Month-to-month,Yes,Electronic check,58.11,962.46,No
13724-KDMJF,Male,0,No,No,2,Yes,No,Fiber optic,No,Yes,No,Yes,No,No,Two year,Yes,Electronic check,81.18,160.05,Yes
13725-MELII,Female,1,Yes,No,17,Yes,No,No,No internet service,No internet service,No internet service,No internet service,No internet service,No internet service,Two year,No,Electronic check,22.5,351.91,No
13726-ACAFP,Male,1,No,No,20,Yes,No,Fiber optic,Yes,No,No,No,No,No,One year,Yes,Electronic check,84.95,1732.31,Yes
13727-LPCNA,Male,0,Yes,No,43,No,No phone service,Fiber optic,No,No,No,No,No,Yes,Month-to-month,No,Mailed check,75.58,3213.79,No
13728-FPELL,Male,0,No,No,39,Yes,Yes,Fiber optic,No,No,Yes,No,No,No,Two year,Yes,Bank transfer (automatic),78.6,3149.84,No
13729-HNBHL,Female,0,No,No,1,Yes,Yes,No,No internet service,No internet service,No internet service,No internet service,No internet service,No internet service,Two year,No,Electronic check,23.02,0.0,No
13730-EPHLP,Male,0,No,No,40,Yes,No,Fiber optic,No,Yes,Yes,Yes,No,Yes,Month-to-month,No,Credit card (automatic),96.68,3782.54,No
13731-JDODJ,Female,0,No,No,1,No,No phone service,Fiber optic,No,No,No,No,No,Yes,One year,Yes,Electronic check,70.65,131.55,No
13732-OODPN,Female,0,No,No,3,Yes,No,Fiber optic,No,No,No,Yes,No,No,Two year,No,Bank transfer (automatic),90.08,319.92,Yes
13733-KOFDI,Female,0,Yes,No,2,Yes,No,DSL,Yes,Yes,No,No,No,No,Month-to-month,Yes,Electronic check,47.35,99.36,No
13734-ICGLE,Female,0,No,No,4,Yes,Yes,Fiber optic,No,No,No,No,No,No,One year,Yes,Mailed check,75.04,291.77,Yes
13735-OLIBC,Female,0,Yes,No,32,Yes,No,No,No internet service,No internet service,No internet service,No internet service,No internet service,No internet service,One year,Yes,Electronic check,18.0,594.82,No
13736-JELPE,Female,0,Yes,No,23,Yes,No,No,No internet service,No internet service,No internet service,No internet service,No internet service,No internet service,One year,No,Electronic check,21.71,536.26,No
13737-JLONN,Female,0,Yes,Yes,23,Yes,No,DSL,No,No,No,No,Yes,No,One year,Yes,Mailed check,51.0,1225.78,No
13738-GMPNH,Female,0,No,No,51,Yes,No,No,No internet service,No internet service,No internet service,No internet service,No internet service,No internet service,Month-to-month,No,Mailed check,18.0,901.24,No
13739-HNANA,Male,0,Yes,No,9,Yes,Yes,Fiber optic,No,Yes,No,No,Yes,No,Month-to-month,Yes,Electronic check,82.83,857.65,Yes
13740-CAAJH,Male,1,No,No,0,Yes,No,DSL,No,No,Yes,No,No,No,Two year,No,Bank transfer (automatic),63.62,0.0,No
13741-PAIBI,Female,0,No,No,20,Yes,No,No,No internet service,No internet service,No internet service,No internet service,No internet service,No internet service,Two year,Yes,Electronic check,18.0,303.31,No
13742-NGICA,Female,0,No,No,40,Yes,Yes,DSL,Yes,Yes,No,Yes,Yes,No,Two year,Yes,Electronic check,65.9,2659.66,No
13743-AKOJF,Male,0,Yes,Yes,72,Yes,No,No,No internet service,No internet service,No internet service,No internet service,No internet service,No internet service,Month-to-month,No,Electronic check,34.71,2454.79,No
13744-GIFEP,Male,1,No,No,9,Yes,No,DSL,No,Yes,Yes,Yes,Yes,No,Two year,Yes,Mailed check,54.27,533.11,No
13745-NBBHO,Male,1,No,Yes,34,Yes,Yes,Fiber optic,No,No,Yes,Yes,Yes,No,Month-to-month,No,Credit card (automatic),85.8,2992.19,No
13746-AHKJK,Male,0,No,No,37,Yes,Yes,DSL,Yes,Yes,No,Yes,Yes,Yes,One year,No,Mailed check,66.52,2508.62,No
13747-GGECG,Male,1,No,Yes,3,Yes,Yes,DSL,No,No,Yes,No,Yes,No,One year,No,Mailed check,57.8,199.72,No
13748-GGPLO,Male,0,Yes,No,19,Yes,No,DSL,Yes,Yes,No,No,Yes,No,Month-to-month,No,Electronic check,60.74,1087.93,No
13749-OKBCC,Female,0,No,No,3,Yes,Yes,Fiber optic,No,No,No,No,No,Yes,Month-to-month,Yes,Bank transfer (automatic),94.6,329.39,Yes
13750-DLPIJ,Male,0,No,No,11,Yes,No,Fiber optic,No,Yes,No,Yes,No,No,Two year,Yes,Electronic check,84.38,872.03,No
13751-OPAOO,Male,0,Yes,No,42,Yes,No,DSL,No,Yes,Yes,No,No,Yes,Two year,No,Bank transfer (automatic),59.05,2468.79,No
13752-LGGKD,Male,0,Yes,No,31,Yes,No,DSL,No,No,No,No,No,No,Month-to-month,No,Credit card (automatic),48.41,1422.48,No
13753-MKACP,Male,1,No,No,16,Yes,No,Fiber optic,Yes,Yes,No,No,No,Yes,Month-to-month,Yes,Bank transfer (automatic),87.75,1365.38,No
13754-ELBGN,Female,0,Yes,No,33,Yes,No,No,No internet service,No internet service,No internet service,No internet service,No internet service,No internet service,Month-to-month,Yes,Bank transfer (automatic),18.0,609.99,No
13755-JJGLJ,Female,0,No,Yes,3,Yes,No,No,No internet service,No internet service,No internet service,No internet service,No internet service,No internet service,Month-to-month,Yes,Bank transfer (automatic),18.0,60.41,No
13756-EOLPJ,Female,0,No,Yes,4,No,No phone service,Fiber optic,No,Yes,Yes,No,Yes,No,Two year,Yes,Mailed check,92.88,387.03,Yes
13757-OFADD,Female,0,No,Yes,4,No,No phone service,Fiber optic,No,No,No,Yes,No,No,Month-to-month,Yes,Electronic check,86.4,248.8,Yes
13758-KHOBA,Female,0,No,No,29,Yes,No,No,No internet service,No internet service,No internet service,No internet service,No internet service,No internet service,Two year,Yes,Bank transfer (automatic),31.04,929.38,No
13759-GFELM,Female,0,No,Yes,44,Yes,No,No,No internet service,No internet service,No internet service,No internet service,No internet service,No internet service,One year,No,Mailed check,18.0,885.2,No
13760-MMHKO,Female,0,Yes,No,16,Yes,No,DSL,No,No,Yes,Yes,Yes,No,Month-to-month,Yes,Bank transfer (automatic),57.9,881.44,No
13761-MBBIA,Female,0,No,Yes,63,Yes,Yes,Fiber optic,Yes,Yes,No,No,No,Yes,One year,Yes,Mailed check,72.19,4533.98,No
13762-FMMCO,Male,0,No,No,26,Yes,Yes,No,No internet service,No internet service,No internet service,No internet service,No internet service,No internet service,One year,No,Electronic check,18.0,396.32,No
13763-MEHGM,Male,0,Yes,No,16,Yes,No,No,No internet service,No internet service,No internet service,No internet service,No internet service,No internet service,One year,Yes,Credit card (automatic),26.16,441.26,No
13764-LDHPK,Female,0,No,No,18,Yes,Yes,Fiber optic,No,No,No,No,Yes,Yes,Month-to-month,Yes,Mailed check,81.45,1568.17,No
13765-PKPPJ,Female,0,No,No,37,Yes,Yes,Fiber optic,Yes,No,No,No,No,Yes,Month-to-month,Yes,Credit card (automatic),87.18,3210.13,No
13766-KNBPG,Female,0,Yes,No,1,Yes,Yes,Fiber optic,Yes,No,Yes,No,Yes,No,Two year,No,Credit card (automatic),94.4,123.03,No
13767-EPKFC,Male,0,No,Yes,3,Yes,No,No,No internet service,No internet service,No internet service,No internet service,No internet service,No internet service,Month-to-month,Yes,Credit card (automatic),24.1,84.51,No
13768-PKJGG,Female,0,No,No,6,Yes,Yes,DSL,No,No,No,No,Yes,No,Two year,Yes,Electronic check,64.12,411.64,No
13769-BPAJB,Female,0,Yes,No,45,Yes,No,Fiber optic,Yes,No,No,Yes,No,No,Month-to-month,No,Credit card (automatic),91.04,4050.63,No
13770-LHKJC,Female,1,No,Yes,57,Yes,No,Fiber optic,No,Yes,No,No,Yes,Yes,Month-to-month,Yes,Mailed check,96.15,5459.91,No
13771-KDHCF,Female,0,No,Yes,8,Yes,Yes,No,No internet service,No internet service,No internet service,No internet service,No internet service,No internet service,One year,No,Electronic check,18.0,94.63,No
13772-BCAID,Male,0,No,No,51,No,No phone service,Fiber optic,Yes,Yes,No,No,Yes,No,Month-to-month,Yes,Electronic check,93.46,4729.4,Yes
13773-FOGBH,Female,0,Yes,Yes,15,Yes,Yes,Fiber optic,Yes,Yes,Yes,No,Yes,No,Month-to-month,No,Electronic check,77.93,1169.87,Yes
13774-LINJK,Male,1,Yes,No,12,Yes,Yes,DSL,No,No,No,No,Yes,Yes,Month-to-month,Yes,Electronic check,56.67,724.36,No
13775-BEBKE,Male,0,Yes,Yes,35,Yes,No,No,No internet service,No internet service,No internet service,No internet service,No internet service,No internet service,Month-to-month,Yes,Electronic check,18.0,605.47,No
13776-GFDNB,Female,0,No,No,15,Yes,Yes,No,No internet service,No internet service,No internet service,No internet service,No internet service,No internet service,Month-to-month,No,Credit card (automatic),19.4,300.87,Yes
13777-GLJIA,Male,0,No,No,12,Yes,No,No,No internet service,No internet service,No internet service,No internet service,No internet service,No internet service,One year,Yes,Credit card (automatic),26.39,349.59,No
13778-CGPOP,Female,0,Yes,No,0,Yes,No,DSL,No,Yes,No,Yes,No,No,Two year,Yes,Bank transfer (automatic),55.74,0.19,No
13779-NIMEG,Male,0,Yes,No,0,Yes,No,Fiber optic,Yes,No,No,No,No,No,Month-to-month,No,Electronic check,83.52,57.45,Yes
13780-OJGDE,Female,1,Yes,No,19,Yes,No,DSL,No,Yes,No,No,No,Yes,One year,Yes,Electronic check,52.56,1003.01,No
13781-BHLOO,Male,0,No,No,1,Yes,No,Fiber optic,No,Yes,Yes,No,No,Yes,Two year,Yes,Mailed check,91.81,18.97,No
13782-ABLCG,Male,0,No,No,26,Yes,No,DSL,No,No,No,No,No,No,One year,Yes,Bank transfer (automatic),43.19,1170.43,No
13783-FNGKE,Female,0,No,No,19,Yes,No,Fiber optic,No,No,Yes,No,Yes,No,Two year,No,Credit card (automatic),76.09,1402.33,No
13784-NDOOG,Male,0,Yes,No,12,Yes,No,DSL,No,No,Yes,No,No,No,Month-to-month,Yes,Credit card (automatic),52.45,683.5,Yes
13785-CMJGB,Female,0,Yes,No,24,No,No phone service,Fiber optic,No,No,No,Yes,No,Yes,Month-to-month,Yes,Credit card (automatic),79.81,1969.42,Yes
13786-LLHLF,Female,0,Yes,No,72,No,No phone service,DSL,Yes,Yes,No,Yes,No,No,Month-to-month,Yes,Electronic check,40.6,2887.13,No
13787-LPOCC,Male,0,No,Yes,5,Yes,Yes,Fiber optic,Yes,No,No,Yes,No,No,One year,Yes,Electronic check,71.67,446.79,No
13788-ECPFP,Female,0,Yes,Yes,16,Yes,Yes,Fiber optic,No,No,Yes,Yes,No,No,One year,Yes,Electronic check,87.13,1484.78,No
13789-BHMKL,Female,0,Yes,No,37,Yes,Yes,Fiber optic,No,No,No,No,No,No,Two year,Yes,Electronic check,73.73,2645.57,Yes
13790-KIMOG,Female,0,No,Yes,0,Yes,No,DSL,No,No,Yes,Yes,No,Yes,One year,Yes,Credit card (automatic),37.17,0.0,Yes
13791-NCKNP,Female,0,No,No,4,Yes,No,DSL,Yes,No,No,No,Yes,Yes,Month-to-month,Yes,Credit card (automatic),61.11,237.05,No
13792-JDPLJ,Male,0,No,No,14,Yes,Yes,Fiber optic,No,No,No,No,Yes,No,Two year,Yes,Electronic check,75.65,1052.31,Yes
13793-BIPNE,Male,1,No,Yes,16,Yes,No,No,No internet service,No internet service,No internet service,No internet service,No internet service,No internet service,Month-to-month,Yes,Credit card (automatic),27.81,513.18,Yes
13794-LBJFG,Male,0,No,No,1,Yes,No,Fiber optic,No,No,No,No,Yes,No,Two year,No,Electronic check,85.97,22.57,No
13795-MBOAM,Female,1,No,No,10,Yes,No,No,No internet service,No internet service,No internet service,No internet service,No internet service,No internet service,Month-to-month,No,Bank transfer (automatic),21.93,210.42,No
13796-GACDB,Male,0,No,No,14,Yes,Yes,No,No internet service,No internet service,No internet service,No internet service,No internet service,No internet service,Month-to-month,Yes,Mailed check,28.14,475.24,No
13797-GEALP,Male,0,No,No,10,Yes,No,Fiber optic,No,No,No,Yes,Yes,Yes,Month-to-month,Yes,Electronic check,83.73,830.62,No
13798-LPHJG,Male,0,No,No,24,Yes,No,Fiber optic,No,No,No,No,No,Yes,Two year,No,Bank transfer (automatic),88.56,2171.44,No
13799-PDBOP,Female,1,Yes,No,29,Yes,Yes,Fiber optic,Yes,No,No,No,No,No,One year,No,Electronic check,77.55,2176.66,Yes
13800-GKBFP,Male,0,Yes,Yes,12,Yes,No,No,No internet service,No internet service,No internet service,No internet service,No internet service,No internet service,Month-to-month,No,Mailed check,23.19,367.0,No
13801-ANGGL,Female,0,Yes,No,11,Yes,Yes,Fiber optic,No,Yes,No,Yes,No,No,Month-to-month,Yes,Bank transfer (automatic),71.18,857.95,No
13802-DDOJE,Male,0,No,No,24,Yes,No,Fiber optic,Yes,No,No,No,No,No,Month-to-month,Yes,Electronic check,90.09,2163.47,Yes
13803-BIJDK,Male,0,No,Yes,16,Yes,No,DSL,No,Yes,No,Yes,No,Yes,Month-to-month,Yes,Credit card (automatic),41.61,647.32,No
13804-INCIA,Female,1,No,Yes,40,Yes,Yes,Fiber optic,No,No,No,Yes,No,No,Month-to-month,No,Credit card (automatic),100.12,4023.09,Yes
13805-GDGPN,Male,0,Yes,No,13,Yes,Yes,Fiber optic,No,Yes,No,No,No,Yes,Two year,Yes,Electronic check,72.26,924.05,No
13806-JOPFD,Female,0,Yes,Yes,17,Yes,Yes,DSL,Yes,No,No,Yes,Yes,No,Two year,Yes,Mailed check,49.34,880.82,No
13807-DHGDK,Female,1,No,No,2,Yes,Yes,DSL,No,Yes,Yes,Yes,No,Yes,Two year,No,Mailed check,62.13,101.74,No
13808-FFAMB,Male,0,Yes,No,36,Yes,No,Fiber optic,No,No,Yes,No,No,No,Month-to-month,No,Mailed check,95.07,3364.46,No
13809-PDFFA,Female,0,Yes,No,10,Yes,Yes,DSL,Yes,No,Yes,No,No,Yes,Two year,No,Mailed check,62.54,663.69,No
13810-HBMED,Female,0,No,No,25,Yes,Yes,Fiber optic,No,Yes,No,No,Yes,No,Month-to-month,Yes,Electronic check,91.2,2234.67,No
13811-EEOJH,Female,0,Yes,No,11,Yes,No,Fiber optic,No,No,Yes,Yes,Yes,No,Month-to-month,No,Credit card (automatic),88.68,980.34,Yes
13812-JGLNI,Female,0,Yes,Yes,0,Yes,No,DSL,Yes,No,Yes,No,Yes,Yes,Month-to-month,No,Electronic check,52.5,72.02,Yes
13813-LKMOA,Male,0,Yes,Yes,10,Yes,No,DSL,No,No,No,No,No,No,Two year,No,Electronic check,58.03,520.48,No
13814-FFBKH,Female,0,Yes,No,3,No,No phone service,No,No internet service,No internet service,No internet service,No internet service,No internet service,No internet service,Two year,Yes,Bank transfer (automatic),18.0,0.0,No
13815-FKMJI,Female,0,No,No,10,Yes,Yes,DSL,Yes,No,Yes,No,Yes,Yes,Two year,No,Bank transfer (automatic),55.44,548.51,No
13816-JEGFK,Male,1,Yes,Yes,7,Yes,No,DSL,No,Yes,No,Yes,Yes,No,Month-to-month,Yes,Credit card (automatic),53.7,376.34,No
13817-OEFDP,Male,0,Yes,No,4,Yes,Yes,DSL,Yes,No,No,No,No,Yes,Two year,Yes,Bank transfer (automatic),48.41,227.08,No
13818-CMAAF,Male,0,Yes,No,2,Yes,Yes,DSL,Yes,No,No,No,Yes,Yes,One year,Yes,Electronic check,54.16,196.85,No
13819-NIHLB,Female,0,No,No,26,Yes,No,Fiber optic,No,Yes,No,No,No,No,Month-to-month,No,Credit card (automatic),82.5,2073.94,No
13820-IHPNN,Female,0,Yes,No,28,Yes,No,Fiber optic,Yes,No,Yes,No,Yes,Yes,Month-to-month,No,Mailed check,93.91,2631.63,No
13821-LIDPI,Female,0,Yes,Yes,6,Yes,Yes,Fiber optic,Yes,No,Yes,Yes,Yes,No,One year,No,Credit card (automatic),88.95,453.17,No
13822-BMAMI,Female,0,Yes,Yes,13,Yes,No,Fiber optic,No,No,Yes,No,No,Yes,Two year,Yes,Electronic check,79.97,1067.88,No
13823-JHGNM,Male,0,Yes,No,12,Yes,No,Fiber optic,No,Yes,No,No,Yes,No,Two year,Yes,Electronic check,62.81,724.0,Yes
13824-HLANI,Male,0,Yes,Yes,8,No,No phone service,Fiber optic,No,Yes,Yes,Yes,Yes,No,Month-to-month,No,Bank transfer (automatic),84.73,699.59,Yes
13825-LPJKI,Female,0,No,No,6,Yes,No,No,No internet service,No internet service,No internet service,No internet service,No internet service,No internet service,Month-to-month,Yes,Mailed check,22.63,160.35,No
13826-OLKIM,Female,0,No,No,4,Yes,Yes,No,No internet service,No internet service,No internet service,No internet service,No internet service,No internet service,One year,Yes,Electronic check,18.0,96.2,Yes
13827-PNFDM,Female,0,No,No,41,Yes,No,Fiber optic,No,Yes,No,No,Yes,No,Two year,Yes,Bank transfer (automatic),80.63,3301.51,No
13828-BKDGA,Female,0,No,Yes,35,Yes,Yes,DSL,No,No,Yes,No,Yes,No,Month-to-month,No,Electronic check,49.99,1657.65,No
13829-NICMM,Male,0,Yes,Yes,10,Yes,No,Fiber optic,No,No,No,No,No,No,One year,No,Electronic check,97.69,914.1,No
13830-DLELM,Male,0,No,No,25,Yes,No,Fiber optic,No,Yes,No,No,Yes,No,Month-to-month,Yes,Mailed check,92.79,2343.74,No
13831-CDELA,Male,0,Yes,No,13,Yes,Yes,DSL,Yes,No,No,No,No,No,Month-to-month,Yes,Credit card (automatic),41.09,585.12,No
13832-PNIJM,Male,0,No,No,1,Yes,Yes,DSL,No,No,Yes,No,No,No,Month-to-month,Yes,Electronic check,59.78,0.0,Yes
13833-JMPND,Female,0,Yes,No,34,Yes,Yes,No,No internet service,No internet service,No internet service,No internet service,No internet service,No internet service,One year,No,Mailed check,27.13,819.14,No
13834-MPIDN,Male,0,No,No,4,Yes,No,Fiber optic,No,No,No,Yes,No,No,Month-to-month,Yes,Electronic check,86.09,432.55,Yes
13835-ALEMI,Female,0,No,No,24,Yes,No,DSL,Yes,Yes,No,No,No,No,Two year,No,Electronic check,65.91,1592.48,No
13836-CEPCL,Male,0,Yes,No,14,No,No phone service,Fiber optic,No,Yes,No,No,Yes,No,One year,No,Mailed check,83.09,1086.2,No
13837-CABBI,Male,0,Yes,No,23,Yes,No,DSL,No,No,Yes,Yes,Yes,Yes,Two year,No,Bank transfer (automatic),55.3,1210.84,No
13838-GHBIM,Female,0,No,No,12,Yes,Yes,DSL,No,No,No,No,Yes,Yes,Month-to-month,Yes,Electronic check,65.74,761.92,No
13839-CJMBL,Male,0,Yes,Yes,24,Yes,Yes,Fiber optic,Yes,Yes,Yes,No,No,No,One year,Yes,Mailed check,82.54,1929.35,No
13840-AIHMO,Male,1,No,Yes,0,Yes,Yes,Fiber optic,No,Yes,No,Yes,Yes,Yes,Two year,No,Mailed check,97.05,0.0,No
13841-LKPDG,Male,0,Yes,No,0,Yes,No,No,No internet service,No internet service,No internet service,No internet service,No internet service,No internet service,Month-to-month,No,Credit card (automatic),27.59,19.89,No
13842-LNCPC,Male,0,Yes,Yes,45,Yes,No,Fiber optic,No,Yes,No,No,No,No,Month-to-month,No,Credit card (automatic),88.42,3973.71,No
13843-DPBNJ,Female,0,No,Yes,27,Yes,Yes,DSL,No,Yes,Yes,No,No,Yes,One year,Yes,Electronic check,57.15,1552.33,No
13844-DJCHK,Male,1,Yes,No,35,Yes,No,DSL,Yes,Yes,No,No,No,Yes,Month-to-month,Yes,Mailed check,60.25,2133.76,No
13845-BPKIC,Male,0,Yes,No,12,Yes,Yes,Fiber optic,Yes,No,No,No,No,No,Month-to-month,Yes,Bank transfer (automatic),71.82,830.59,Yes
13846-DMJNO,Male,0,No,No,12,No,No phone service,DSL,No,No,No,No,No,No,Two year,Yes,Credit card (automatic),52.09,697.31,No
13847-JOOCC,Female,1,No,No,15,No,No phone service,No,No internet service,No internet service,No internet service,No internet service,No internet service,No internet service,One year,No,Electronic check,30.48,484.3,No
13848-HHMMF,Female,0,No,Yes,5,No,No phone service,DSL,No,No,No,No,No,No,Month-to-month,Yes,Bank transfer (automatic),46.88,255.78,Yes
13849-DADHF,Male,0,No,Yes,26,Yes,No,DSL,No,No,Yes,No,No,No,Month-to-month,No,Credit card (automatic),41.32,1046.02,No
13850-BCLGK,Male,1,Yes,No,35,Yes,No,Fiber optic,No,Yes,No,No,No,Yes,Month-to-month,Yes,Electronic check,74.11,2621.51,Yes
13851-KDDOP,Male,0,Yes,No,47,Yes,Yes,DSL,No,Yes,No,No,No,No,Month-to-month,No,Electronic check,66.41,3144.26,No
13852-OEHNN,Female,0,Yes,No,14,Yes,Yes,Fiber optic,No,Yes,Yes,Yes,Yes,Yes,Month-to-month,No,Mailed check,85.31,1217.91,No
13853-GIPOE,Male,0,No,No,10,Yes,No,No,No internet service,No internet service,No internet service,No internet service,No internet service,No internet service,Month-to-month,No,Credit card (automatic),18.0,218.9,No
13854-ADFFI,Male,0,Yes,No,35,Yes,Yes,Fiber optic,No,No,Yes,No,No,No,Month-to-month,Yes,Bank transfer (automatic),90.86,3204.19,No
13855-JMEEF,Female,0,Yes,Yes,27,Yes,No,No,No internet service,No internet service,No internet service,No internet service,No internet service,No internet service,Two year,Yes,Mailed check,24.98,687.46,No
13856-KFCFH,Female,0,No,No,40,Yes,No,Fiber optic,No,No,No,Yes,No,Yes,Month-to-month,No,Electronic check,82.27,3349.03,No
13857-LFPPL,Female,0,No,No,21,Yes,No,Fiber optic,No,No,No,Yes,Yes,Yes,Month-to-month,No,Mailed check,87.83,1786.98,No
13858-PKECA,Male,0,No,No,42,Yes,No,DSL,No,Yes,No,Yes,No,Yes,One year,Yes,Mailed check,59.39,2560.24,No
13859-EFNFN,Male,0,Yes,Yes,1,Yes,Yes,Fiber optic,No,No,No,No,No,No,Month-to-month,No,Electronic check,80.96,85.71,Yes
13860-FCODO,Male,0,No,Yes,22,Yes,No,Fiber optic,No,No,Yes,No,No,No,One year,Yes,Mailed check,95.88,2059.04,No
13861-CBHGK,Female,0,Yes,No,1,Yes,No,Fiber optic,Yes,No,Yes,Yes,No,No,One year,No,Mailed check,81.91,153.95,No
13862-HMFKO,Male,0,No,Yes,27,Yes,Yes,DSL,No,No,Yes,No,Yes,Yes,Two year,Yes,Electronic check,42.87,1162.99,Yes
13863-LONGA,Male,0,Yes,No,19,Yes,Yes,Fiber optic,No,Yes,No,No,Yes,Yes,Month-to-month,Yes,Bank transfer (automatic),79.55,1531.25,No
13864-JEDJC,Female,0,Yes,Yes,0,Yes,No,Fiber optic,No,Yes,No,No,No,No,Month-to-month,No,Bank transfer (automatic),78.92,0.0,Yes
13865-BNNIH,Female,1,No,Yes,18,Yes,No,DSL,No,No,Yes,No,No,Yes,Month-to-month,Yes,Bank transfer (automatic),57.37,1066.55,Yes
13866-JOBFP,Male,0,Yes,Yes,3,Yes,No,Fiber optic,No,Yes,No,No,No,No,Month-to-month,No,Credit card (automatic),73.08,262.49,No
13867-CCEGG,Female,0,No,No,3,Yes,Yes,No,No internet service,No internet service,No internet service,No internet service,No internet service,No internet service,Two year,No,Electronic check,18.0,26.27,No
13868-KJAKG,Male,0,No,No,3,Yes,Yes,DSL,No,No,No,Yes,No,No,One year,No,Electronic check,49.23,98.69,No
13869-GFFMP,Male,0,No,No,13,Yes,No,Fiber optic,Yes,Yes,No,No,Yes,Yes,Two year,No,Mailed check,90.16,1201.59,No
13870-MBCCM,Male,0,Yes,No,2,Yes,Yes,No,No internet service,No internet service,No internet service,No internet service,No internet service,No internet service,Month-to-month,Yes,Electronic check,28.67,3.26,No
13871-CBIPF,Female,0,No,No,2,Yes,No,Fiber optic,No,No,No,No,No,Yes,Two year,No,Credit card (automatic),89.22,209.66,No
13872-BCJFD,Male,0,Yes,No,5,Yes,Yes,No,No internet service,No internet service,No internet service,No internet service,No internet service,No internet service,Month-to-month,No,Mailed check,24.29,126.7,No
13873-GFOFL,Female,0,Yes,No,0,Yes,No,DSL,Yes,Yes,No,No,No,No,Two year,No,Electronic check,65.25,3.39,No
13874-CKHIF,Female,0,No,No,6,Yes,Yes,DSL,Yes,No,Yes,No,Yes,No,Month-to-month,Yes,Mailed check,53.3,255.65,Yes
13875-BACCP,Female,0,Yes,No,19,Yes,Yes,DSL,No,No,No,No,Yes,No,Two year,No,Electronic check,52.05,991.69,No
13876-HPEAK,Female,0,Yes,No,18,Yes,Yes,No,No internet service,No internet service,No internet service,No internet service,No internet service,No internet service,Month-to-month,Yes,Electronic check,18.0,308.01,No
13877-DGEJO,Male,0,Yes,No,69,Yes,No,DSL,Yes,No,Yes,Yes,Yes,No,Month-to-month,No,Mailed check,59.39,4001.38,No
13878-MPFNJ,Female,1,No,No,2,Yes,Yes,No,No internet service,No internet service,No internet service,No internet service,No internet service,No internet service,One year,No,Mailed check,18.0,0.4,No
13879-DBIOB,Male,0,No,No,40,Yes,No,DSL,Yes,No,No,Yes,Yes,No,Two year,Yes,Mailed check,57.86,2291.64,No
13880-BMLBA,Male,0,Yes,No,9,Yes,No,DSL,Yes,Yes,Yes,No,Yes,No,Two year,Yes,Mailed check,53.68,480.78,No
13881-MLLCF,Male,0,Yes,No,9,Yes,Yes,DSL,No,Yes,Yes,No,Yes,No,Month-to-month,Yes,Bank transfer (automatic),58.63,518.03,No
13882-GANEE,Male,0,Yes,Yes,8,Yes,Yes,Fiber optic,Yes,No,No,No,No,Yes,Month-to-month,Yes,Electronic check,68.29,494.19,No
13883-ADPJA,Female,0,Yes,No,2,Yes,No,DSL,Yes,Yes,Yes,Yes,No,No,Month-to-month,Yes,Credit card (automatic),56.78,19.29,No
13884-MNOAL,Female,1,Yes,No,13,Yes,No,No,No internet service,No internet service,No internet service,No internet service,No internet service,No internet service,Two year,Yes,Electronic check,18.0,202.24,No
13885-OGGCG,Male,1,Yes,No,30,Yes,No,No,No internet service,No internet service,No internet service,No internet service,No internet service,No internet service,Month-to-month,No,Electronic check,23.14,765.95,No
13886-CBJOD,Male,0,No,No,41,No,No phone service,DSL,No,Yes,No,Yes,No,Yes,Two year,No,Bank transfer (automatic),64.89,2730.53,No
13887-NJCLG,Male,0,No,No,65,Yes,No,Fiber optic,No,No,No,No,No,Yes,One year,Yes,Credit card (automatic),72.51,4746.62,No
13888-LLAFO,Female,0,Yes,No,30,Yes,Yes,Fiber optic,No,Yes,No,No,No,Yes,One year,Yes,Electronic check,85.98,2563.32,Yes
13889-NBHNE,Female,1,No,Yes,19,Yes,Yes,No,No internet service,No internet service,No internet service,No internet service,No internet service,No internet service,Two year,No,Bank transfer (automatic),18.0,393.41,No
13890-CJGNK,Male,0,No,Yes,13,No,No phone service,DSL,Yes,No,Yes,No,Yes,Yes,One year,Yes,Bank transfer (automatic),56.94,673.54,No
13891-OOBEK,Male,0,No,No,41,No,No phone service,Fiber optic,Yes,No,No,Yes,Yes,Yes,Month-to-month,No,Bank transfer (automatic),85.84,3538.34,No
13892-PHPMK,Male,1,Yes,No,26,Yes,Yes,DSL,No,Yes,No,No,Yes,No,Month-to-month,No,Electronic check,50.15,1288.78,No
13893-AOACP,Female,0,No,Yes,3,Yes,Yes,Fiber optic,No,Yes,No,No,No,Yes,Month-to-month,Yes,Bank transfer (automatic),86.97,241.67,Yes
13894-CMGFG,Male,0,No,Yes,22,Yes,No,DSL,Yes,Yes,No,No,Yes,No,Month-to-month,No,Electronic check,47.61,1057.0,No
13895-DKBBJ,Female,1,Yes,No,11,Yes,No,Fiber optic,Yes,Yes,Yes,No,No,Yes,Month-to-month,Yes,Electronic check,94.81,1045.02,No
13896-ANMNI,Female,0,No,No,18,Yes,No,No,No internet service,No internet service,No internet service,No internet service,No internet service,No internet service,One year,Yes,Bank transfer (automatic),18.0,258.32,No
13897-NNGJC,Female,0,Yes,No,45,Yes,No,Fiber optic,No,Yes,Yes,No,Yes,Yes,Month-to-month,No,Bank transfer (automatic),85.85,3938.1,No
13898-BNCGE,Male,0,No,Yes,21,No,No phone service,Fiber optic,Yes,Yes,No,No,No,Yes,Two year,No,Credit card (automatic),87.96,1849.61,No
13899-LCIBG,Female,0,Yes,No,55,Yes,Yes,Fiber optic,No,No,Yes,No,No,No,One year,No,Electronic check,106.42,5937.9,No
13900-OJFFN,Female,1,No,Yes,40,Yes,No,Fiber optic,Yes,No,No,No,No,No,Two year,No,Mailed check,74.01,2934.3,No
13901-PGFBP,Male,1,No,No,2,No,No phone service,Fiber optic,No,Yes,Yes,Yes,No,Yes,Month-to-month,No,Electronic check,90.1,257.28,Yes
13902-KECIH,Male,0,No,Yes,0,Yes,Yes,Fiber optic,Yes,No,No,No,No,No,Two year,No,Mailed check,87.14,12.18,No
13903-JPKBO,Male,0,Yes,No,9,Yes,No,No,No internet service,No internet service,No internet service,No internet service,No internet service,No internet service,Two year,Yes,Mailed check,18.0,219.65,No
13904-AODDL,Female,0,Yes,Yes,40,No,No phone service,DSL,Yes,No,No,Yes,Yes,No,Month-to-month,No,Mailed check,62.9,2483.66,No
13905-JKBGM,Female,0,Yes,No,5,Yes,No,DSL,No,No,No,No,No,No,Two year,No,Mailed check,52.57,213.68,No
13906-OCGGA,Male,0,Yes,No,23,Yes,Yes,DSL,No,No,No,No,Yes,No,Month-to-month,No,Bank transfer (automatic),51.08,1271.79,No
13907-FDKHP,Female,0,Yes,Yes,12,Yes,Yes,Fiber optic,No,Yes,Yes,No,No,Yes,Month-to-month,No,Mailed check,76.73,779.04,No
13908-PHCDO,Male,0,No,Yes,27,Yes,No,DSL,No,No,No,No,Yes,Yes,Month-to-month,No,Mailed check,49.83,1297.04,Yes
13909-AJBGO,Male,0,Yes,No,3,Yes,No,No,No internet service,No internet service,No internet service,No internet service,No internet service,No internet service,Month-to-month,Yes,Credit card (automatic),18.0,119.82,Yes
13910-NPKLO,Female,1,No,No,5,Yes,Yes,Fiber optic,Yes,No,Yes,No,Yes,Yes,Two year,No,Electronic check,102.35,561.04,No
13911-GMIJI,Female,0,No,Yes,5,Yes,No,No,No internet service,No internet service,No internet service,No internet service,No internet service,No internet service,Month-to-month,Yes,Electronic check,25.97,186.64,No
13912-IFHIL,Female,0,Yes,No,15,Yes,Yes,Fiber optic,No,Yes,Yes,No,Yes,Yes,Month-to-month,No,Mailed check,87.66,1313.23,No
13913-NGDND,Female,0,No,No,6,Yes,No,DSL,Yes,No,Yes,No,No,Yes,One year,No,Bank transfer (automatic),61.77,378.06,Yes
13914-FNKDK,Male,0,No,Yes,33,Yes,Yes,DSL,Yes,Yes,No,Yes,No,No,Two year,Yes,Mailed check,61.46,2046.98,No
13915-GHHNH,Male,0,Yes,Yes,8,Yes,Yes,Fiber optic,No,Yes,Yes,No,Yes,Yes,Month-to-month,No,Electronic check,79.16,609.02,Yes
13916-BNJBB,Female,0,No,No,21,Yes,Yes,DSL,No,Yes,No,Yes,Yes,No,One year,No,Credit card (automatic),56.04,1153.56,No
13917-BPDED,Female,0,No,No,59,Yes,No,No,No internet service,No internet service,No internet service,No internet service,No internet service,No internet service,Month-to-month,No,Bank transfer (automatic),18.0,1062.04,No
13918-OEDGP,Female,0,No,Yes,18,Yes,No,No,No internet service,No internet service,No internet service,No internet service,No internet service,No internet service,One year,Yes,Bank transfer (automatic),22.66,408.8,No
13919-JANMA,Male,0,Yes,No,5,Yes,No,Fiber optic,No,No,No,No,Yes,Yes,Two year,No,Mailed check,105.3,531.22,No
13920-BMALO,Male,0,No,Yes,35,Yes,Yes,No,No internet service,No internet service,No internet service,No internet service,No internet service,No internet service,Month-to-month,Yes,Mailed check,18.0,736.14,No
13921-JLLJM,Female,0,Yes,No,0,Yes,Yes,Fiber optic,No,No,No,No,No,No,Month-to-month,Yes,Credit card (automatic),68.03,0.0,No
13922-NKCFP,Male,0,No,Yes,5,Yes,Yes,Fiber optic,No,No,Yes,No,No,No,One year,No,Bank transfer (automatic),94.61,574.38,Yes
13923-JKFAF,Male,0,No,No,9,Yes,Yes,Fiber optic,No,No,Yes,No,Yes,No,Month-to-month,Yes,Electronic check,95.0,835.85,Yes
13924-PEGFL,Male,0,No,No,4,Yes,Yes,DSL,No,Yes,No,No,No,Yes,Month-to-month,No,Credit card (automatic),59.89,271.76,No
13925-LGBLA,Male,0,Yes,No,18,Yes,No,Fiber optic,Yes,No,No,No,Yes,No,Month-to-month,No,Mailed check,90.83,1630.33,No
13926-NGIBL,Female,0,Yes,No,16,Yes,No,Fiber optic,Yes,No,Yes,No,No,No,Month-to-month,Yes,Electronic check,89.55,1389.35,Yes
13927-GCFCM,Female,0,Yes,No,10,Yes,No,Fiber optic,Yes,Yes,No,No,No,Yes,Month-to-month,Yes,Bank transfer (automatic),86.48,897.81,No
13928-JMKKK,Female,0,No,No,6,Yes,No,Fiber optic,No,No,No,No,No,Yes,Month-to-month,Yes,Electronic check,83.65,494.07,Yes
13929-EOBHN,Female,0,Yes,No,11,Yes,Yes,DSL,No,Yes,No,No,No,Yes,Month-to-month,Yes,Mailed check,53.99,578.21,No
13930-HGFAH,Male,0,Yes,No,6,Yes,Yes,Fiber optic,Yes,Yes,No,No,No,No,One year,No,Credit card (automatic),84.16,412.01,Yes
13931-AHKBH,Female,0,Yes,Yes,5,Yes,No,No,No internet service,No internet service,No internet service,No internet service,No internet service,No internet service,Two year,No,Mailed check,18.0,67.2,No
13932-JLDGP,Female,0,No,No,8,Yes,No,No,No internet service,No internet service,No internet service,No internet service,No internet service,No internet service,Month-to-month,No,Mailed check,38.42,319.74,No
13933-EPHLO,Female,0,Yes,Yes,18,Yes,Yes,DSL,No,No,No,No,No,Yes,Month-to-month,No,Credit card (automatic),57.55,1062.45,No
13934-FNOEA,Female,0,No,No,20,Yes,Yes,Fiber optic,Yes,No,No,No,Yes,No,Month-to-month,Yes,Credit card (automatic),78.49,1516.37,Yes
13935-CJION,Female,0,No,No,7,No,No phone service,Fiber optic,No,No,Yes,Yes,No,No,One year,Yes,Mailed check,83.68,570.89,No
13936-IECFE,Male,0,No,Yes,58,Yes,No,DSL,Yes,Yes,Yes,No,No,No,Two year,Yes,Mailed check,75.67,4361.05,No
13937-OABLE,Female,0,Yes,Yes,6,Yes,No,Fiber optic,No,No,No,No,No,No,Two year,No,Credit card (automatic),73.07,368.2,No
13938-NILDI,Male,0,Yes,No,24,Yes,Yes,DSL,Yes,No,No,Yes,No,Yes,Month-to-month,Yes,Electronic check,47.93,1129.19,No
13939-CAFOJ,Male,0,Yes,No,1,Yes,Yes,No,No internet service,No internet service,No internet service,No internet service,No internet service,No internet service,Two year,Yes,Electronic check,18.0,0.0,No
13940-NGDJE,Male,0,Yes,No,21,Yes,Yes,Fiber optic,No,No,Yes,Yes,Yes,Yes,One year,Yes,Mailed check,70.67,1446.2,No
13941-DPCAM,Male,0,No,No,12,Yes,Yes,Fiber optic,Yes,No,No,No,No,No,Month-to-month,Yes,Electronic check,86.16,997.85,Yes
13942-PFJEP,Male,1,Yes,Yes,16,Yes,Yes,DSL,No,Yes,No,No,Yes,No,One year,No,Electronic check,61.38,1020.76,No
13943-PPKAE,Male,1,Yes,No,4,Yes,Yes,No,No internet service,No internet service,No internet service,No internet service,No internet service,No internet service,Month-to-month,Yes,Mailed check,18.0,37.72,No
13944-FJEAN,Female,0,No,No,11,No,No phone service,No,No internet service,No internet service,No internet service,No internet service,No internet service,No internet service,Month-to-month,No,Electronic check,32.93,401.26,Yes
13945-EJAKC,Male,0,Yes,No,29,Yes,Yes,No,No internet service,No internet service,No internet service,No internet service,No internet service,No internet service,Month-to-month,Yes,Bank transfer (automatic),23.16,627.27,No
13946-LMBMA,Female,0,Yes,No,29,Yes,Yes,Fiber optic,No,No,No,No,No,No,Month-to-month,Yes,Mailed check,78.63,2314.96,No
13947-DBEJA,Male,0,Yes,No,5,Yes,No,Fiber optic,No,No,No,No,No,Yes,Two year,No,Electronic check,84.22,369.46,Yes
13948-LJAKJ,Male,0,No,Yes,8,Yes,Yes,DSL,No,No,No,No,No,No,Two year,Yes,Bank transfer (automatic),75.52,566.66,Yes
13949-DGNNB,Male,0,No,Yes,0,Yes,No,DSL,No,No,Yes,No,No,No,Month-to-month,No,Mailed check,53.39,0.0,No
13950-BAEFP,Female,1,No,No,1,Yes,Yes,DSL,No,No,No,No,Yes,No,Month-to-month,No,Credit card (automatic),58.4,77.91,No
13951-MFBPL,Male,0,Yes,No,2,Yes,No,Fiber optic,No,No,No,Yes,No,No,Month-to-month,No,Mailed check,96.35,239.44,Yes
13952-LGFHF,Male,0,Yes,No,6,Yes,No,DSL,No,No,No,No,Yes,No,Two year,No,Electronic check,55.5,297.81,No
13953-IJBGE,Female,0,No,No,28,Yes,Yes,Fiber optic,No,No,No,No,No,Yes,Month-to-month,No,Electronic check,96.57,2739.63,No
13954-ACDLB,Male,0,No,No,14,Yes,Yes,Fiber optic,No,Yes,No,No,Yes,No,Two year,No,Credit card (automatic),82.83,1068.42,Yes
13955-GPACL,Male,0,No,Yes,31,Yes,Yes,No,No internet service,No internet service,No internet service,No internet service,No internet service,No internet service,Two year,Yes,Mailed check,20.51,723.11,No
13956-IKNBE,Male,0,No,No,28,Yes,Yes,No,No internet service,No internet service,No internet service,No internet service,No internet service,No internet service,One year,Yes,Credit card (automatic),18.66,459.49,No
13957-DLCEP,Female,0,Yes,Yes,17,Yes,No,Fiber optic,No,No,Yes,No,No,No,Month-to-month,No,Credit card (automatic),86.44,1457.63,Yes
13958-FABAC,Male,1,No,Yes,13,No,No phone service,No,No internet service,No internet service,No internet service,No internet service,No internet service,No internet service,Month-to-month,Yes,Electronic check,18.0,192.8,Yes
13959-HHDFL,Male,1,No,Yes,53,Yes,No,DSL,Yes,Yes,Yes,No,Yes,No,Month-to-month,Yes,Credit card (automatic),68.15,3628.19,No
13960-INGBK,Female,0,No,No,16,Yes,No,DSL,No,Yes,No,Yes,No,Yes,Month-to-month,Yes,Electronic check,52.41,799.09,No
13961-BPCHJ,Female,0,No,Yes,13,Yes,No,Fiber optic,No,Yes,No,No,No,No,Two year,No,Mailed check,90.2,1083.75,Yes
13962-OIMNC,Male,0,Yes,No,40,No,No phone service,Fiber optic,No,Yes,Yes,No,No,Yes,Month-to-month,Yes,Mailed check,89.73,3534.72,No
13963-ILLJP,Male,1,No,No,1,No,No phone service,No,No internet service,No internet service,No internet service,No internet service,No internet service,No internet service,Month-to-month,Yes,Electronic check,21.23,10.13,No
13964-LHEKJ,Male,0,No,Yes,21,Yes,Yes,Fiber optic,No,No,Yes,Yes,Yes,No,Month-to-month,No,Electronic check,67.78,1345.66,Yes
13965-CKGIL,Male,0,Yes,No,2,Yes,Yes,No,No internet service,No internet service,No internet service,No internet service,No internet service,No internet service,Two year,No,Mailed check,25.03,80.9,No
13966-FCPEG,Female,0,Yes,No,34,Yes,No,No,No internet service,No internet service,No internet service,No internet service,No internet service,No internet service,Month-to-month,Yes,Bank transfer (automatic),18.0,709.2,No
13967-HMPNL,Female,0,No,No,31,Yes,Yes,DSL,Yes,No,No,No,No,No,Two year,No,Electronic check,61.44,2002.21,No
13968-DBJPB,Female,0,Yes,Yes,14,Yes,Yes,Fiber optic,No,Yes,Yes,No,Yes,Yes,One year,Yes,Mailed check,92.75,1243.61,Yes
13969-LCHAN,Male,0,No,Yes,21,Yes,Yes,No,No internet service,No internet service,No internet service,No internet service,No internet service,No internet service,One year,No,Mailed check,20.44,332.29,No
13970-GFNBI,Female,0,Yes,No,29,Yes,No,Fiber optic,Yes,Yes,No,No,Yes,No,Two year,Yes,Bank transfer (automatic),68.9,1949.29,No
13971-MLEBC,Female,0,No,Yes,13,Yes,No,Fiber optic,No,No,Yes,Yes,Yes,No,Month-to-month,Yes,Mailed check,72.27,954.37,Yes
13972-GGJAO,Male,0,Yes,Yes,47,Yes,No,DSL,No,No,Yes,Yes,Yes,No,Month-to-month,No,Credit card (automatic),64.89,3014.29,No
13973-JNKKL,Male,0,Yes,No,11,Yes,No,Fiber optic,No,No,Yes,No,No,Yes,One year,Yes,Credit card (automatic),74.72,856.56,No
13974-DFHPC,Male,0,No,Yes,44,Yes,No,Fiber optic,No,Yes,Yes,No,Yes,No,Two year,Yes,Credit card (automatic),91.49,3969.54,No
13975-PNCHH,Male,0,No,No,17,Yes,Yes,DSL,No,No,No,No,Yes,No,Month-to-month,Yes,Electronic check,50.08,874.99,Yes
13976-HAHHB,Male,0,Yes,No,11,Yes,Yes,No,No internet service,No internet service,No internet service,No internet service,No internet service,No internet service,Month-to-month,Yes,Mailed check,23.36,233.81,No
13977-LIGHP,Male,0,Yes,No,0,Yes,Yes,No,No internet service,No internet service,No internet service,No internet service,No internet service,No internet service,Month-to-month,No,Mailed check,20.97,0.0,No
13978-BPPPD,Female,0,No,No,7,No,No phone service,No,No internet service,No internet service,No internet service,No internet service,No internet service,No internet service,Two year,No,Credit card (automatic),18.18,137.55,No
13979-GFGAH,Male,0,No,No,40,Yes,No,No,No internet service,No internet service,No internet service,No internet service,No internet service,No internet service,Two year,No,Mailed check,24.24,1034.57,No
13980-MGMDA,Male,0,No,No,11,Yes,No,DSL,Yes,No,Yes,No,No,Yes,Month-to-month,No,Mailed check,63.9,656.98,Yes
13981-OHJGH,Female,1,No,No,10,Yes,Yes,Fiber optic,No,No,Yes,No,Yes,No,Month-to-month,No,Bank transfer (automatic),79.28,781.65,No
13982-JAEIP,Female,0,Yes,Yes,13,Yes,Yes,DSL,No,No,Yes,No,No,Yes,Month-to-month,No,Electronic check,56.29,683.05,No
13983-EMNNJ,Female,0,No,No,6,Yes,Yes,No,No internet service,No internet service,No internet service,No internet service,No internet service,No internet service,One year,Yes,Mailed check,18.0,144.97,No
13984-LCIMP,Female,1,No,No,13,Yes,Yes,No,No internet service,No internet service,No internet service,No internet service,No internet service,No internet service,Two year,Yes,Electronic check,26.42,378.03,No
13985-IDPDK,Female,0,No,No,9,No,No phone service,DSL,Yes,No,Yes,No,Yes,No,Two year,Yes,Electronic check,62.99,552.99,Yes
13986-HGKEF,Male,0,No,No,48,Yes,Yes,Fiber optic,No,No,No,No,No,No,Two year,Yes,Electronic check,80.36,3832.21,No
13987-OCNOF,Male,0,No,No,16,Yes,No,DSL,No,Yes,Yes,No,No,No,Month-to-month,No,Electronic check,58.8,973.96,Yes
13988-MHJPN,Female,1,No,Yes,35,Yes,No,Fiber optic,No,Yes,Yes,Yes,No,Yes,Two year,Yes,Electronic check,93.84,3272.46,No
13989-PMKIC,Female,0,No,Yes,23,Yes,Yes,Fiber optic,Yes,Yes,No,No,No,No,Two year,Yes,Bank transfer (automatic),78.76,1858.0,No
13990-HLCBE,Female,0,No,Yes,4,Yes,No,No,No internet service,No internet service,No internet service,No internet service,No internet service,No internet service,Month-to-month,Yes,Credit card (automatic),18.0,67.54,No
13991-NDMEF,Female,0,No,Yes,40,Yes,No,DSL,No,Yes,Yes,No,No,No,One year,Yes,Bank transfer (automatic),56.36,2289.12,No
13992-OCAOD,Male,1,No,No,1,Yes,No,DSL,Yes,No,No,No,Yes,No,Month-to-month,No,Electronic check,44.32,62.44,Yes
13993-FBBAI,Female,0,No,No,11,Yes,Yes,DSL,Yes,No,Yes,Yes,Yes,No,One year,No,Electronic check,58.36,628.7,No
13994-CBDPF,Female,0,Yes,No,5,Yes,Yes,DSL,Yes,Yes,No,Yes,Yes,No,Two year,Yes,Mailed check,57.6,174.21,No
13995-AIIHF,Male,0,Yes,No,15,Yes,Yes,Fiber optic,No,Yes,No,No,Yes,No,Month-to-month,Yes,Credit card (automatic),95.06,1432.63,No
13996-DBPHG,Male,0,No,No,7,Yes,Yes,DSL,No,No,Yes,No,Yes,Yes,Two year,No,Electronic check,67.42,392.67,Yes
13997-LNDCO,Male,0,No,No,25,Yes,Yes,Fiber optic,No,Yes,No,No,Yes,Yes,One year,No,Mailed check,80.28,2073.55,No
13998-FOOAB,Female,0,Yes,No,55,Yes,No,Fiber optic,No,No,No,No,No,No,Two year,Yes,Mailed check,86.04,4687.49,No
13999-GKCNM,Female,0,Yes,No,24,Yes,No,Fiber optic,No,Yes,No,No,No,Yes,Month-to-month,Yes,Credit card (automatic),84.29,2026.19,No
14000-PABJJ,Male,0,Yes,Yes,8,Yes,No,No,No internet service,No internet service,No internet service,No internet service,No internet service,No internet service,One year,No,Mailed check,22.77,102.01,No
14001-PNIGG,Female,0,Yes,No,18,Yes,No,Fiber optic,No,No,No,No,No,Yes,Month-to-month,No,Bank transfer (automatic),74.79,1226.19,Yes
14002-NJHOL,Female,0,Yes,No,43,Yes,No,DSL,No,No,No,No,No,Yes,Month-to-month,Yes,Electronic check,60.56,2564.99,No
14003-LHPIB,Male,0,No,No,6,Yes,No,DSL,Yes,No,Yes,No,No,No,Month-to-month,Yes,Electronic check,61.66,412.11,No
14004-NHHMP,Male,1,No,No,2,Yes,No,No,No internet service,No internet service,No internet service,No internet service,No internet service,No internet service,Month-to-month,No,Bank transfer (automatic),18.0,0.0,No
14005-EEDNE,Male,0,No,Yes,2,Yes,No,Fiber optic,No,Yes,No,No,No,No,Two year,No,Bank transfer (automatic),68.73,150.05,No
14006-BBEKM,Female,0,Yes,Yes,13,No,No phone service,Fiber optic,Yes,Yes,No,No,No,Yes,Month-to-month,Yes,Credit card (automatic),80.04,1031.78,No
14007-CAIBN,Male,0,No,Yes,26,Yes,No,No,No internet service,No internet service,No internet service,No internet service,No internet service,No internet service,Month-to-month,No,Bank transfer (automatic),18.0,478.5,Yes
14008-LNJBN,Female,0,No,No,21,Yes,No,DSL,Yes,No,No,No,No,No,Month-to-month,Yes,Electronic check,54.19,1140.35,No
14009-DBGOL,Female,0,Yes,No,12,Yes,No,Fiber optic,No,Yes,No,No,Yes,Yes,Month-to-month,Yes,Mailed check,83.55,973.33,No
14010-JOAKB,Female,0,Yes,Yes,26,Yes,Yes,Fiber optic,Yes,No,No,No,Yes,Yes,Month-to-month,Yes,Bank transfer (automatic),73.33,1932.12,Yes
14011-KEOBI,Male,0,No,Yes,20,Yes,No,No,No internet service,No internet service,No internet service,No internet service,No internet service,No internet service,Two year,No,Bank transfer (automatic),21.4,436.36,No
14012-DIKLA,Male,0,No,No,19,Yes,No,No,No internet service,No internet service,No internet service,No internet service,No internet service,No internet service,One year,No,Credit card (automatic),26.59,525.35,Yes
14013-AANPD,Male,0,No,No,4,Yes,No,Fiber optic,No,No,No,No,Yes,No,Two year,Yes,Electronic check,80.54,299.69,No
14014-IHGOA,Female,0,Yes,No,7,Yes,No,No,No internet service,No internet service,No internet service,No internet service,No internet service,No internet service,Two year,Yes,Bank transfer (automatic),18.67,109.45,No
14015-CIOIE,Male,0,No,Yes,8,No,No phone service,DSL,No,No,Yes,No,No,No,One year,No,Electronic check,54.61,470.27,Yes
14016-PLMPP,Male,0,Yes,No,33,Yes,No,DSL,No,No,No,No,No,Yes,Two year,Yes,Electronic check,66.04,2249.23,No
14017-FKPMF,Female,1,No,No,29,Yes,Yes,DSL,Yes,No,No,No,No,Yes,Two year,Yes,Electronic check,50.42,1462.56,No
14018-JDAEM,Female,0,No,No,5,Yes,No,DSL,Yes,Yes,Yes,Yes,Yes,Yes,Month-to-month,No,Bank transfer (automatic),57.33,231.09,No
14019-AAKEE,Male,0,Yes,No,1,Yes,No,Fiber optic,No,No,No,Yes,No,No,Two year,No,Credit card (automatic),89.67,74.71,No
14020-GPBOF,Male,1,Yes,No,29,Yes,No,DSL,No,Yes,No,No,No,No,Month-to-month,Yes,Electronic check,51.93,1519.88,No
14021-BOMJE,Female,0,Yes,No,10,Yes,Yes,Fiber optic,No,Yes,Yes,Yes,No,Yes,Month-to-month,Yes,Credit card (automatic),76.87,792.58,No
14022-DKJEB,Female,0,Yes,Yes,4,Yes,No,Fiber optic,No,No,No,Yes,No,No,One year,Yes,Electronic check,84.0,279.09,Yes
14023-HHFCD,Female,0,Yes,No,2,Yes,No,DSL,No,No,Yes,No,No,Yes,Month-to-month,Yes,Mailed check,37.18,37.73,No
14024-APIJE,Male,0,No,No,0,Yes,No,Fiber optic,No,No,No,No,No,No,Month-to-month,Yes,Bank transfer (automatic),87.13,0.0,No
14025-NHCDD,Male,0,No,No,11,Yes,Yes,Fiber optic,Yes,No,No,No,Yes,Yes,Two year,Yes,Mailed check,77.78,929.22,No
14026-PHOLI,Female,0,No,Yes,8,Yes,No,Fiber optic,No,No,No,Yes,No,No,Month-to-month,Yes,Electronic check,79.3,546.97,Yes
14027-CGIBD,Male,0,No,No,23,Yes,No,Fiber optic,No,No,Yes,No,No,Yes,Month-to-month,Yes,Credit card (automatic),101.82,2378.31,Yes
14028-CHDIA,Male,0,No,No,72,Yes,No,DSL,No,No,Yes,Yes,No,Yes,Two year,No,Bank transfer (automatic),56.8,4004.25,No
14029-ADCCJ,Male,0,No,Yes,4,Yes,No,No,No internet service,No internet service,No internet service,No internet service,No internet service,No internet service,Month-to-month,No,Credit card (automatic),18.0,62.54,No
14030-LBNJJ,Female,0,Yes,No,5,Yes,No,DSL,No,No,No,No,No,Yes,Month-to-month,No,Credit card (automatic),53.36,306.54,No
14031-BHANO,Male,0,No,No,8,Yes,No,Fiber optic,No,No,Yes,No,Yes,No,Two year,Yes,Credit card (automatic),89.76,656.82,No
14032-HJCBI,Female,0,Yes,Yes,12,Yes,No,No,No internet service,No internet service,No internet service,No internet service,No internet service,No internet service,Two year,Yes,Mailed check,19.48,193.86,No
14033-PEONE,Male,0,Yes,No,23,Yes,No,DSL,No,No,No,Yes,Yes,No,Month-to-month,No,Credit card (automatic),45.91,1100.75,No
14034-MFDGP,Female,0,No,No,8,Yes,No,DSL,No,No,Yes,No,No,Yes,Month-to-month,Yes,Credit card (automatic),53.68,475.84,Yes
14035-GKIFP,Female,0,No,No,2,Yes,No,Fiber optic,No,No,Yes,Yes,No,Yes,Two year,No,Electronic check,85.56,165.79,No
14036-MAILM,Male,0,No,No,26,Yes,Yes,No,No internet service,No internet service,No internet service,No internet service,No internet service,No internet service,Month-to-month,Yes,Credit card (automatic),24.52,639.69,Yes
14037-JIEGA,Male,0,Yes,No,31,Yes,No,DSL,Yes,No,No,No,No,No,One year,No,Bank transfer (automatic),63.26,2043.49,No
14038-DLJDP,Female,1,Yes,No,5,Yes,No,No,No internet service,No internet service,No internet service,No internet service,No internet service,No internet service,Month-to-month,No,Bank transfer (automatic),18.0,170.26,Yes
14039-EFDFJ,Female,1,No,Yes,2,Yes,Yes,DSL,No,No,Yes,No,No,No,One year,No,Electronic check,60.41,188.88,No
14040-GCIHA,Male,0,Yes,No,15,Yes,No,No,No internet service,No internet service,No internet service,No internet service,No internet service,No internet service,Month-to-month,No,Electronic check,18.61,210.12,No
14041-MBBJI,Female,0,Yes,No,4,Yes,No,DSL,No,No,Yes,No,No,No,One year,No,Bank transfer (automatic),54.59,256.58,No
14042-LIIAG,Female,0,Yes,No,9,Yes,Yes,Fiber optic,No,No,No,Yes,No,No,Month-to-month,Yes,Electronic check,74.99,669.0,Yes
